"objectid","CNN","STREET1","STREET2","DETECTION","STREET3","SUP_DIST","STREET4","SIG_NUM","TYPE","IC_MAKE","MODEL","CABINET_SI","SYSTEM_NUM","MASTER","BBS","VEH_ACTUAT","PED_SIGNAL","PED_ACTUAT","TBC","INTERCONNE","PREEMPT_PR","D_ATE2070","PROJECT_NE","PROJECT_OL","UPGRADED","YR_OF_CONT","LAST_UPGRA","NEW_SIGNAL","MOD_PROJEC","FULL_UPGRA","BEACON_FLA","FUNDING","RLCAM","STARTYEAR","CALTRANS_R","CALTRANS","PERCENT_C","SF","PERCENT_SF","PERCENT_PO","LAMP_ASSGN","LAMP_SORT","SORT_ME","APS","shape","data_as_of","data_loaded_at","analysis_neighborhood","supervisor_district"
"15524","12727000","BUCHANAN","TURK",,,"5",,"9228500","PENDING BEACON - FLASHER",,,"STD","FLASHER",,,,"n.a.",,,,,,,,,,,,,,,,,"1955",,,"0",,"0","0","77",,,,"POINT (-122.428824511 37.78091907)","2024 May 28 03:16:47 PM","2024 May 28 03:16:47 PM","Western Addition","5"
"15896","22586000","GRANADA","OCEAN",,,"7,11",,"0","FUTURE BEACON",,,,,,,,,,,,,,,,,,,,,,,,,"0",,,"0",,"0","0",,,,,"POINT (-122.457155786 37.724096747)","2024 May 28 03:16:47 PM","2024 May 28 03:16:47 PM","Oceanview/Merced/Ingleside","11"
"15530","25373000","KEARNY","LOMBARD",,"TELEGRAPH HILL","3",,"0","MESSAGE SIGN",,,"N/A","COIT TOWER",,,,"n.a.",,,,,,,,,,,,,,,,,"1998",,,"0",,"0","0","decide",,,,"POINT (-122.406582113 37.803632005)","2024 May 28 03:16:47 PM","2024 May 28 03:16:47 PM","North Beach","3"
"15875","27207000","TURK","WILLARD NORTH",,,"1",,"0","PENDING BEACON",,,,,,,,,,,,,,,,,,,,,,,,,"0",,,"0",,"0","0",,,,,"POINT (-122.456863368 37.777401924)","2024 May 28 03:16:47 PM","2024 May 28 03:16:47 PM","Lone Mountain/USF","1"
"14849","24462000","MCALLISTER","POLK","OPTICOM",,"5",,"9483500","SIGNAL","MCCAIN","2070-TS2-1","MSF","78",,,,"ALL",,"GPS","PROXIM","FIRE PREEMPT","1343952000000",,,,,,,,,,,,"1948",,,"0",,"0","0","64",,,"APS ENAV 4WIRE POLK (8)","POINT (-122.418598509 37.780260133)","2024 May 28 03:15:57 PM","2024 May 28 03:15:57 PM","Tenderloin","5"
"15526","12552101","EMBARCADERO","MIDBLOCK",,"HOWARD","6","MISSION","0","BEACON",,,"N/A","BALLPARK",,,,"n.a.",,,,,,,,,,,,,,,,,"2000",,,"0",,"0","0","decide",,,,"POINT (-122.391706062 37.792884418)","2024 May 28 03:16:47 PM","2024 May 28 03:16:47 PM","Financial District/South Beach","6"
"15340","24644000","KEARNY","POST",,,"3",,"9448500","SIGNAL","EAGLE","2070-TS2-1","MSF","78",,,,"ALL",,"GPS",,,"1282003200000",,,,,,,,,,,,"1954",,,"0",,"0","0","66",,,,"POINT (-122.403660677 37.78889443)","2024 May 28 03:15:57 PM","2024 May 28 03:15:57 PM","Financial District/South Beach","3"
"15478","7832201","KING","MIDBLOCK","VETAG","02ND ST","6","03RD ST","9451000","SIGNAL","ECONOLITE","2070-TS2-1","2070-MSF-XXXX","09",,,,"ALL","YES","GPS","FIBER","TSP","1135036800000",,,,,,,,,,,,"1997",,,"0",,"0","0","23",,,,"POINT (-122.390614134 37.779046593)","2024 May 28 03:16:47 PM","2024 May 28 03:16:47 PM","Mission Bay","6"
"15612","33713000","BROTHERHOOD","CHURCH ACCESS (999)",,,"7",,"9220700","SIGNAL","ECONOLITE","2070-TS2-1","MSF","ISOLATED",,,"WIRELESS","ALL","YES",,,,"1243382400000",,,,,,,,,,,,"2009",,,"0",,"0","0","01",,,,"POINT (-122.480301512 37.714539616)","2024 May 28 03:16:47 PM","2024 May 28 03:16:47 PM","Lakeshore","7"
"15459","25226000","PINE","VAN NESS","OPTICOM",,"2,3",,"9516000","SIGNAL","MCCAIN","2070-TS2-1","352i-ATC","49E",,"2003 CANDIDATE",,"ALL",,"GPS","12C","TSP,FIRE PREEMPT","1341878400000",,,,,,,,,,,,"1948","101(b)",,"50","X","50","0","80",,,"APS iNS 2WIRE VAN NESS (8)","POINT (-122.422135209 37.789412062)","2024 May 28 03:16:47 PM","2024 May 28 03:16:47 PM","Western Addition","3"
"15820","21510000","MISSION","OTTAWA",,,"11",,"0","BEACON - RRFB","JSF","AB-9X07",,"BEACON",,,,"n.a.","YES",,,,,,,,,,,,,,,,"2020",,,"0",,"0","0",,,,,"POINT (-122.443706032 37.713591511)","2024 May 28 03:16:47 PM","2024 May 28 03:16:47 PM","Excelsior","11"
"15195","26031000","DIVISADERO","OAK",,,"5",,"9301500","SIGNAL","ECONOLITE","2070-TS2-TYPE-1","2070-MSF-TS2-TYPE-1","16",,,,"ALL",,"GPS","FIBER",,"1012262400000",,,,,,,,,,,"FUTURE","1955",,,"0",,"0","0","58",,,,"POINT (-122.43742294 37.773133493)","2024 May 28 03:15:57 PM","2024 May 28 03:15:57 PM","Hayes Valley","5"
"14568","33269000","03RD ST","MENDELL","VETAG","PALOU","10",,"9023000","SIGNAL",,"2070-TS2-TYPE-1","2070-MSF-TS2-TYPE-1","28",,,"VIDEO","ALL",,"GPS","FIBER","TSP","1103155200000",,,,,,,,,,,,"1948",,,"0",,"0","0","75",,,"APS 2WIRE PH1 (10)","POINT (-122.39096789 37.734013872)","2024 May 28 03:15:57 PM","2024 May 28 03:15:57 PM","Bayview Hunters Point","10"
"15053","24145000","19TH ST","MISSION","OPTICOM",,"9",,"0","SIGNAL","MCCAIN","2070-TS2-1","MSF65-ATC","64",,,,"ALL",,"GPS","PROXIM","TSP,FIRE PREEMPT","1194480000000",,,,,,,,,,,,"1953",,,"0",,"0","0","53",,,"APS iNS 3WIRE IN-HOUSE (9)","POINT (-122.419206043 37.760235355)","2024 May 28 03:15:57 PM","2024 May 28 03:15:57 PM","Mission","9"
"14517","21768000","EXCELSIOR","MISSION","OPTICOM",,"11",,"9336500","SIGNAL","MCCAIN","2070-TS2-1","MSF","26",,,,"ALL",,"GPS","PROXIM","TSP,FIRE PREEMPT","1364860800000",,,,,,,,,,,,"1951",,,"0",,"0","0","54",,,,"POINT (-122.433623591 37.726236244)","2024 May 28 03:15:57 PM","2024 May 28 03:15:57 PM","Excelsior","11"
"15079","26199000","CARMEL","CLAYTON",,"TWIN PEAKS","8",,"9261500","SIGNAL","MCCAIN","2070-TS2-1","MSF","18",,,,"ALL",,"GPS",,,"1313020800000",,,,,,,,,,,,"1969",,,"0",,"0","0","49",,,,"POINT (-122.446433637 37.761006719)","2024 May 28 03:15:57 PM","2024 May 28 03:15:57 PM","Castro/Upper Market","8"
"15336","25090000","JONES","PINE",,,"3",,"9444500","SIGNAL","EAGLE","2070-TS2-TYPE-1","2070-MSF-TS2-TYPE-1","78",,,,"ALL",,"GPS",,,"1015459200000",,,,,,,,,,,,"1949",,,"0",,"0","0","63",,,,"POINT (-122.413915879 37.790463115)","2024 May 28 03:15:57 PM","2024 May 28 03:15:57 PM","Nob Hill","3"
"15199","26302000","PARNASSUS","STANYAN",,,"8",,"9511000","SIGNAL","MCCAIN","2070-TS2-1","G","17",,,,"NONE",,"GPS",,,"1576022400000",,,,,,,,,,,,"1974",,,"0",,"0","0","72",,,,"POINT (-122.452569354 37.764509361)","2024 May 28 03:15:57 PM","2024 May 28 03:15:57 PM","Inner Sunset","8"
"14438","20502000","03RD ST","THOMAS","VETAG","THORNTON","10",,"9025800","SIGNAL",,"2070-TS2-TYPE-1","2070-MSF-TS2-TYPE-1","28",,,"VIDEO","ALL","YES","GPS",,"TSP,TRANSIT PREEMPT","1107993600000",,,,,,,,,,,,"2005",,,"0",,"0","0","75",,,"APS 2WIRE PH1 (8)","POINT (-122.392072955 37.730855183)","2024 May 28 03:15:57 PM","2024 May 28 03:15:57 PM","Bayview Hunters Point","10"
"15157","27839000","29TH AVE","GEARY","OPTICOM",,"1",,"0","SIGNAL","MCCAIN","2070-TS2-1","MSF","69",,,,"ALL",,"GPS","PROXIM","TSP,FIRE PREEMPT","1364947200000",,,,,,,,,,,,"1959",,,"0",,"0","0","31",,,,"POINT (-122.489013493 37.779890575)","2024 May 28 03:15:57 PM","2024 May 28 03:15:57 PM","Outer Richmond","1"
"14924","25111000","BROADWAY","POWELL","FH BUTTON",,"3",,"9214000","SIGNAL","MCCAIN","2070-TS2-1","MSF","07A",,"2003 CANDIDATE",,"ALL",,"GPS",,"FIRE PREEMPT","1348790400000",,,,,,,,,,,,"1952",,,"0",,"0","0","06",,,,"POINT (-122.410263525 37.797420186)","2024 May 28 03:15:57 PM","2024 May 28 03:15:57 PM","Chinatown","3"
"15071","33570000","ARGENT","MARKET",,,"8",,"9171000","SIGNAL","MCCAIN","2070-TS2-1","MSF","21",,,,"n.a.",,"GPS",,,"1445904000000",,,,,,,,,,,,"1985",,,"0",,"0","0","49",,,,"POINT (-122.44272886 37.752563699)","2024 May 28 03:15:57 PM","2024 May 28 03:15:57 PM","Twin Peaks","8"
"14646","24679000","BUSH","SANSOME","OPTICOM",,"3",,"9239000","SIGNAL","MCCAIN","2070-TS2-1","MSF","78",,,,"ALL",,"GPS","PROXIM","FIRE PREEMPT","1459296000000",,,,,,,,,,,,"1949",,,"0",,"0","0","08",,,"APS iNS 3WIRE IN-HOUSE (8)","POINT (-122.400744022 37.791177173)","2024 May 28 03:15:57 PM","2024 May 28 03:15:57 PM","Financial District/South Beach","3"
"14723","24627000","04TH ST","HOWARD","OPTICOM",,"6",,"9030500","SIGNAL","MCCAIN","2070-TS2-1","ITS 340","75",,,,"ALL",,"GPS","FIBER_HUB","FIRE PREEMPT","1046131200000",,,,,,,,,,,,"1956",,,"0",,"0","0","41",,,"APS ENAV 4WIRE (8)","POINT (-122.402708154 37.783259236)","2024 May 28 03:15:57 PM","2024 May 28 03:15:57 PM","Financial District/South Beach","6"
"14952","21296000","26TH ST","SOUTH VAN NESS","OPTICOM",,"9",,"9148000","SIGNAL","MCCAIN","2070-TS2-1","MSF65-ATC","24",,,,"ALL",,"GPS",,"FIRE PREEMPT","1513209600000",,,,,,,,,,,,"1978",,,"0",,"0","0","71",,,"APS iNS 2WIRE WALKFIRST PCS (8)","POINT (-122.415954642 37.749172183)","2024 May 28 03:15:57 PM","2024 May 28 03:15:57 PM","Mission","9"
"14469","23079000","19TH AVE","OCEAN",,,"4,7",,"9107500","SIGNAL","ECONOLITE","2070-TS2-1","332","61",,,"WIRELESS","ALL","YES","GPS","FIBER",,"1249516800000",,,,,,,,,,,,"1946","1(a)",,"50","X","50","0","56",,,"APS ENAV 2WIRE 19thAV (12)","POINT (-122.474954621 37.732456138)","2024 May 28 03:15:57 PM","2024 May 28 03:15:57 PM","West of Twin Peaks","7"
"15309","23535000","03RD ST","CESAR CHAVEZ","VETAG",,"10",,"9014500","SIGNAL","ECONOLITE","2070-TS2-1","2070-MSF-TS2-TYPE-1","28",,,"VIDEO","ALL","YES","GPS","FIBER_HUB","TSP","1132617600000",,,,,,,,,,,,"1950",,,"0",,"0","0","75",,,,"POINT (-122.38758527 37.750263378)","2024 May 28 03:15:57 PM","2024 May 28 03:15:57 PM","Bayview Hunters Point","10"
"15114","27372000","19TH AVE","IRVING","OPTICOM",,"4,7",,"9104000","SIGNAL","ECONOLITE","2070-TS2-1","332","36",,,,"ALL",,"GPS","FIBER","FIRE PREEMPT","1236211200000",,,,,,,,,,,,"1946","1(a)",,"50","X","50","0","56",,,"APS ENAV 2WIRE 19thAV (8)","POINT (-122.477174111 37.763559498)","2024 May 28 03:15:57 PM","2024 May 28 03:15:57 PM","Sunset/Parkside","4"
"15129","26433000","STANYAN","WALLER",,,"5,8",,"9534000","SIGNAL","MCCAIN","2070-TS2-1","G","17",,,,"NONE",,"GPS",,,"1572998400000",,,,,,,,,,,,"1956",,,"0",,"0","0","72",,,,"POINT (-122.453352288 37.768246025)","2024 May 28 03:15:57 PM","2024 May 28 03:15:57 PM","Golden Gate Park","5"
"15102","27881000","43RD AVE","FULTON","OPTICOM",,"1",,"9157000","SIGNAL","MCCAIN","2070-TS2-1","MSF","55",,,"WIRELESS","ALL","YES","GPS",,"TSP,FIRE PREEMPT","1288310400000",,,,,,,,,,,,"1972",,,"0",,"0","0","30",,,"APS ENAV 2WIRE CT34 (8)","POINT (-122.503472691 37.77168938)","2024 May 28 03:15:57 PM","2024 May 28 03:15:57 PM","Outer Richmond","1"
"15270","24547000","HOWARD","SPEAR",,,"6",,"9430500","SIGNAL","MCCAIN","2070-TS2-1","MSF","74",,,,"ALL",,"GPS","FIBER",,"1340064000000",,,,,,,,,,,,"1993",,,"0",,"0","0","41",,,,"POINT (-122.392524623 37.791310971)","2024 May 28 03:15:57 PM","2024 May 28 03:15:57 PM","Financial District/South Beach","6"
"15352","26686000","UNION","VAN NESS","OPTICOM,KEY SWITCH",,"2,3",,"9541000","SIGNAL","MCCAIN","2070-TS2-1","352i-ATC","13",,,,"ALL",,"GPS","FIBER","FIRE PREEMPT,TRANSIT PREEMPT","1478908800000",,,,,,,,,,,,"1948","101(b)",,"50","X","50","0","80",,,"APS iNS 2WIRE VAN NESS (11)","POINT (-122.423982145 37.798552454)","2024 May 28 03:15:57 PM","2024 May 28 03:15:57 PM","Russian Hill","3"
"14474","33512000","LAKE MERCED","WINSTON",,,"4,7",,"9457500","SIGNAL","ECONOLITE","2070-TS2-1","MSF-TS2-1?????","39",,,"LOOPS","ALL","YES","GPS",,"TSP-Planned","1107907200000",,,,,,,,,,,,"1974",,,"0",,"0","0","44",,,"APS ENAV 2WIRE PCS3 (5)","POINT (-122.483864396 37.727019523)","2024 May 28 03:15:57 PM","2024 May 28 03:15:57 PM","Lakeshore","7"
"14806","26604000","PINE","WEBSTER",,,"2,5",,"9516500","SIGNAL","EAGLE","2070-TS2-1","2070-MSF-","73",,,,"ALL",,"GPS","PROXIM",,"1019001600000",,,,,,,,,,,,"1949",,,"0",,"0","0","63",,,,"POINT (-122.432003325 37.788159075)","2024 May 28 03:15:57 PM","2024 May 28 03:15:57 PM","Pacific Heights","2"
"15334","25206000","LARKIN","PINE",,,"3",,"9460000","SIGNAL","EAGLE","2070-TS2-1","MSF-TS2-1?????","78",,,,"ALL",,"GPS",,,"1015286400000",,,,,,,,,,,,"1949",,,"0",,"0","0","45",,,,"POINT (-122.418842653 37.789829935)","2024 May 28 03:15:57 PM","2024 May 28 03:15:57 PM","Nob Hill","3"
"15617","26056000","DIVISADERO","GROVE","OPTICOM",,"5",,"9298700","SIGNAL","MCCAIN","2070-TS2-1","MSF","71",,,,"ALL",,"GPS","WIRELESS","TSP,FIRE PREEMPT","1333670400000",,,,,,,,,,,,"2012",,,"0",,"0","0","20",,,,"POINT (-122.437989848 37.775925406)","2024 May 28 03:16:47 PM","2024 May 28 03:16:47 PM","Hayes Valley","5"
"15710","54239000","GIRARD","GORGAS",,"US-101 S OFF RAMP","2",,"0","CALTRANS (BY CONTRACTOR CONSORTIUM GLC)",,,,"CALTRANS",,,,"ALL","YES",,,,,,,,,,,,,,,,"2015","101","X","100",,"0","0","not ours",,,"APS CAMPBELL","POINT (-122.4522212 37.802761292)","2024 May 28 03:16:47 PM","2024 May 28 03:16:47 PM","Presidio","2"
"15640","3241201","BROTHERHOOD","SUMMIT",,,"7",,"9221800","SIGNAL","MCCAIN","2070-TS2-1","MSF","40",,,"WIRELESS","ALL","YES","GPS",,,"1412035200000",,,,,,,,,,,,"2014",,,"0",,"0","0","01",,,"APS ENAV 2WIRE (4)","POINT (-122.474491078 37.713718833)","2024 May 28 03:16:47 PM","2024 May 28 03:16:47 PM","Lakeshore","7"
"15705","54065000","GENEVA","STONERIDGE","OPTICOM",,"10,11",,"9393300","SIGNAL","MCCAIN","2070-TS2-1","MSF","70",,,,"ALL","YES","GPS","PROXIM","TSP,FIRE PREEMPT","1552521600000",,,,,,,,,,,,"2019",,,"0",,"0","0","33",,,"APS ENAV 2WIRE WF NEW (2)","POINT (-122.426201909 37.710921035)","2024 May 28 03:16:47 PM","2024 May 28 03:16:47 PM","Excelsior","11"
"15784","23277000","28TH AVE","TARAVAL",,,"4",,"0","PENDING SIGNAL",,,,,,,,"PENDING",,,,,,,,,,,,,,,,,"0",,,"0",,"0","0","87",,,,"POINT (-122.485335463 37.742625973)","2024 May 28 03:16:47 PM","2024 May 28 03:16:47 PM","Sunset/Parkside","4"
"14894","25384000","BAY","KEARNY","OPTICOM",,"3",,"9191000","SIGNAL","ECONOLITE","2070-TS2-1","G","09",,,,"ALL",,"GPS","PROXIM","TSP,FIRE PREEMPT","1326326400000",,,,,,,,,,,,"1985",,,"0",,"0","0","03",,,"APS iNS 3WIRE IN-HOUSE (11)","POINT (-122.407146282 37.806427814)","2024 May 28 03:15:57 PM","2024 May 28 03:15:57 PM","North Beach","3"
"15739","26340000","CENTRAL","HAIGHT","OPTICOM",,"5",,"0","SIGNAL","MCCAIN","2070-TS2-1","MSF65-ATC","20",,,,"ALL",,"GPS",,"TSP,FIRE PREEMPT","1620777600000",,,,,,,,,,,,"2021",,,"0",,"0","0","38",,,"APS iNS 2WIRE UPPER HAIGHT (8)","POINT (-122.443649086 37.770426371)","2024 May 28 03:16:47 PM","2024 May 28 03:16:47 PM","Haight Ashbury","5"
"15862","32890000","39TH AVE","SKYLINE",,"SLOAT","4,7",,"0","PENDING SIGNAL",,,,"ISOLATED",,,,"PENDING",,,,,,,,,,,,,,,,,"0",,,"0",,"0","0",,,,"PENDING","POINT (-122.496635997 37.733770844)","2024 May 28 03:16:47 PM","2024 May 28 03:16:47 PM","Sunset/Parkside","4"
"15222","26943000","CALIFORNIA","SPRUCE","OPTICOM",,"2",,"9256000","SIGNAL","MCCAIN","2070-TS2-1","MSF","14",,,,"ALL",,"GPS","PROXIM","TSP,FIRE PREEMPT","1438732800000",,,,,,,,,,,,"1974",,,"0",,"0","0","11",,,"APS ENAV 2WIRE LAUREL VILLAGE (8)","POINT (-122.453406647 37.786417731)","2024 May 28 03:15:57 PM","2024 May 28 03:15:57 PM","Presidio Heights","2"
"14687","24923000","JONES","TURK",,,"5",,"9446000","SIGNAL","MCCAIN","2070-TS2-1","G","78",,,,"ALL",,"GPS",,,"1462233600000",,,,,,,,,,,,"1955",,,"0",,"0","0","77",,,"APS 4WIRE PH2 (8)","POINT (-122.412411747 37.783004079)","2024 May 28 03:15:57 PM","2024 May 28 03:15:57 PM","Tenderloin","5"
"15444","26077000","DIVISADERO","TURK","OVERHEAD CONTACT PAN",,"5",,"9304500","SIGNAL","ECONOLITE","2070-TS2-1","G","71",,,,"FUTURE",,"GPS",,"ACTUATED TRANSIT PHASE","1313539200000",,,,,,,,,,,,"1955",,,"0",,"0","0","77",,,"FUTURE","POINT (-122.438740183 37.77965963)","2024 May 28 03:16:47 PM","2024 May 28 03:16:47 PM","Western Addition","5"
"14635","24662000","GRANT","SUTTER","OPTICOM",,"3",,"9413500","SIGNAL","MCCAIN","2070-TS2-1","MSF","78",,,,"ALL",,"GPS","PROXIM","TSP,FIRE PREEMPT","1426550400000",,,,,,,,,,,,"1957",,,"0",,"0","0","74",,,,"POINT (-122.405398674 37.789631598)","2024 May 28 03:15:57 PM","2024 May 28 03:15:57 PM","Financial District/South Beach","3"
"14991","24119000","21ST ST","VALENCIA",,,"9",,"9125000","SIGNAL","ECONOLITE","2070-TS2-1","G","22",,,,"ALL",,"GPS",,,"1315872000000",,,,,,,,,,,,"1975",,,"0",,"0","0","79",,,,"POINT (-122.42111754 37.756902009)","2024 May 28 03:15:57 PM","2024 May 28 03:15:57 PM","Mission","9"
"15848","21351000","28TH ST","GUERRERO",,,"8,9",,"0","PENDING SIGNAL",,,,"24",,,,"PENDING",,,,,,,,,,,,,,,,,"0",,,"0",,"0","0","37",,,"PENDING","POINT (-122.422218291 37.745578814)","2024 May 28 03:16:47 PM","2024 May 28 03:16:47 PM","Noe Valley","9"
"15770","23788000","16TH ST","CONNECTICUT","OPTICOM",,"6,10",,"0","SIGNAL","MCCAIN","2070-TS2-1","MSF65-ATC","76",,,"WIRELESS","ALL","YES","GPS","FIBER","TSP,FIRE PREEMPT","1590969600000",,,,,,,,,,,,"2020",,,"0",,"0","0","15",,,"APS ENAV 2WIRE 16TH ST (6)","POINT (-122.397863386 37.766369339)","2024 May 28 03:16:47 PM","2024 May 28 03:16:47 PM","Mission Bay","6"
"15066","22433000","EVELYN","PORTOLA",,,"7",,"9336000","SIGNAL","PEEK","2070-TS2-1","G","33",,,"WIRELESS","ALL",,"GPS",,,,,,,,,,,,,,,"1990",,,"0",,"0","0","65",,,,"POINT (-122.454204901 37.743984661)","2024 May 28 03:15:57 PM","2024 May 28 03:15:57 PM","West of Twin Peaks","7"
"15432","26446000","HAYES","STANYAN","OPTICOm",,"1,5",,"9426500","SIGNAL","ECONOLITE","2070-TS2-1","MSF","16",,,"WIRELESS (NOT USED)","ALL",,"GPS",,"TSP,FIRE PREEMPT","1291161600000",,,,,,,,,,,,"1988",,,"0",,"0","0","40",,,,"POINT (-122.454285117 37.772895178)","2024 May 28 03:16:47 PM","2024 May 28 03:16:47 PM","Golden Gate Park","1"
"15119","27375000","20TH AVE","IRVING",,,"4",,"9117000","SIGNAL","MCCAIN","2070-TS2-1","MSF65-ATC","ISOLATED",,,,"ALL",,"GPS",,,"1675296000000",,,,,,,,,,,,"1997",,,"0",,"0","0","56",,,,"POINT (-122.478190825 37.763514759)","2024 May 28 03:15:57 PM","2024 May 28 03:15:57 PM","Sunset/Parkside","4"
"15131","27446000","CABRILLO","PARK PRESIDIO","OPTICOM",,"1",,"9242500","SIGNAL","ECONOLITE","2070-TS2-1","332","15",,,"LOOPS","ALL","YES","GPS","SIKLU","TSP,FIRE PREEMPT","1238544000000",,,,,,,,,,,,"1946","1(a)",,"50","X","50","0","62",,,"APS iNS 2WIRE CALTRANS APS (8)","POINT (-122.471905103 37.775003336)","2024 May 28 03:15:57 PM","2024 May 28 03:15:57 PM","Outer Richmond","1"
"15450","30727000","DRUMM","MAIN","OPTICOM","MARKET","3,6",,"9307500","SIGNAL","MCCAIN","2070-TS2-1","MSF","01D",,,,"ALL",,"GPS","FIBER,PROXIM","FIRE PREEMPT","1374710400000",,,,,,,,,,,,"1949",,,"0",,"0","0","50",,,"APS 4WIRE MARKET (6)","POINT (-122.396302005 37.79325635)","2024 May 28 03:16:47 PM","2024 May 28 03:16:47 PM","Financial District/South Beach","6"
"14486","22053000","ALEMANY","SENECA",,,"11",,"9165500","SIGNAL","ECONOLITE","2070-TS2-1","G","27",,,"WIRELESS","ALL","YES","GPS",,,"1316044800000",,,,,,,,,,,,"1997",,,"0",,"0","0","01",,,,"POINT (-122.441317765 37.718634055)","2024 May 28 03:15:57 PM","2024 May 28 03:15:57 PM","Outer Mission","11"
"15385","25200000","POLK","POST","OPTICOM,FH BUTTON",,"3",,"9517500","SIGNAL","MCCAIN","2070-TS2-1","MSF","78",,,,"ALL",,"GPS","PROXIM","FIRE PREEMPT","1358899200000",,,,,,,,,,,,"1978",,,"0",,"0","0","64",,,,"POINT (-122.419927948 37.786827527)","2024 May 28 03:15:57 PM","2024 May 28 03:15:57 PM","Tenderloin","3"
"15457","24634000","05TH ST","MISSION","OPTICOM",,"6",,"9037500","SIGNAL","MCCAIN","2070-TS2-1","MSF","75",,"2003 CANDIDATE",,"ALL",,"GPS","PROXIM","TSP,FIRE PREEMPT","1067299200000",,,,,,,,,,,,"1956",,,"0",,"0","0","52",,,,"POINT (-122.406479403 37.782731636)","2024 May 28 03:16:47 PM","2024 May 28 03:16:47 PM","South of Market","6"
"15634","24524000","ESSEX","FOLSOM",,,"6",,"9331700","SIGNAL","EAGLE","2070-TS2-1","352i-ATC","74",,,"WIRELESS","ALL",,"GPS",,,"1274227200000",,,,,,,,,,,,"2010",,,"0",,"0","0","27",,,"APS INAV 2WIRE FOLSOM (6)","POINT (-122.395645466 37.786378937)","2024 May 28 03:16:47 PM","2024 May 28 03:16:47 PM","Financial District/South Beach","6"
"14903","25524000","BAY","TAYLOR",,,"3",,"9195500","SIGNAL","MCCAIN","2070-TS2-1","MSF","11A",,,,"ALL",,"GPS",,,"1490745600000",,,,,,,,,,,,"1968",,,"0",,"0","0","03",,,,"POINT (-122.415241485 37.805417172)","2024 May 28 03:15:57 PM","2024 May 28 03:15:57 PM","North Beach","3"
"15176","27596000","06TH AVE","CALIFORNIA","OPTICOM",,"1",,"9038500","SIGNAL","MCCAIN","2070-TS2-1","MSF","14A","MASTER-GPS",,,"ALL",,"GPS","PROXIM","TSP,FIRE PREEMPT","1431388800000",,,,,,,,,,,,"1952",,,"0",,"0","0","11",,,,"POINT (-122.46457216 37.784993973)","2024 May 28 03:15:57 PM","2024 May 28 03:15:57 PM","Inner Richmond","1"
"15448","26930000","GEARY","PARKER","OPTICOM",,"2",,"9385000","SIGNAL","ECONOLITE","2070-TS2-TYPE-1","2070-MSF-TS2-TYPE-1","15",,,,"ALL",,"GPS","FIBER,PROXIM","TSP,FIRE PREEMPT","1083196800000",,,,,,,,,,,,"1959",,,"0",,"0","0","32",,,,"POINT (-122.454175994 37.781598822)","2024 May 28 03:16:47 PM","2024 May 28 03:16:47 PM","Lone Mountain/USF","2"
"14954","24101000","24TH ST","VALENCIA",,,"8,9",,"9139500","SIGNAL","MCCAIN","2070-TS2-1","G","22",,,,"ALL",,"GPS",,,"1536796800000",,,,,,,,,,,,"1953",,,"0",,"0","0","79",,,,"POINT (-122.420664801 37.752103646)","2024 May 28 03:15:57 PM","2024 May 28 03:15:57 PM","Mission","9"
"15644","27080000","04TH AVE","IRVING",,,"7",,"9026900","SIGNAL","MCCAIN","2070-TS2-1","MSF","35",,,,"ALL",,"GPS",,,"1465430400000",,,,,,,,,,,,"2016",,,"0",,"0","0","46",,,,"POINT (-122.460957705 37.764271899)","2024 May 28 03:16:47 PM","2024 May 28 03:16:47 PM","Inner Sunset","7"
"15074","26180000","CLAYTON","MARKET","OVERHEAD CONTACT PAN,TRANSIT BUTTON",,"8",,"9282500","SIGNAL","MCCAIN","2070-TS2-1","MSF","21",,,,"ALL","YES","GPS",,"TRANSIT PREEMPT","1141862400000",,,,,,,,,,,,"1958",,,"0",,"0","0","49",,,"APS ENAV 2WIRE TSI (4)","POINT (-122.443782167 37.758192867)","2024 May 28 03:15:57 PM","2024 May 28 03:15:57 PM","Castro/Upper Market","8"
"14552","23159000","19TH AVE","VICENTE","OPTICOM",,"4,7",,"9112000","SIGNAL","ECONOLITE","2070-TS2-TYPE-1","332","36",,,"WIRELESS","ALL","YES","GPS","FIBER","TSP,FIRE PREEMPT","1228348800000",,,,,,,,,,,,"1946","1(a)",,"50","X","50","0","56",,,"APS ENAV 2WIRE 19thAV (8)","POINT (-122.475409075 37.739325433)","2024 May 28 03:15:57 PM","2024 May 28 03:15:57 PM","West of Twin Peaks","7"
"15305","23578000","03RD ST","16TH ST","VETAG",,"6",,"9009000","SIGNAL","MCCAIN","2070-TS2-1","ITS 340","28",,,"VIDEO (GRIDSMART with Performance Module)","ALL","YES","GPS","FIBER","TSP,TRANSIT PREEMPT","1078963200000",,,,,,,,,,,,"1950",,,"0",,"0","0","75",,"COLICKY","PENDING","POINT (-122.389099104 37.76690348)","2024 May 28 03:15:57 PM","2024 May 28 03:15:57 PM","Mission Bay","6"
"15060","24347000","12TH ST","FOLSOM",,,"6",,"9070500","SIGNAL","MCCAIN","2070-TS2-1","G","77",,,,"ALL",,"GPS",,,"1450310400000",,,,,,,,,,,,"1975",,,"0",,"0","0","27",,,,"POINT (-122.414996654 37.770896109)","2024 May 28 03:15:57 PM","2024 May 28 03:15:57 PM","Mission","6"
"15306","24570000","BROADWAY","EMBARCADERO","VETAG",,"3",,"9210500","SIGNAL","MCCAIN","2070-TS2-1","MSF","09",,"2003 CANDIDATE","LOOPS","ALL","YES","GPS","FIBER","TSP","1290038400000",,,,,,,,,,,,"1992",,,"0",,"0","100","22",,,,"POINT (-122.397670094 37.799234353)","2024 May 28 03:15:57 PM","2024 May 28 03:15:57 PM","Financial District/South Beach","3"
"14656","24892000","04TH ST","ELLIS",,"MARKET","3,6","STOCKTON","9029000","SIGNAL","EAGLE","2070-TS2-1","MSF77-ATC","01D",,"2003 CANDIDATE",,"ALL",,"GPS","FIBER",,"1273017600000",,,,,,,,,,,,"1959",,,"0",,"0","0","50",,,"APS iNS 3WIRE Central Subway (12)","POINT (-122.405831011 37.785743989)","2024 May 28 03:15:57 PM","2024 May 28 03:15:57 PM","South of Market","6"
"15815","33272000","SAN BRUNO","WAYLAND",,,"9",,"0","BEACON - RRFB","JSF","AB-9X07",,"BEACON",,,,"n.a.","YES",,,,,,,,,,,,,,,,"2019",,,"0",,"0","0","04",,,,"POINT (-122.403102307 37.726433455)","2024 May 28 03:16:47 PM","2024 May 28 03:16:47 PM","Portola","9"
"14882","25906000","GOUGH","OAK","OPTICOM",,"5",,"9405500","SIGNAL","ECONOLITE","2070-TS2-TYPE-1","2070-MSF-TS2-TYPE-1","16B",,,,"ALL",,"GPS","FIBER","FIRE PREEMPT","1008201600000",,,,,,,,,,,"FUTURE","1953",,,"0",,"0","0","35",,,,"POINT (-122.422598042 37.775020697)","2024 May 28 03:15:57 PM","2024 May 28 03:15:57 PM","Hayes Valley","5"
"15604","20299000","BAYSHORE","BLANKEN","VETAG",,"10",,"9196300","SIGNAL",,"2070-TS2-TYPE-1","2070-MSF-TS2-TYPE-1","28",,,"VIDEO","ALL","YES","GPS","FIBER","TSP","1088467200000",,,,,,,,,,,,"2004",,,"0",,"0","0","04",,,"APS ENAV 2WIRE PH1 (8)","POINT (-122.401914748 37.712250863)","2024 May 28 03:16:47 PM","2024 May 28 03:16:47 PM","Bayview Hunters Point","10"
"14803","26524000","BUCHANAN","SUTTER","OPTICOM",,"5",,"9228000","SIGNAL","MCCAIN","2070-TS2-1","G","73",,,,"SOME PHASES",,"GPS","PROXIM","TSP,FIRE PREEMPT","1417651200000",,,,,,,,,,,,"1971",,,"0",,"0","0","74",,,,"POINT (-122.429978934 37.786503859)","2024 May 28 03:15:57 PM","2024 May 28 03:15:57 PM","Japantown","5"
"15034","25882000","14TH ST","CHURCH","VETAG","MARKET","8",,"9075500","SIGNAL","ECONOLITE","2070-TS2-1","MSF","79","MASTER-GPS","YES-UPSTEALTH",,"ALL",,"GPS",,"TSP-Planned,TRANSIT PREEMPT","1311638400000",,,,,,,,,,,,"9999",,,"0",,"0","0","49",,,"APS 4WIRE MARKET (14)","POINT (-122.428968772 37.767729171)","2024 May 28 03:15:57 PM","2024 May 28 03:15:57 PM","Castro/Upper Market","8"
"14963","21340000","MISSION","PRECITA","OPTICOM",,"9",,"9489500","SIGNAL","MCCAIN","2070-TS2-1","MSF","25",,,,"ALL",,"GPS","PROXIM","TSP,FIRE PREEMPT","1361577600000",,,,,,,,,,,,"1979",,,"0",,"0","0","54",,"TSP ?????",,"POINT (-122.419121301 37.74677514)","2024 May 28 03:15:57 PM","2024 May 28 03:15:57 PM","Bernal Heights","9"
"15235","26643000","DIVISADERO","PINE",,,"2",,"9302500","SIGNAL","EAGLE","2070-TS2-TYPE-1","2070-MSF-TS2-TYPE-1","73",,,,"ALL",,"GPS",,,"1018915200000",,,,,,,,,,,,"1949",,,"0",,"0","0","63",,,,"POINT (-122.440249957 37.787112456)","2024 May 28 03:15:57 PM","2024 May 28 03:15:57 PM","Pacific Heights","2"
"15422","23978000","24TH ST","HARRISON",,,"9",,"9137500","SIGNAL","MCCAIN","2070-TS2-1","MSF","ISOLATED",,,,"ALL",,"GPS",,,"1487808000000",,,,,,,,,,,,"1953",,,"0",,"0","0","39",,,,"POINT (-122.411899821 37.75262859)","2024 May 28 03:16:47 PM","2024 May 28 03:16:47 PM","Mission","9"
"15434","26434000","HAIGHT","STANYAN","OPTICOM",,"5",,"9423000","SIGNAL","MCCAIN","2070-ATC","MSF65-ATC","17",,,,"ALL",,"GPS",,"TSP,FIRE PREEMPT","1444176000000",,,,,,,,,,,,"1968",,,"0",,"0","0","38",,,"PENDING","POINT (-122.453536875 37.769165225)","2024 May 28 03:16:47 PM","2024 May 28 03:16:47 PM","Haight Ashbury","5"
"14754","26715000","GOUGH","LOMBARD","OPTICOM",,"2",,"9404000","SIGNAL","ECONOLITE","2070-TS2-TYPE-1","CTSF","13",,"YES-UPSTEALTH",,"ALL",,"GPS","FIBER","TSP,FIRE PREEMPT","1138233600000",,,,,,,,,,,,"1947","480(b)",,"50","X","50","0","35",,,"PENDING","POINT (-122.427825033 37.800886755)","2024 May 28 03:15:57 PM","2024 May 28 03:15:57 PM","Marina","2"
"15498","34016000","MARKET","MIDBLOCK",,"POWELL","3,6",,"9473200","SIGNAL","MCCAIN","2070-TS2-1","MSF","01D",,,,"ALL",,"GPS",,,"1463788800000",,,,,,,,,,,,"1953",,,"0",,"0","0","50",,"X","APS 4WIRE PH1 (2)","POINT (-122.407337041 37.784560142)","2024 May 28 03:16:47 PM","2024 May 28 03:16:47 PM","Financial District/South Beach","6"
"15668","27741000","34TH AVE","LINCOLN",,,"4",,"9155300","SIGNAL","MCCAIN","2070-TS2-1","MSF","ISOLATED",,,"WIRELESS","ALL","YES","GPS",,"TSP-Planned","1452729600000",,,,,,,,,,,,"2016",,,"0",,"0","0","73",,,"APS ENAV 2WIRE CT62 (4)","POINT (-122.493330784 37.764732912)","2024 May 28 03:16:47 PM","2024 May 28 03:16:47 PM","Sunset/Parkside","4"
"15619","22628000","CAPITOL","OCEAN",,,"7,11",,"9259500","SIGNAL","MCCAIN","2070-TS2-1","G","31",,,,"ALL",,"GPS","TWISTED PAIR",,"1336003200000",,,,,,,,,,,,"2012",,,"0",,"0","0","59",,,"APS ENAV 4WIRE CT60 (6)","POINT (-122.459212804 37.724533171)","2024 May 28 03:16:47 PM","2024 May 28 03:16:47 PM","West of Twin Peaks","11"
"15421","33625000","LYON","MARINA",,"OLD MASON","2",,"9470400","SIGNAL","EAGLE","2070-TS2-1","MSF","ISOLATED",,,"WIRELESS","SOME PHASES",,"GPS",,,"1338854400000",,,,,,,,,,,,"1985",,,"0",,"0","0","48",,,,"POINT (-122.448279146 37.804724225)","2024 May 28 03:16:47 PM","2024 May 28 03:16:47 PM","Presidio","2"
"15134","27255000","06TH AVE","FULTON","OPTICOM",,"1",,"9039500","SIGNAL","ECONOLITE","2070-TS2-1","G","46",,,,"ALL",,"GPS","SIKLU","TSP,FIRE PREEMPT","1304380800000",,,,,,,,,,,,"1972",,,"0",,"0","0","30",,,,"POINT (-122.46374921 37.773624065)","2024 May 28 03:15:57 PM","2024 May 28 03:15:57 PM","Inner Richmond","1"
"15513","52238000","OCEAN","I-280 N ON RAMP","VETAG",,"11",,"9503200","SIGNAL","ECONOLITE","2070-TS2-1","340","ISOLATED",,,"VETAG-LRV","ALL","YES","GPS","TWISTED PAIR","ACTUATED TRANSIT PHASE","1046217600000",,,,,,,,,,,,"1978",,,"0",,"0","0","59",,,"APS 4WIRE OCEAN (4)","POINT (-122.447272563 37.722956985)","2024 May 28 03:16:47 PM","2024 May 28 03:16:47 PM","Outer Mission","11"
"14650","30738000","03RD ST","GEARY","OPTICOM","KEARNY","3,6","MARKET","9016500","SIGNAL","MCCAIN","2070-TS2-1","MSF","01D",,"2003 CANDIDATE",,"ALL",,"GPS","FIBER,PROXIM","FIRE PREEMPT","1376438400000",,,,,,,,,,,,"1959",,,"0",,"0","0","50",,,"APS 4WIRE MARKET (14)","POINT (-122.403430801 37.787641849)","2024 May 28 03:15:57 PM","2024 May 28 03:15:57 PM","Financial District/South Beach","6"
"14759","26770000","LOMBARD","STEINER","OPTICOM",,"2",,"9467500","SIGNAL","ECONOLITE","2070-TS2-1","CTSF-TS2-1","13",,"YES-UPSTEALTH","LOOPS (NOT USED)","ALL",,"GPS","FIBER","TSP,FIRE PREEMPT","1150761600000",,,,,,,,,,,,"1947","480(b)",,"50","X","50","0","47",,,"PENDING","POINT (-122.437694706 37.79963393)","2024 May 28 03:15:57 PM","2024 May 28 03:15:57 PM","Marina","2"
"15613","27719000","30TH AVE","LINCOLN",,,"4",,"9152700","SIGNAL","ECONOLITE","2070-TS2-1","G","ISOLATED",,,"WIRELESS","ALL","YES",,,"TSP-Planned","1243900800000",,,,,,,,,,,,"2009",,,"0",,"0","0","73",,,,"POINT (-122.489042083 37.764928857)","2024 May 28 03:16:47 PM","2024 May 28 03:16:47 PM","Sunset/Parkside","4"
"15651","34170000","04TH ST","CHINA BASIN",,,"6",,"9028400","SIGNAL",,"2070-TS2-1",,"ISOLATED",,,"VIDEO","ALL","YES",,,,"1238544000000",,,,,,,,,,,,"2009",,,"0",,"0","0","23",,,,"POINT (-122.391284248 37.771897177)","2024 May 28 03:16:47 PM","2024 May 28 03:16:47 PM","Mission Bay","6"
"14887","25595000","BEACH","JONES","VETAG",,"3",,"9202500","SIGNAL","EAGLE","2070-TS2-1","MSF","10",,,,"ALL",,"GPS","FIBER","TRANSIT PREEMPT","1338422400000",,,,,,,,,,,,"1998",,,"0",,"0","0","57",,,,"POINT (-122.417260632 37.807072514)","2024 May 28 03:15:57 PM","2024 May 28 03:15:57 PM","North Beach","3"
"14628","25174000","BUSH","HYDE","OPTICOM",,"3",,"9232500","SIGNAL","ECONOLITE","2070-TS2-TYPE-1","2070-MSF-TS2-TYPE-1","78","MASTER-GPS",,,"ALL",,"GPS","FIBER,PROXIM","FIRE PREEMPT","1080086400000",,,,,,,,,,,,"1949",,,"0",,"0","0","08",,,"APS 4WIRE ARRA (8)","POINT (-122.417016878 37.789110176)","2024 May 28 03:15:57 PM","2024 May 28 03:15:57 PM","Nob Hill","3"
"14427","23550000","03RD ST","24TH ST","VETAG",,"10",,"9010800","SIGNAL","ECONOLITE","2070-TS2-1","2070-MSF-TS2-TYPE-1","28",,,"VIDEO","ALL","YES","GPS","FIBER","TSP","1124755200000",,,,,,,,,,,,"2005",,,"0",,"0","0","75",,,,"POINT (-122.387878641 37.754112146)","2024 May 28 03:15:57 PM","2024 May 28 03:15:57 PM","Potrero Hill","10"
"15281","23800000","02ND ST","TOWNSEND",,,"6",,"9007500","SIGNAL","EAGLE","2070-TS2-1","MSF","74",,,,"ALL",,"GPS","PROXIM",,"1006905600000",,,,,,,,,,,,"1951",,,"0",,"0","0","76",,"CK TS1","PENDING","POINT (-122.390527234 37.780606757)","2024 May 28 03:15:57 PM","2024 May 28 03:15:57 PM","Mission Bay","6"
"14575","24673000","FRONT","PINE",,,"3",,"9372000","SIGNAL","MCCAIN","2070-TS2-1","MSF","01D",,,,"ALL",,"GPS",,,"1463443200000",,,,,,,,,,,,"1949",,,"0",,"0","0","63",,,,"POINT (-122.398587835 37.792408221)","2024 May 28 03:15:57 PM","2024 May 28 03:15:57 PM","Financial District/South Beach","3"
"15289","23821000","04TH ST","TOWNSEND","OPTICOM",,"6",,"9032000","SIGNAL","ECONOLITE","2070-TS2-TYPE-1","2070-MSF-TS2-TYPE-1","09",,,,"ALL",,"GPS","FIBER_HUB","FIRE PREEMPT","1017187200000",,,,,,,,,,,,"1975",,,"0",,"0","0","76",,,"APS iNS 3WIRE CENTRAL SUBWAY (8)","POINT (-122.39498148 37.777089333)","2024 May 28 03:15:57 PM","2024 May 28 03:15:57 PM","South of Market","6"
"14598","25230000","LEAVENWORTH","PINE",,,"3",,"9463500","SIGNAL","EAGLE","2070-TS2-1","MSF-TS2-1????","78",,,,"ALL",,"GPS",,,"1015891200000",,,,,,,,,,,,"1949",,,"0",,"0","0","63",,,,"POINT (-122.415559087 37.790254299)","2024 May 28 03:15:57 PM","2024 May 28 03:15:57 PM","Nob Hill","3"
"15537","20708000","CESAR CHAVEZ","INDIANA",,,"10",,"9267500","SIGNAL","EAGLE","2070-TS2-1","MSF","ISOLATED",,,"WIRELESS&LOOPS","ALL","YES","GPS",,,"1347494400000",,,,,,,,,,,,"1999",,,"0",,"0","0","14",,,,"POINT (-122.390433038 37.750118342)","2024 May 28 03:16:47 PM","2024 May 28 03:16:47 PM","Bayview Hunters Point","10"
"15404","25950000","FELL","WEBSTER",,,"5",,"9344000","SIGNAL","ECONOLITE","2070-TS2-TYPE-1","MSF","16",,,,"ALL",,"GPS","FIBER",,"1013040000000",,,,,,,,,,,,"1955",,,"0",,"0","0","25",,,,"POINT (-122.42936586 37.77511118)","2024 May 28 03:16:47 PM","2024 May 28 03:16:47 PM","Hayes Valley","5"
"15346","26748000","LOMBARD","WEBSTER","OPTICOM",,"2",,"9468500","SIGNAL","ECONOLITE","2070-TS2-1","CTSF-TS2-1","13",,"YES-UPSTEALTH",,"ALL",,"GPS","FIBER","TSP,FIRE PREEMPT","1143676800000",,,,,,,,,,,,"1947","480(b)",,"50","X","50","0","47",,,"PENDING","POINT (-122.434404699 37.800051549)","2024 May 28 03:15:57 PM","2024 May 28 03:15:57 PM","Marina","2"
"14602","24734000","MONTGOMERY","SACRAMENTO","OPTICOM",,"3",,"9494000","SIGNAL","MCCAIN","2070-TS2-1","MSF","78",,,,"ALL",,"GPS","PROXIM","TSP,FIRE PREEMPT","1437609600000",,,,,,,,,,,,"1967",,,"0",,"0","0","69",,,,"POINT (-122.402957361 37.793779858)","2024 May 28 03:15:57 PM","2024 May 28 03:15:57 PM","Financial District/South Beach","3"
"14534","20313000","BAYSHORE","LELAND","VETAG,OPTICOM",,"10",,"9198500","SIGNAL","ECONOLITE","2070-TS2-TYPE-1","2070-MSF-TS2-TYPE-1","28",,,"VIDEO","ALL","YES","GPS","FIBER","TSP,FIRE PREEMPT","1088035200000",,,,,,,,,,,,"1951",,,"0",,"0","0","04",,,"APS iNAV 2WIRE CITYWIDE NEW APS (12)","POINT (-122.403650107 37.711188573)","2024 May 28 03:15:57 PM","2024 May 28 03:15:57 PM","Bayview Hunters Point","10"
"14564","20496000","03RD ST","QUESADA","VETAG",,"10",,"9024500","SIGNAL",,"2070-TS2-TYPE-1","2070-MSF-TS2-TYPE-1","28",,,,"ALL",,"GPS","FIBER","TSP","1103155200000",,,,,,,,,,,,"1948",,,"0",,"0","0","75",,,,"POINT (-122.391244493 37.733223262)","2024 May 28 03:15:57 PM","2024 May 28 03:15:57 PM","Bayview Hunters Point","10"
"15718","54015000","BUCHANAN","GEARY","OPTICOM",,"5",,"0","SIGNAL","MCCAIN","2070-TS2-1","MSF72","72",,,,"ALL","YES","GPS","FIBER","TSP,FIRE PREEMPT","1627516800000",,,,,,,,,,,,"2021",,,"0",,"0","0","31",,,"APS iNS 2WIRE GEARY PH 1 (4)","POINT (-122.429606446 37.784681622)","2024 May 28 03:16:47 PM","2024 May 28 03:16:47 PM","Western Addition","5"
"15657","10184001","PAGE","MIDBLOCK",,"ASHBURY","5","MASONIC","0","LIGHTED CROSSWALK","Urban School",,"N/A","N/A",,,,"n.a.",,,,,,,,,,,,,,,,,"2000",,,"0",,"0","0","decide",,,,"POINT (-122.446354862 37.771034912)","2024 May 28 03:16:47 PM","2024 May 28 03:16:47 PM","Haight Ashbury","5"
"14451","21332000","29TH ST","MISSION","OPTICOM",,"9",,"9151000","SIGNAL","MCCAIN","2070-TS2-1","MSF","25",,,,"ALL",,"GPS","PROXIM","TSP,FIRE PREEMPT","1362873600000",,,,,,,,,,,,"1954",,,"0",,"0","0","54",,,,"POINT (-122.420893659 37.744037633)","2024 May 28 03:15:57 PM","2024 May 28 03:15:57 PM","Bernal Heights","9"
"15623","22460000","ALEMANY","REGENT",,"SAN JOSE","11","I-280 N ON RAMP","9164500","SIGNAL","MCCAIN","2070-TS2-1","MSF","27",,,,"ALL",,"GPS",,,"1428364800000",,,,,,,,,,,,"1949","82",,"50","X","50","0","01",,,"APS iNS 3WIRE CALTRANS APS (6)","POINT (-122.457068388 37.710110915)","2024 May 28 03:16:47 PM","2024 May 28 03:16:47 PM","Outer Mission","11"
"15615","21740000","ALEMANY","SAN JUAN",,,"11",,"9164800","SIGNAL","MCCAIN","2070-TS2-1","MSF","27",,,"WIRELESS","ALL","YES","GPS",,,"1334880000000",,,,,,,,,,,,"2012",,,"0",,"0","0","01",,,,"POINT (-122.437010758 37.724840763)","2024 May 28 03:16:47 PM","2024 May 28 03:16:47 PM","Outer Mission","11"
"14801","26498000","BUSH","FRANKLIN",,,"2",,"9231000","SIGNAL","ECONOLITE","2070-TS2-TYPE-1","2070-MSF-TS2-TYPE-1","49",,,,"ALL",,"GPS","FIBER",,"1080432000000",,,,,,,,,,,,"1949",,,"0",,"0","0","28",,,"APS ENAV 4WIRE FRANKLIN (11)","POINT (-122.423594072 37.788279733)","2024 May 28 03:15:57 PM","2024 May 28 03:15:57 PM","Western Addition","2"
"15591","27302000","11TH AVE","GEARY","OPTICOM",,"1",,"0","SIGNAL","ECONOLITE","2070-TS2-TYPE-1","2070-MSF-TS2-TYPE-1","15",,,,"ALL",,"GPS","PROXIM","TSP,FIRE PREEMPT","1231372800000",,,,,,,,,,,,"2009",,,"0",,"0","0","31",,,,"POINT (-122.469627032 37.780768739)","2024 May 28 03:16:47 PM","2024 May 28 03:16:47 PM","Inner Richmond","1"
"14594","30733000","MARKET","SANSOME","OPTICOM","SUTTER","3,6",,"9475000","SIGNAL","MCCAIN","2070-TS2-1","MSF","01D",,,,"ALL",,"GPS","FIBER,PROXIM","FIRE PREEMPT","1407196800000",,,,,,,,,,,,"1951",,,"0",,"0","0","50",,,,"POINT (-122.400152469 37.79029016)","2024 May 28 03:15:57 PM","2024 May 28 03:15:57 PM","Financial District/South Beach","3"
"14916","25364000","COLUMBUS","UNION","OVERHEAD CONTACT PAN,OPTICOM",,"3",,"9289500","SIGNAL","ECONOLITE","2070-TS2-TYPE-1","2070-MSF-TS2-TYPE-1","07","MASTER",,,"ALL",,"GPS","PROXIM","TSP,ACTUATED TRANSIT PHASE,FIRE PREEMPT","1100563200000",,,,,,,,,,,,"1957",,,"0",,"0","0","18",,,,"POINT (-122.410206544 37.800315499)","2024 May 28 03:15:57 PM","2024 May 28 03:15:57 PM","North Beach","3"
"14986","25631000","22ND ST","DOLORES",,,"8",,"9126300","SIGNAL","MCCAIN","2070-TS2-1","G","64",,,,"ALL",,"GPS",,,"1485216000000",,,,,,,,,,,,"1951",,,"0",,"0","0","19",,,,"POINT (-122.42545718 37.755029079)","2024 May 28 03:15:57 PM","2024 May 28 03:15:57 PM","Noe Valley","8"
"14709","23875000","07TH ST","BRYANT","OPTICOM","I-80 E OFF RAMP","6",,"9048000","SIGNAL","MCCAIN","2070-TS2-1","MSF","75",,"2003 CANDIDATE",,"ALL",,"GPS","12C,FIBER,PROXIM","FIRE PREEMPT","1172620800000",,,,,,,,,,,,"1954","80(a)",,"20","X","80","0","07",,,"APS iNS 3WIRE CALTRANS APS (11)","POINT (-122.404748493 37.774281041)","2024 May 28 03:15:57 PM","2024 May 28 03:15:57 PM","South of Market","6"
"15868","21991000","BERKELEY","DIAMOND HEIGHTS",,,"8",,"0","PENDING BEACON",,,,,,,,,,,,,,,,,,,,,,,,,"0",,,"0",,"0","0",,,,,"POINT (-122.436680353 37.738752326)","2024 May 28 03:16:47 PM","2024 May 28 03:16:47 PM","Glen Park","8"
"15029","24149000","18TH ST","MISSION","OPTICOM",,"9",,"9100000","SIGNAL","MCCAIN","2070-TS2-1","MSF65-ATC","64",,,,"ALL",,"GPS","PROXIM","TSP,FIRE PREEMPT","1194912000000",,,,,,,,,,,,"1953",,,"0",,"0","0","53",,,"APS iNS 3WIRE IN-HOUSE (11)","POINT (-122.419359268 37.761835855)","2024 May 28 03:15:57 PM","2024 May 28 03:15:57 PM","Mission","9"
"15772","23781000","16TH ST","SAN BRUNO","OPTICOM",,"6,10",,"0","SIGNAL","MCCAIN","2070-TS2-1","MSF","57",,,"WIRELESS","ALL","YES","GPS","FIBER","TSP,FIRE PREEMPT","1590624000000",,,,,,,,,,,,"2020",,,"0",,"0","0","04",,,"APS ENAV 2WIRE 16TH ST (8)","POINT (-122.405585296 37.765900401)","2024 May 28 03:16:47 PM","2024 May 28 03:16:47 PM","Mission","6"
"15474","12553201","EMBARCADERO","MIDBLOCK","VETAG","FERRY BUILDING NB","3",,"9323000","SIGNAL","ECONOLITE","2070-TS2-1","MSF","09",,,,"ALL",,"GPS","FIBER,PROXIM","TSP","1291161600000",,,,,,,,,,,,"2000",,,"0",,"0","100","23",,,"APS iNS 3WIRE HARDWARE REPLACEMENT PH1 (6)","POINT (-122.393804756 37.795181629)","2024 May 28 03:16:47 PM","2024 May 28 03:16:47 PM","Financial District/South Beach","3"
"15088","27697000","NORIEGA","SUNSET",,,"4",,"9495000","SIGNAL","MCCAIN","2070-TS2-1","G","37",,,,"ALL",,"GPS",,"TSP-Planned","1406764800000",,,,,,,,,,,,"1965",,,"0",,"0","0","73",,,,"POINT (-122.495226538 37.753413818)","2024 May 28 03:15:57 PM","2024 May 28 03:15:57 PM","Sunset/Parkside","4"
"15266","24504000","HOWARD","MAIN","OPTICOM",,"6",,"9429000","SIGNAL","EAGLE","2070-TS2-1","MSF","74",,,"WIRELESS","ALL",,"GPS","FIBER,PROXIM","FIRE PREEMPT","1274140800000",,,,,,,,,,,,"1975",,,"0",,"0","0","41",,,,"POINT (-122.393407939 37.79061267)","2024 May 28 03:15:57 PM","2024 May 28 03:15:57 PM","Financial District/South Beach","6"
"15058","24126000","18TH ST","FOLSOM",,,"9",,"9098500","SIGNAL","MCCAIN","2070-TS2-1","G","84",,,,"SOME PHASES",,"GPS",,,"1447804800000",,,,,,,,,,,,"1954",,,"0",,"0","0","26",,,,"POINT (-122.414998617 37.762099161)","2024 May 28 03:15:57 PM","2024 May 28 03:15:57 PM","Mission","9"
"14408","21444000","GENEVA","PARIS","OPTICOM",,"11",,"9392000","SIGNAL","MCCAIN","2070-TS2-1","MSF65-ATC","30",,,"VIDEO (GRIDSMART)","ALL","YES","GPS","PROXIM","TSP,FIRE PREEMPT","1274140800000",,,,,,,,,,,,"1999",,,"0",,"0","0","33",,,"APS iNS 2WIRE GENEVA (11)","POINT (-122.439438472 37.715672555)","2024 May 28 03:15:57 PM","2024 May 28 03:15:57 PM","Excelsior","11"
"14404","33776000","BRYANT","MAIN",,,"6",,"9222800","SIGNAL","EAGLE","2070-TS2-1","MSF","09",,,"LOOPS","ALL","YES","GPS",,,"1310688000000",,,,,,,,,,,,"2001",,,"0",,"0","0","07",,,,"POINT (-122.388779436 37.78689868)","2024 May 28 03:15:57 PM","2024 May 28 03:15:57 PM","Financial District/South Beach","6"
"14959","21898000","26TH ST","GUERRERO",,,"8",,"9147000","SIGNAL","MCCAIN","2070-TS2-1","MSF","24",,,,"SOME PHASES",,"GPS",,,"1632182400000",,,,,,,,,,,,"1973",,,"0",,"0","0","37",,,,"POINT (-122.422571062 37.748772898)","2024 May 28 03:15:57 PM","2024 May 28 03:15:57 PM","Mission","8"
"14604","24711000","SANSOME","WASHINGTON","OPTICOM",,"3",,"9532000","SIGNAL","MCCAIN","2070-TS2-1","MSF","78",,,,"ALL",,"GPS",,"FIRE PREEMPT","1464220800000",,,,,,,,,,,,"1967",,,"0",,"0","0","81",,"CAB/CONT",,"POINT (-122.401676026 37.795719379)","2024 May 28 03:15:57 PM","2024 May 28 03:15:57 PM","Chinatown","3"
"15533","25700000","CAMP","GUERRERO",,,"8,9",,"0","OTHER",,,"M","22*","FORMER MASTER",,,"n.a.",,,,,,,,,,,,,,,,,"0",,,"0",,"0","0","decide",,,,"POINT (-122.423981554 37.763965997)","2024 May 28 03:16:47 PM","2024 May 28 03:16:47 PM","Mission","9"
"14658","24434000","GROVE","LARKIN",,,"5,6",,"9420500","SIGNAL","MCCAIN","2070-TS2-1","MSF","78",,,,"ALL",,"GPS",,,"1456358400000",,,,,,,,,,,,"1948",,,"0",,"0","0","45",,,"APS 4WIRE PH2 (8)","POINT (-122.416580343 37.778657855)","2024 May 28 03:15:57 PM","2024 May 28 03:15:57 PM","Tenderloin","6"
"14691","24324000","LEAVENWORTH","MCALLISTER",,,"5",,"9462500","SIGNAL","EAGLE","2070-TS2-1","MSF","01D",,,,"ALL",,"GPS","PROXIM",,"1310515200000",,,,,,,,,,,,"1969",,,"0",,"0","0","51",,,"APS 4WIRE PH2 (6)","POINT (-122.413676361 37.780926855)","2024 May 28 03:15:57 PM","2024 May 28 03:15:57 PM","Tenderloin","5"
"14875","24451000","FRANKLIN","HAYES",,,"5",,"9361500","SIGNAL","MCCAIN","2070-TS2-1","MSF","16B",,,,"ALL",,"GPS","FIBER",,"1384300800000",,,,,,,,,,,,"1953",,,"0",,"0","0","28",,,"APS ENAV 4WIRE FRANKLIN (9)","POINT (-122.421330431 37.777090973)","2024 May 28 03:15:57 PM","2024 May 28 03:15:57 PM","Hayes Valley","5"
"15667","27554000","26TH AVE","GEARY","OPTICOM",,"1",,"9146700","SIGNAL","MCCAIN","2070-TS2-1","MSF","69",,,,"ALL",,"GPS","FIBER,PROXIM","TSP,FIRE PREEMPT","1452211200000",,,,,,,,,,,,"2016",,,"0",,"0","0","31",,,"APS ENAV 4WIRE CT62 (8)","POINT (-122.485792557 37.780045446)","2024 May 28 03:16:47 PM","2024 May 28 03:16:47 PM","Outer Richmond","1"
"15411","25477000","BEACH","STOCKTON","VETAG",,"3",,"9204000","SIGNAL","ECONOLITE","2070-TS2-1","MSF","10",,,"MUNI SWITCH","ALL",,"GPS",,"TRANSIT PREEMPT","1327363200000",,,,,,,,,,,,"1996",,,"0",,"0","0","57",,,,"POINT (-122.41068505 37.807892133)","2024 May 28 03:16:47 PM","2024 May 28 03:16:47 PM","North Beach","3"
"15583","24980000","CALIFORNIA","STOCKTON","MECHANICAL",,"3",,"9256700","SIGNAL","ECONOLITE","2070-TS2-TYPE-1","2070-MSF-TS2-TYPE-1","ISOLATED",,,,"ALL",,"GPS","PROXIM","CABLE CAR PREEMPTION","1204848000000",,,,,,,,,,,,"2008",,,"0",,"0","0","10",,,,"POINT (-122.40753604 37.792249006)","2024 May 28 03:16:47 PM","2024 May 28 03:16:47 PM","Chinatown","3"
"14722","23937000","05TH ST","FOLSOM","OPTICOM,FH BUTTON",,"6",,"9035500","SIGNAL","MCCAIN","2070-TS2-1","MSF","75",,,,"ALL",,"GPS","PROXIM","TSP,FIRE PREEMPT","1360800000000",,,,,,,,,,,,"1956",,,"0",,"0","0","27",,,,"POINT (-122.403387209 37.780264972)","2024 May 28 03:15:57 PM","2024 May 28 03:15:57 PM","South of Market","6"
"15856","24526000","01ST ST","CLEMENTINA",,,"6",,"0","PENDING SIGNAL",,,,"74",,,,"PENDING",,,,,,,,,,,,,,,,,"0",,,"0",,"0","0","27",,,,"POINT (-122.395007842 37.787717615)","2024 May 28 03:16:47 PM","2024 May 28 03:16:47 PM","Financial District/South Beach","6"
"14664","25139000","ELLIS","LEAVENWORTH",,,"5",,"9320000","SIGNAL","MCCAIN","2070-TS2-1","G","78",,,,"ALL",,"GPS",,,"1457481600000",,,,,,,,,,,,"1967",,,"0",,"0","0","21",,,"APS iNS 3WIRE QUICKSTRIKE (10)","POINT (-122.414430199 37.784657141)","2024 May 28 03:15:57 PM","2024 May 28 03:15:57 PM","Tenderloin","5"
"14401","5331101","EVANS","MIDBLOCK",,"KEITH","10","MENDELL (POST OFFICE)","9334000","SIGNAL","EAGLE","2070-TS2-1","G","ISOLATED",,,"WIRELESS","ALL","YES","GPS",,,"1295827200000",,,,,,,,,,,,"1999",,,"0",,"0","0","24",,,,"POINT (-122.382781675 37.739900127)","2024 May 28 03:15:57 PM","2024 May 28 03:15:57 PM","Bayview Hunters Point","10"
"15844","34168000","04TH ST","LONG BRIDGE",,,"6",,"0","PENDING SIGNAL",,,,"ISOLATED",,,,"PENDING",,,,,,,,,,,,,,,,,"0",,,"0",,"0","0","23",,,"PENDING","POINT (-122.391434335 37.773466922)","2024 May 28 03:16:47 PM","2024 May 28 03:16:47 PM","Mission Bay","6"
"14769","26541000","JACKSON","VAN NESS","OPTICOM",,"2,3",,"9441000","SIGNAL","MCCAIN","2070-TS2-1","352i-ATC","13",,,,"ALL",,"GPS",,"TSP,FIRE PREEMPT","1478908800000",,,,,,,,,,,,"1948","101(b)",,"50","X","50","0","80",,,"APS iNS 2WIRE VAN NESS (9)","POINT (-122.423048804 37.793935005)","2024 May 28 03:15:57 PM","2024 May 28 03:15:57 PM","Russian Hill","3"
"15464","7038000","HOWARD","MIDBLOCK",,"03RD ST","6","04TH ST","9429500","SIGNAL","MCCAIN","2070-TS2-1","MSF","74","MASTER-GPS",,,"ALL","YES","GPS","12C",,"1459814400000",,,,,,,,,,,,"1992",,,"0",,"0","0","41",,,"APS ENAV 4WIRE MOSCONE (5)","POINT (-122.401544038 37.784169362)","2024 May 28 03:16:47 PM","2024 May 28 03:16:47 PM","South of Market","6"
"14880","26027000","OAK","SCOTT",,,"5",,"9501000","SIGNAL","ECONOLITE","2070-TS2-1","2070-MSF-TS2-TYPE-1","16",,,,"ALL",,"GPS","FIBER",,"1011744000000",,,,,,,,,,,,"1955",,,"0",,"0","0","58",,,,"POINT (-122.435751499 37.773345713)","2024 May 28 03:15:57 PM","2024 May 28 03:15:57 PM","Haight Ashbury","5"
"14480","33493000","ALEMANY","FARRAGUT",,,"11",,"9161500","SIGNAL","MCCAIN","2070-TS2-1","MSF65-ATC","ISOLATED",,,,"SOME PHASES",,"GPS",,,"1537401600000",,,,,,,,,,,,"1978",,,"0",,"0","0","01",,,,"POINT (-122.451954776 37.712055691)","2024 May 28 03:15:57 PM","2024 May 28 03:15:57 PM","Outer Mission","11"
"14898","24867000","GREENWICH","SANSOME",,,"3",,"9419500","SIGNAL","MCCAIN","2070-TS2-1","MSF65-ATC","ISOLATED",,,,"NONE",,"GPS",,,"1669680000000",,,,,,,,,,,,"1982",,,"0",,"0","0","22",,,,"POINT (-122.403159607 37.80309838)","2024 May 28 03:15:57 PM","2024 May 28 03:15:57 PM","Financial District/South Beach","3"
"14402","33708000","BROTHERHOOD","CHURCH PARKING LOT (655)",,,"7",,"9221000","SIGNAL","ECONOLITE","2070-TS2-TYPE-1","2070-MSF-TS2-TYPE-1","40",,,"LOOPS","ALL",,"GPS",,,,,,,,,,,,,,,"2001",,,"0",,"0","0","01",,,,"POINT (-122.475475099 37.714156974)","2024 May 28 03:15:57 PM","2024 May 28 03:15:57 PM","Lakeshore","7"
"15714","24291000","07TH ST","MINNA",,,"6",,"0","SIGNAL","MCCAIN","2070-TS2-1","MSF65-ATC","75",,,"WIRELESS","ALL","YES","GPS",,,"1581552000000",,,,,,,,,,,,"2020",,,"0",,"0","0","52",,,"APS iNAV 2WIRE CT 64 (6)","POINT (-122.410401492 37.778785373)","2024 May 28 03:16:47 PM","2024 May 28 03:16:47 PM","South of Market","6"
"15485","10293000","PARNASSUS","MIDBLOCK",,"03RD AVE","7","HILLWAY (UCSF HOSPITAL)","9510500","SIGNAL","MCCAIN","2070-TS2-1","MSF65-ATC","ISOLATED",,,,"ALL",,"GPS",,,"1610409600000",,,,,,,,,,,,"1974",,,"0",,"0","0","72",,,"APS 4WIRE PH2 (4)","POINT (-122.458665641 37.763201397)","2024 May 28 03:16:47 PM","2024 May 28 03:16:47 PM","Inner Sunset","7"
"15278","24496000","BEALE","FOLSOM",,,"6",,"9205500","SIGNAL","MCCAIN","2070-TS2-1","352i-ATC","74",,,,"ALL",,"GPS",,,"1407196800000",,,,,,,,,,,,"1972",,,"0",,"0","0","27",,,"APS INAV 2WIRE FOLSOM (8)","POINT (-122.392722833 37.788686662)","2024 May 28 03:15:57 PM","2024 May 28 03:15:57 PM","Financial District/South Beach","6"
"15889","27808001","43RD AVE","LINCOLN (WB)",,,"4",,"0","RADAR SPEED SIGN","RU2 Systems","RU2 Fast 250",,"N/A",,,,"N.A.",,,,,,,,,,,,,,,,,"2023",,,"0",,"0","0",,,,,"POINT (-122.502860203 37.764358471)","2024 May 28 03:16:47 PM","2024 May 28 03:16:47 PM","Golden Gate Park","4"
"14834","25962000","LAGUNA","TURK",,,"5",,"9455700","SIGNAL","MCCAIN","2070-TS2-1","MSF","71","MASTER-GPS",,,"ALL",,"GPS","12C",,"1442880000000",,,,,,,,,,,,"1955",,,"0",,"0","0","77",,,"PENDING","POINT (-122.427202756 37.781117127)","2024 May 28 03:15:57 PM","2024 May 28 03:15:57 PM","Western Addition","5"
"15796","8773201","MARKET","MIDBLOCK",,"HATTIE","8","MERRITT (WB)","0","RADAR SPEED SIGN",,,,"N/A",,,,"N.A.",,,,,,,,,,,,,,,,,"2018",,,"0",,"0","0",,,,,"POINT (-122.441183258 37.761117844)","2024 May 28 03:16:47 PM","2024 May 28 03:16:47 PM","Castro/Upper Market","8"
"14996","23991000","23RD ST","FOLSOM",,,"9",,"9131500","SIGNAL","MCCAIN","2070-TS2-1","MSF","84",,,,"PENDING",,"GPS",,,"1416355200000",,,,,,,,,,,,"1974",,,"0",,"0","0","26",,,"PENDING","POINT (-122.41423351 37.754098883)","2024 May 28 03:15:57 PM","2024 May 28 03:15:57 PM","Mission","9"
"15576","23531000","ILLINOIS","MARIN",,,"10",,"9436800","SIGNAL","ECONOLITE","2070-TS2-1","ECONOLITE-MSF-TALL","28",,,"VIDEO","ALL","YES","YES","FIBER","HEAVY RAIL,BRIDGE PREEMPT","1216166400000",,,,,,,,,,,,"2008",,,"0",,"0","25","85",,,,"POINT (-122.386427929 37.749065821)","2024 May 28 03:16:47 PM","2024 May 28 03:16:47 PM","Bayview Hunters Point","10"
"15024","25671000","20TH ST","GUERRERO",,,"8,9",,"9119500","SIGNAL","MCCAIN","2070-TS2-1","MSF","64",,,,"ALL",,"GPS",,,"1442966400000",,,,,,,,,,,,"1953",,,"0",,"0","0","37",,,"APS ENAV 2WIRE WALKFIRST PCS (8)","POINT (-122.423488531 37.758364548)","2024 May 28 03:15:57 PM","2024 May 28 03:15:57 PM","Mission","8"
"14929","25427000","MASON","UNION","MECHANICAL",,"3",,"9480500","SIGNAL","ECONOLITE","2070-TS2-1","MSF","ISOLATED",,,,"NONE",,,,"CABLE CAR PREEMPTION","1323302400000",,,,,,,,,,,,"1984",,,"0",,"0","0","64",,,,"POINT (-122.412471378 37.800032399)","2024 May 28 03:15:57 PM","2024 May 28 03:15:57 PM","Russian Hill","3"
"14514","21502000","LOWELL","MISSION","OPTICOM","NAGLEE","11",,"9470000","SIGNAL","ECONOLITE","2070-TS2-1","G","26",,,,"ALL",,"GPS","PROXIM","TSP,FIRE PREEMPT","1316044800000",,,,,,,,,,,,"1951",,,"0",,"0","0","54",,"CAB",,"POINT (-122.446383349 37.71143615)","2024 May 28 03:15:57 PM","2024 May 28 03:15:57 PM","Outer Mission","11"
"15389","25184000","TURK","VAN NESS","OPTICOM,TRANSIT BUTTON",,"2,5",,"9540000","SIGNAL","MCCAIN","2070-TS2-1","352i-ATC","49D",,"2003 CANDIDATE",,"ALL",,"GPS","FIBER","TSP,FIRE PREEMPT,TRANSIT PREEMPT","1478908800000",,,,,,,,,,,,"1948","101(b)",,"50","X","50","0","80",,"CABINET","APS iNS 2WIRE VAN NESS (8)","POINT (-122.42063825 37.781960766)","2024 May 28 03:15:57 PM","2024 May 28 03:15:57 PM","Western Addition","5"
"14703","25167000","LARKIN","POST",,,"3",,"9460500","SIGNAL","MCCAIN","2070-TS2-1","MSF","78",,,,"PENDING",,"GPS","PROXIM",,"1358985600000",,,,,,,,,,,,"1948",,,"0",,"0","0","45",,,"PENDING","POINT (-122.41827098 37.787037948)","2024 May 28 03:15:57 PM","2024 May 28 03:15:57 PM","Tenderloin","3"
"14780","26698000","FILBERT","FRANKLIN",,,"2",,"9344500","SIGNAL","MCCAIN","2070-TS2-1","MSF","49C",,,,"ALL",,"GPS","FIBER",,"1407369600000",,,,,,,,,,,,"1964",,,"0",,"0","0","29",,,,"POINT (-122.425813531 37.799275671)","2024 May 28 03:15:57 PM","2024 May 28 03:15:57 PM","Marina","2"
"14417","25954000","GROVE","WEBSTER",,,"5",,"9421700","SIGNAL","EAGLE","2070-TS2-1","MSF","71",,,,"ALL",,,"12C",,"1030406400000",,,,,,,,,,,,"2002",,,"0",,"0","0","20",,,,"POINT (-122.429686883 37.776976023)","2024 May 28 03:15:57 PM","2024 May 28 03:15:57 PM","Hayes Valley","5"
"15370","26607000","FILLMORE","SUTTER","OPTICOM",,"5",,"9351500","SIGNAL","MCCAIN","2070-TS2-1","MSF","73",,,,"NONE",,"GPS","PROXIM","TSP,FIRE PREEMPT","1435622400000",,,,,,,,,,,,"1954",,,"0",,"0","0","74",,,,"POINT (-122.43327158 37.786085429)","2024 May 28 03:15:57 PM","2024 May 28 03:15:57 PM","Pacific Heights","5"
"14912","24712000","JACKSON","SANSOME",,,"3",,"9440000","SIGNAL","MCCAIN","2070-TS2-1","MSF","78",,,,"ALL",,"GPS",,,"1464220800000",,,,,,,,,,,,"1973",,,"0",,"0","0","42",,,,"POINT (-122.40185339 37.796626165)","2024 May 28 03:15:57 PM","2024 May 28 03:15:57 PM","Chinatown","3"
"15671","32935000","17TH ST","CORBIN",,,"8",,"9091700","RADAR SPEED SIGN",,,,"N/A",,,,"N.A.",,,,,,,,,,,,,,,,,"2012",,,"0",,"0","0","07",,,,"POINT (-122.442908034 37.762023463)","2024 May 28 03:16:47 PM","2024 May 28 03:16:47 PM","Castro/Upper Market","8"
"15227","26821000","DIVISADERO","SACRAMENTO","OPTICOM",,"2",,"9303500","SIGNAL","MCCAIN","2070-TS2-1","MSF","73",,,,"ALL",,"GPS",,"TSP,FIRE PREEMPT","1430265600000",,,,,,,,,,,,"1972",,,"0",,"0","0","11",,,,"POINT (-122.440623619 37.78899526)","2024 May 28 03:15:57 PM","2024 May 28 03:15:57 PM","Pacific Heights","2"
"14444","20455000","03RD ST","FITZGERALD","VETAG",,"10",,"9015700","SIGNAL",,"2070-TS2-TYPE-1","2070-MSF-TS2-TYPE-1","28",,,"VIDEO","ALL","YES","GPS","FIBER","TSP","1106179200000",,,,,,,,,,,,"2005",,,"0",,"0","0","75",,,"APS 2WIRE PH1 (7)","POINT (-122.395264647 37.723222335)","2024 May 28 03:15:57 PM","2024 May 28 03:15:57 PM","Bayview Hunters Point","10"
"15372","26534000","BUCHANAN","CALIFORNIA",,,"2,5",,"9223500","SIGNAL","MCCAIN","2070-TS2-1","MSF","73",,,,"ALL",,"GPS","PROXIM",,"1438646400000",,,,,,,,,,,,"1985",,,"0",,"0","0","11",,,"APS ENAV 2WIRE CT 34 (8)","POINT (-122.430550999 37.789324497)","2024 May 28 03:15:57 PM","2024 May 28 03:15:57 PM","Pacific Heights","2"
"15186","26348000","ASHBURY","FELL",,,"5",,"9175500","SIGNAL","ECONOLITE","2070-TS2-TYPE-1","2070-MSF-TS2-TYPE-1","16",,,,"ALL",,"GPS","FIBER",,"1017705600000",,,,,,,,,,,,"1955",,,"0",,"0","0","25",,,,"POINT (-122.447497244 37.772790454)","2024 May 28 03:15:57 PM","2024 May 28 03:15:57 PM","Lone Mountain/USF","5"
"14921","25032000","GRANT","PACIFIC",,,"3",,"9411500","SIGNAL","MCCAIN","2070-TS2-1","MSF","04","MASTER",,,"NONE",,"GPS","12C",,"1521763200000",,,,,,,,,,,,"1959",,,"0",,"0","0","61",,,,"POINT (-122.406827678 37.796901906)","2024 May 28 03:15:57 PM","2024 May 28 03:15:57 PM","Chinatown","3"
"15470","6436208","GREAT HIGHWAY","JUDAH",,,"4",,"9414500","SIGNAL","MCCAIN","2070-TS2-1","G","38",,,,"ALL",,"GPS",,,"1370563200000",,,,,,,,,,,,"1988",,,"0",,"0","0","36",,,"APS 4WIRE PH2 (2)","POINT (-122.509874944 37.760272176)","2024 May 28 03:16:47 PM","2024 May 28 03:16:47 PM","Sunset/Parkside","4"
"14827","25972000","TURK","WEBSTER","FH BUTTON",,"5",,"9540500","SIGNAL","MCCAIN","2070-TS2-1","MSF","71",,,,"ALL",,"GPS",,"FIRE PREEMPT","1442966400000",,,,,,,,,,,,"1955",,,"0",,"0","0","77",,"CABINET","APS ENAV 2WIRE WEBSTER (8)","POINT (-122.430424415 37.780715573)","2024 May 28 03:15:57 PM","2024 May 28 03:15:57 PM","Western Addition","5"
"14584","24596000","HOWARD","NEW MONTGOMERY",,,"6",,"9430000","SIGNAL","MCCAIN","2070-TS2-1","MSF","74",,,,"ALL",,"GPS","FIBER",,"1334793600000",,,,,,,,,,,,"1957",,,"0",,"0","0","41",,,,"POINT (-122.398977168 37.786209492)","2024 May 28 03:15:57 PM","2024 May 28 03:15:57 PM","Financial District/South Beach","6"
"15254","30729000","BEALE","DAVIS","OPTICOM","MARKET","3,6","PINE","9205000","SIGNAL","EAGLE","2070-TS2-1","G","01D",,,,"ALL",,"GPS","FIBER,PROXIM","TSP,FIRE PREEMPT","1275609600000",,,,,,,,,,,,"1953",,,"0",,"0","0","50",,,,"POINT (-122.397383446 37.792405521)","2024 May 28 03:15:57 PM","2024 May 28 03:15:57 PM","Financial District/South Beach","6"
"14529","21023000","BAYSHORE","CORTLAND","OPTICOM",,"9,10",,"9197000","SIGNAL","EAGLE","2070-TS2-1","MSF","83",,,"WIRELESS","ALL","YES","GPS",,"TSP,FIRE PREEMPT","1286150400000",,,,,,,,,,,,"1971",,,"0",,"0","0","04",,,"APS ENAV 2WIRE PCS3 (7)","POINT (-122.406978586 37.739566273)","2024 May 28 03:15:57 PM","2024 May 28 03:15:57 PM","Bayview Hunters Point","10"
"15391","26062000","GOLDEN GATE","PIERCE",,,"5",,"9399000","SIGNAL","EAGLE","2070-TS2-1","G","71",,,,"ALL",,,,,"1257379200000",,,,,,,,,,,,"1955",,,"0",,"0","0","34",,,"PENDING","POINT (-122.435241012 37.779144878)","2024 May 28 03:15:57 PM","2024 May 28 03:15:57 PM","Western Addition","5"
"15299","24510000","02ND ST","HARRISON",,,"6",,"9005000","SIGNAL","MCCAIN","2070-TS2-1","MSF","74",,,,"ALL",,"GPS","FIBER,PROXIM",,"1253923200000",,,,,,,,,,,,"1957",,,"0",,"0","0","39",,"CK CONT","APS ENAV 2WIRE 2ND ST (8)","POINT (-122.395160622 37.784311012)","2024 May 28 03:15:57 PM","2024 May 28 03:15:57 PM","Financial District/South Beach","6"
"15568","23574000","ILLINOIS","MARIPOSA",,"TERRY A FRANCOIS","6,10",,"9436900","SIGNAL","MCCAIN","2070-TS2-1","MSF TALL","28",,,"VIDEO (GRIDSMART with Performance Module)","ALL","YES","GPS","FIBER",,"1567728000000",,,,,,,,,,,,"2019",,,"0",,"0","25","85",,,"APS ENAV 2WIRE WARRIORS (10)","POINT (-122.387916811 37.764379371)","2024 May 28 03:16:47 PM","2024 May 28 03:16:47 PM","Mission Bay","6"
"15712","23652000","04TH ST","MARIPOSA",,"MINNESOTA","6,10",,"9031100","SIGNAL","MCCAIN","2070-TS2-1","MSF Tall","28",,,"WIRELESS","ALL","YES","GPS","FIBER",,"1442534400000",,,,,,,,,,,,"2015",,,"0",,"0","0","23",,,,"POINT (-122.390817277 37.764200765)","2024 May 28 03:16:47 PM","2024 May 28 03:16:47 PM","Potrero Hill","10"
"15745","21487000","ALEMANY","NIAGARA",,,"11",,"9163250","SIGNAL","MCCAIN","2070-TS2-1","MSF","45",,,"WIRELESS","ALL","YES","GPS",,,"1537401600000",,,,,,,,,,,,"2018",,,"0",,"0","0","01",,,"APS ENAV 2WIRE WF NEW (10)","POINT (-122.443431269 37.716970222)","2024 May 28 03:16:47 PM","2024 May 28 03:16:47 PM","Outer Mission","11"
"15380","26504000","BUSH","GOUGH",,,"2,5",,"9231500","SIGNAL","MCCAIN","2070-TS2-1","MSF","49","MASTER-GPS",,,"ALL",,"GPS","FIBER",,"1077062400000",,,,,,,,,,,,"1949",,,"0",,"0","0","35",,,"APS iNAV 3WIRE GOUGH (8)","POINT (-122.425236501 37.788070188)","2024 May 28 03:15:57 PM","2024 May 28 03:15:57 PM","Western Addition","2"
"14867","26038000","FELL","STEINER",,,"5",,"9343000","SIGNAL","ECONOLITE","2070-TS2-TYPE-1","MSF","16",,,,"ALL",,"GPS","FIBER",,"1013644800000",,,,,,,,,,,,"1955",,,"0",,"0","0","25",,,,"POINT (-122.432648622 37.77469266)","2024 May 28 03:15:57 PM","2024 May 28 03:15:57 PM","Hayes Valley","5"
"15077","32920000","18TH ST","MARKET",,,"8",,"9099500","SIGNAL","MCCAIN","2070-TS2-1","MSF","21",,,,"ALL",,"GPS",,,"1430784000000",,,,,,,,,,,,"1985",,,"0",,"0","0","49",,,,"POINT (-122.444629429 37.759708374)","2024 May 28 03:15:57 PM","2024 May 28 03:15:57 PM","Castro/Upper Market","8"
"15015","24192000","10TH ST","BRYANT","OPTICOM","US-101 S ON RAMP","6",,"9065000","SIGNAL","ECONOLITE","2070-TS2-1","G","16B",,,,"ALL",,"GPS","PROXIM","FIRE PREEMPT","1303344000000",,,,,,,,,,,,"1948","101(a)",,"20","X","80","0","07",,,,"POINT (-122.40973589 37.770348517)","2024 May 28 03:15:57 PM","2024 May 28 03:15:57 PM","Mission","6"
"15259","30049000","CALIFORNIA","DRUMM","MECHANICAL",,"3",,"9244500","SIGNAL","MCCAIN","2070-TS2-1","MSF","01D",,,,"ALL",,"GPS","FIBER","CABLE CAR PREEMPTION","1374710400000",,,,,,,,,,,,"1949",,,"0",,"0","0","10",,,,"POINT (-122.396390415 37.793663778)","2024 May 28 03:15:57 PM","2024 May 28 03:15:57 PM","Financial District/South Beach","3"
"15732","5406100","BUCHANAN","MCALLISTER",,,"5",,"9226300","BEACON - RRFB","JSF","AB-9X07",,"BEACON",,,,"N.A.","YES",,,,,,,,,,,,,,,,"2018",,,"0",,"0","0",,,,,"POINT (-122.42847735 37.779049473)","2024 May 28 03:16:47 PM","2024 May 28 03:16:47 PM","Western Addition","5"
"15494","26460000","TAMALPAIS","TURK",,,"1",,"9539000","SIGNAL","MCCAIN","2070-TS2-1","G","44",,,"LOOPS","ALL","YES","GPS",,,"1536019200000",,,,,,,,,,,,"1999",,,"0",,"0","0","77",,"CABINET",,"POINT (-122.448879207 37.778389429)","2024 May 28 03:16:47 PM","2024 May 28 03:16:47 PM","Lone Mountain/USF","1"
"14527","21326000","CORTLAND","MISSION","OPTICOM",,"9",,"9290500","SIGNAL","MCCAIN","2070-TS2-1","MSF65-ATC","25","MASTER-GPS",,,"ALL",,"GPS","PROXIM","TSP,FIRE PREEMPT","1362873600000",,,,,,,,,,,,"1954",,,"0",,"0","0","54",,,,"POINT (-122.422840577 37.741027407)","2024 May 28 03:15:57 PM","2024 May 28 03:15:57 PM","Bernal Heights","9"
"15697","24586000","FOLSOM","MABINI",,,"6",,"9354300","SIGNAL","MCCAIN","2070-TS2-1","MSF","75",,,,"ALL",,"GPS",,,"1522886400000",,,,,,,,,,,,"2018",,,"0",,"0","0","27",,,"APS ENAV 2WIRE CT63 (6)","POINT (-122.400374367 37.782644516)","2024 May 28 03:16:47 PM","2024 May 28 03:16:47 PM","South of Market","6"
"15413","30719000","BATTERY","FILBERT",,"LEVI PLAZA","3",,"9185500","SIGNAL","MCCAIN","2070-TS2-1","G","ISOLATED",,,,"ALL",,"GPS",,,"1502668800000",,,,,,,,,,,,"1982",,,"0",,"0","0","22",,,,"POINT (-122.401793646 37.80231058)","2024 May 28 03:16:47 PM","2024 May 28 03:16:47 PM","Financial District/South Beach","3"
"15881","24389000","12TH ST","STEVENSON",,,"6",,"0","OTHER",,,"342",,,,,,,,"FIBER_HUB",,,,,,,,,,,,,,"0",,,"0",,"0","0",,,,,"POINT (-122.419663576 37.773893124)","2024 May 28 03:16:47 PM","2024 May 28 03:16:47 PM","Mission","6"
"14999","24075000","23RD ST","SOUTH VAN NESS","OPTICOM",,"9",,"9133500","SIGNAL","MCCAIN","2070-TS2-1","MSF","64",,,,"ALL",,"GPS",,"FIRE PREEMPT","1507680000000",,,,,,,,,,,,"1967",,,"0",,"0","0","71",,,"APS ENAV 2WIRE WALKFIRST PCS (8)","POINT (-122.416413489 37.75396777)","2024 May 28 03:15:57 PM","2024 May 28 03:15:57 PM","Mission","9"
"15167","27890000","36TH AVE","GEARY","OPTICOM",,"1",,"9156500","SIGNAL","EAGLE","2070-TS2-1","MSF","69",,,,"ALL",,"GPS","FIBER,PROXIM","FIRE PREEMPT","1344124800000",,,,,,,,,,,,"1950",,,"0",,"0","0","31",,,,"POINT (-122.496523869 37.779550582)","2024 May 28 03:15:57 PM","2024 May 28 03:15:57 PM","Outer Richmond","1"
"14478","22459000","CAPITOL","SAGAMORE","FH BUTTON",,"11",,"9260000","SIGNAL","EAGLE","2070-TS2-1","MSF","51",,,"WIRELESS","ALL","YES","GPS",,"FIRE PREEMPT","1255651200000",,,,,,,,,,,,"1976",,,"0",,"0","0","70",,,"APS ENAV 2WIRE CT34 (8)","POINT (-122.459005468 37.71138733)","2024 May 28 03:15:57 PM","2024 May 28 03:15:57 PM","Oceanview/Merced/Ingleside","11"
"14543","22943000","14TH AVE","PORTOLA",,"SAN ANSELMO","7","SANTA ANA","9074500","SIGNAL","MCCAIN","2070-TS2-1","G","33",,,,"ALL",,"GPS",,,"1432771200000",,,,,,,,,,,,"1954",,,"0",,"0","0","65",,,,"POINT (-122.468309609 37.737417148)","2024 May 28 03:15:57 PM","2024 May 28 03:15:57 PM","West of Twin Peaks","7"
"14491","21751000","MISSION","ONONDAGA","OPTICOM",,"11",,"9488500","SIGNAL","MCCAIN","2070-TS2-1","MSF65-ATC","26",,,,"ALL",,"GPS","PROXIM","TSP,FIRE PREEMPT","1368576000000",,,,,,,,,,,,"1955",,,"0",,"0","0","54",,,,"POINT (-122.437461139 37.721163549)","2024 May 28 03:15:57 PM","2024 May 28 03:15:57 PM","Excelsior","11"
"14572","30734000","02ND ST","MARKET","OPTICOM",,"3,6",,"9006500","SIGNAL","MCCAIN","2070-TS2-1","MSF","01D",,,,"ALL",,"GPS","FIBER,PROXIM","FIRE PREEMPT","1347580800000",,,,,,,,,,,,"1959",,,"0",,"0","0","50",,"CK CAB","APS 4WIRE MARKET (6)","POINT (-122.401375491 37.789264322)","2024 May 28 03:15:57 PM","2024 May 28 03:15:57 PM","Financial District/South Beach","6"
"15428","26004000","14TH ST","CASTRO",,,"8",,"9075000","SIGNAL","MCCAIN","2070-TS2-1","G","19","MASTER-GPS",,,"ALL",,"GPS",,,"1355356800000",,,,,,,,,,,,"1968",,,"0",,"0","0","13",,,,"POINT (-122.435624141 37.767327959)","2024 May 28 03:16:47 PM","2024 May 28 03:16:47 PM","Castro/Upper Market","8"
"15716","26932000","BEAUMONT","COMMONWEALTH","OPTICOM","GEARY","2",,"0","SIGNAL","MCCAIN","2070-TS2-1","MSF72","15",,,,"ALL","YES",,"FIBER","TSP,FIRE PREEMPT","1614816000000",,,,,,,,,,,,"2021",,,"0",,"0","0","31",,,"APS iNAV 2WIRE GEARY (7)","POINT (-122.45528075 37.781458661)","2024 May 28 03:16:47 PM","2024 May 28 03:16:47 PM","Lone Mountain/USF","2"
"15821","21540000","MISSION","WHIPPLE",,,"11",,"0","BEACON - RRFB","JSF","AB-9X07",,"BEACON",,,,"n.a.","YES",,,,,,,,,,,,,,,,"2020",,,"0",,"0","0",,,,,"POINT (-122.447672443 37.710748523)","2024 May 28 03:16:47 PM","2024 May 28 03:16:47 PM","Excelsior","11"
"14785","25219000","SUTTER","VAN NESS","OPTICOM",,"2,3",,"9538000","SIGNAL","MCCAIN","2070-TS2-1","352i-ATC","49E",,,,"ALL",,"GPS",,"TSP,FIRE PREEMPT","1336867200000",,,,,,,,,,,,"1948","101(b)",,"50","X","50","0","80",,"CABINET/CONT","APS iNS 2WIRE VAN NESS (9)","POINT (-122.421758104 37.78754814)","2024 May 28 03:15:57 PM","2024 May 28 03:15:57 PM","Nob Hill","3"
"15589","25286000","HYDE","VALLEJO","MECHANICAL",,"3",,"9436200","SIGNAL","ECONOLITE","2070-TS2-TYPE-1","2070-MSF-TS2-TYPE-1","ISOLATED",,,,"ALL",,,,"CABLE CAR PREEMPTION","1233619200000",,,,,,,,,,,,"2009",,,"0",,"0","0","64",,,,"POINT (-122.418671668 37.79733383)","2024 May 28 03:16:47 PM","2024 May 28 03:16:47 PM","Russian Hill","3"
"15600","10549000","GOODLETT","MIDBLOCK",,"GROVE","5","MCALLISTER","9401700","SIGNAL","MCCAIN","2070-TS2-1","G","78",,,,"ALL",,"GPS",,,"1428537600000",,,,,,,,,,,,"2015",,,"0",,"0","0","64",,,"APS ENAV 4WIRE CITY HALL (2)","POINT (-122.418405884 37.779342996)","2024 May 28 03:16:47 PM","2024 May 28 03:16:47 PM","Tenderloin","5"
"15003","25603000","24TH ST","GUERRERO",,,"8,9",,"9137000","SIGNAL","MCCAIN","2070-TS2-1","MSF","64",,,,"ALL",,"GPS",,,"1433808000000",,,,,,,,,,,,"1953",,,"0",,"0","0","37",,,,"POINT (-122.422878833 37.751971625)","2024 May 28 03:15:57 PM","2024 May 28 03:15:57 PM","Mission","8"
"15773","24141000","16TH ST","SHOTWELL",,,"9",,"0","SIGNAL","MCCAIN","2070-TS2-1","MSF65-ATC","64",,,,"ALL",,"GPS",,,"1690848000000",,,,,,,,,,,,"2023",,,"0",,"0","0","15",,,"PENDING","POINT (-122.416387523 37.765249494)","2024 May 28 03:16:47 PM","2024 May 28 03:16:47 PM","Mission","9"
"15044","24160000","18TH ST","VALENCIA",,,"9",,"9101500","SIGNAL","MCCAIN","2070-TS2-1","G","22",,,,"ALL",,"GPS",,,"1413849600000",,,,,,,,,,,,"1953",,,"0",,"0","0","79",,,"APS iNS 3WIRE QUICKSTRIKE (9)","POINT (-122.4215784 37.761700909)","2024 May 28 03:15:57 PM","2024 May 28 03:15:57 PM","Mission","9"
"15693","20427000","ESQUINA","GENEVA","OPTICOM",,"10",,"9331600","SIGNAL","MCCAIN","2070-TS2-1","MSF","70",,,"WIRELESS","ALL","YES","GPS","PROXIM","TSP,FIRE PREEMPT","1552521600000",,,,,,,,,,,,"2019",,,"0",,"0","0","33",,,"APS ENAV 2WIRE WF NEW (5)","POINT (-122.42161733 37.708743055)","2024 May 28 03:16:47 PM","2024 May 28 03:16:47 PM","Visitacion Valley",
"15708","27527000","28TH AVE","FULTON","OPTICOM",,"1",,"9149300","SIGNAL","MCCAIN","2070-TS2-1","MSF","55",,,"WIRELESS","ALL","YES","GPS",,"TSP,FIRE PREEMPT","1512000000000",,,,,,,,,,,,"2017",,,"0",,"0","0","30",,,"APS ENAV 2WIRE CT63 (6)","POINT (-122.487398289 37.772423078)","2024 May 28 03:16:47 PM","2024 May 28 03:16:47 PM","Outer Richmond","1"
"15702","22049000","MISSION","SENECA","OPTICOM",,"11",,"9490300","SIGNAL","MCCAIN","2070-TS2-1","MSF","30",,,,"ALL",,"GPS","PROXIM","TSP,FIRE PREEMPT","1535587200000",,,,,,,,,,,,"2018",,,"0",,"0","0","54",,,"APS ENAV 2WIRE WF NEW (6)","POINT (-122.440106607 37.71766531)","2024 May 28 03:16:47 PM","2024 May 28 03:16:47 PM","Excelsior","11"
"15519","12553101","EMBARCADERO","MIDBLOCK",,"FERRY BUILDING SB","3",,"9323500","SIGNAL","ECONOLITE","2070-TS2-1","MSF","09",,,,"ALL",,"GPS","FIBER,PROXIM",,"1291680000000",,,,,,,,,,,,"2000",,,"0",,"0","100","23",,,"APS iNS 3WIRE HARDWARE REPLACEMENT PH 1 (2)","POINT (-122.394231626 37.794883913)","2024 May 28 03:16:47 PM","2024 May 28 03:16:47 PM","Financial District/South Beach","3"
"15310","23611000","CESAR CHAVEZ","PENNSYLVANIA",,,"10",,"9269000","SIGNAL","ECONOLITE","2070-TS2-1","MSF","ISOLATED",,,"WIRELESS&LOOPS","ALL","YES","GPS",,,"1317254400000",,,,,,,,,,,,"1966","280",,"25","X","75","0","14",,,"APS iNS 2WIRE CALTRANS APS (11)","POINT (-122.392381993 37.750021506)","2024 May 28 03:15:57 PM","2024 May 28 03:15:57 PM","Bayview Hunters Point","10"
"14677","24945000","JONES","O'FARRELL","OPTICOM",,"5",,"9444000","SIGNAL","MCCAIN","2070-TS2-1","MSF","78",,,,"ALL",,"GPS","PROXIM","TSP,FIRE PREEMPT","1337385600000",,,,,,,,,,,,"1957",,,"0",,"0","0","60",,,"APS iNS 3WIRE QUICKSTRIKE (10)","POINT (-122.412969667 37.785789584)","2024 May 28 03:15:57 PM","2024 May 28 03:15:57 PM","Tenderloin","5"
"15145","27483000","GEARY","PARK PRESIDIO","OPTICOM",,"1",,"9384500","SIGNAL","ECONOLITE","2070-TS2-1","332","15","MASTER-GPS","2003 CANDIDATE",,"ALL",,"GPS","PROXIM","TSP,FIRE PREEMPT","1242086400000",,,,,,,,,,,,"1946","1(a)",,"50","X","50","0","62",,,"APS ENAV 2WIRE 19thAV (8)","POINT (-122.472312256 37.780655828)","2024 May 28 03:15:57 PM","2024 May 28 03:15:57 PM","Outer Richmond","1"
"14667","24655000","GEARY","GRANT","OPTICOM",,"3",,"9380000","SIGNAL","ECONOLITE","2070-TS2-TYPE-1","2070-MSF-TS2-TYPE-1","78",,,,"ALL",,"GPS","PROXIM","TSP,FIRE PREEMPT","1109808000000",,,,,,,,,,,,"1957",,,"0",,"0","0","32",,,,"POINT (-122.405041398 37.787765496)","2024 May 28 03:15:57 PM","2024 May 28 03:15:57 PM","Financial District/South Beach","3"
"15907","24300000","HOWARD","RAUSCH",,,"6",,"0","FUTURE SIGNAL",,,,,,,,"FUTURE",,,,,,,,,,,,,,,,,"0",,,"0",,"0","0","41",,,"FUTURE","POINT (-122.410492539 37.77708724)","2024 May 28 03:16:47 PM","2024 May 28 03:16:47 PM","South of Market","6"
"14431","20244000","03RD ST","DAVIDSON","VETAG","PHELPS","10",,"9014700","SIGNAL","ECONOLITE","2070-TS2-1","2070-MSF-TS2-TYPE-1","28",,,"VIDEO","ALL","YES","GPS","FIBER","TSP","1125446400000",,,,,,,,,,,,"2005",,,"0",,"0","0","75",,,"APS 4WIRE PH1 (11)","POINT (-122.387629454 37.743527928)","2024 May 28 03:15:57 PM","2024 May 28 03:15:57 PM","Bayview Hunters Point","10"
"14871","25899000","FILLMORE","HAIGHT","OPTICOM",,"5",,"9347000","SIGNAL","MCCAIN","2070-TS2-1","G","20","MASTER-GPS",,,"ALL",,"GPS","FIBER,PROXIM","TSP,FIRE PREEMPT","1457395200000",,,,,,,,,,,,"1956",,,"0",,"0","0","38",,,,"POINT (-122.430433918 37.772108258)","2024 May 28 03:15:57 PM","2024 May 28 03:15:57 PM","Hayes Valley","5"
"15517","27248000","04TH AVE","GEARY","OPTICOM",,"1",,"9026800","SIGNAL","ECONOLITE","2070-TS2-TYPE-1","MSF","15",,,,"ALL",,"GPS","PROXIM","TSP,FIRE PREEMPT","1081814400000",,,,,,,,,,,,"2004",,,"0",,"0","0","31",,,,"POINT (-122.462139277 37.781110995)","2024 May 28 03:16:47 PM","2024 May 28 03:16:47 PM","Inner Richmond","1"
"14695","24435000","FULTON","LARKIN",,,"5",,"9375500","SIGNAL","MCCAIN","2070-TS2-1","MSF","78",,,,"ALL",,"GPS",,,"1457395200000",,,,,,,,,,,,"1996",,,"0",,"0","0","45",,,"APS 4WIRE PH1 (6)","POINT (-122.416768093 37.779584438)","2024 May 28 03:15:57 PM","2024 May 28 03:15:57 PM","Tenderloin","5"
"14415","25465000","COLUMBUS","JANSEN",,"LOMBARD","3","NEWELL","9288200","SIGNAL","EAGLE","2070-TS2-TYPE-1","2070-MSF-TS2-TYPE-1","07",,,"WIRELESS","ALL",,"GPS",,,"1025049600000",,,,,,,,,,,,"2002",,,"0",,"0","0","18",,,,"POINT (-122.41371875 37.802743202)","2024 May 28 03:15:57 PM","2024 May 28 03:15:57 PM","North Beach","3"
"15789","23245000","EL MIRASOL","SLOAT",,,"4",,"0","CALTRANS - HAWK",,,,"CALTRANS",,,,"ALL","YES",,,,,,,,,,,,,,,,"2018","35(b)","X","100",,"0","0","not ours",,,"APS HAWK","POINT (-122.485933094 37.734246836)","2024 May 28 03:16:47 PM","2024 May 28 03:16:47 PM","Sunset/Parkside","4"
"14727","24209000","09TH ST","HARRISON","OPTICOM",,"6",,"9061000","SIGNAL","MCCAIN","2070-TS2-1","MSF","75",,,,"ALL",,"GPS","PROXIM","TSP,FIRE PREEMPT","1424131200000",,,,,,,,,,,,"1955",,,"0",,"0","0","39",,,,"POINT (-122.410076848 37.772526444)","2024 May 28 03:15:57 PM","2024 May 28 03:15:57 PM","South of Market","6"
"15064","24132000","18TH ST","SOUTH VAN NESS","OPTICOM",,"9",,"9101000","SIGNAL","MCCAIN","2070-TS2-1","MSF","64",,,,"ALL",,"GPS",,"FIRE PREEMPT","1440028800000",,,,,,,,,,,,"1954",,,"0",,"0","0","71",,,,"POINT (-122.417178937 37.761967529)","2024 May 28 03:15:57 PM","2024 May 28 03:15:57 PM","Mission","9"
"14462","22554000","BROTHERHOOD","CHUMASERO",,"THOMAS MORE","7",,"9220500","SIGNAL","ECONOLITE","2070-TS2-1","MSF","40","TBC MASTER",,"WIRELESS&LOOPS","ALL",,"GPS",,,"1110412800000",,,,,,,,,,,,"1980",,,"0",,"0","0","01",,,,"POINT (-122.472737205 37.712927374)","2024 May 28 03:15:57 PM","2024 May 28 03:15:57 PM","Lakeshore","7"
"15439","26354000","FELL","LYON",,,"5",,"9340000","SIGNAL","ECONOLITE","2070-TS2-TYPE-1","MSF","16",,,,"ALL",,"GPS","FIBER",,"1017100800000",,,,,,,,,,,,"1955",,,"0",,"0","0","25",,,,"POINT (-122.44256485 37.773424225)","2024 May 28 03:16:47 PM","2024 May 28 03:16:47 PM","Lone Mountain/USF","5"
"14406","25098000","MASON","WASHINGTON","MECHANICAL",,"3",,"9481000","FLASHER",,,"STD","FLASHER",,,,"n.a.",,,,"CABLE CAR PREEMPTION",,,,,,,,,,,,,"1985",,,"0",,"0","0","81",,,,"POINT (-122.411364043 37.794526653)","2024 May 28 03:15:57 PM","2024 May 28 03:15:57 PM","Nob Hill","3"
"14416","25276000","HYDE","JACKSON","MECHANICAL",,"3",,"9431700","SIGNAL","EAGLE","2070-TS2-1","MSF-????","06",,,,"ALL",,"YES",,"CABLE CAR PREEMPTION","1041897600000",,,,,,,,,,,,"2003",,,"0",,"0","0","64",,,,"POINT (-122.418112287 37.794567362)","2024 May 28 03:15:57 PM","2024 May 28 03:15:57 PM","Russian Hill","3"
"15419","24696000","BATTERY","JACKSON","OPTICOM",,"3",,"9186000","SIGNAL","MCCAIN","2070-TS2-1","G","78",,,,"ALL",,"GPS",,"FIRE PREEMPT","1456272000000",,,,,,,,,,,,"1968",,,"0",,"0","0","42",,,,"POINT (-122.400681337 37.796776843)","2024 May 28 03:16:47 PM","2024 May 28 03:16:47 PM","Chinatown","3"
"15182","26344000","MASONIC","PAGE",,,"5",,"9482000","SIGNAL","MCCAIN","2070-TS2-1","MSF","16",,,,"ALL",,"GPS",,"TSP-Planned","1492560000000",,,,,,,,,,,,"1971",,,"0",,"0","0","38",,,,"POINT (-122.445535278 37.771141934)","2024 May 28 03:15:57 PM","2024 May 28 03:15:57 PM","Haight Ashbury","5"
"15893","24282000","06TH ST","NATOMA",,,"6",,"0","SIGNAL","MCCAIN","2070-TS2-1","352i-ATC","75",,,"WIRELESS","ALL","YES","GPS",,,"1695081600000",,,,,,,,,,,,"2023",,,"0",,"0","0","41",,,"APS iNS 2WIRE 6TH ST STREETSCAPE (8)","POINT (-122.407678201 37.780157081)","2024 May 28 03:16:47 PM","2024 May 28 03:16:47 PM","South of Market","6"
"15203","26802000","DIVISADERO","O'FARRELL","OPTICOM",,"2,5",,"9301000","SIGNAL","MCCAIN","2070-TS2-1","MSF","71",,,,"FUTURE",,"GPS","WIRELESS","TSP,FIRE PREEMPT","1579046400000",,,,,,,,,,,,"1978",,,"0",,"0","0","60",,,"FUTURE","POINT (-122.439297625 37.782450481)","2024 May 28 03:15:57 PM","2024 May 28 03:15:57 PM","Western Addition","5"
"15147","27249000","05TH AVE","GEARY","OPTICOM",,"1",,"9033000","SIGNAL","ECONOLITE","2070-TS2-TYPE-1","MSF","15",,,,"ALL",,"GPS","PROXIM","TSP,FIRE PREEMPT","1081900800000",,,,,,,,,,,,"1959",,,"0",,"0","0","31",,,,"POINT (-122.46321068 37.781070165)","2024 May 28 03:15:57 PM","2024 May 28 03:15:57 PM","Inner Richmond","1"
"15285","23597000","BRANNAN","EMBARCADERO","VETAG","PIER 34","6",,"9209000","SIGNAL","ECONOLITE","2070-TS2-TYPE-1","2070-MSF-TS2-TYPE-1","09",,,"WIRELESS&LOOPS","ALL","YES","GPS",,"TSP","1137628800000",,,,,,,,,,,,"1994",,,"0",,"0","67","23",,,"APS 4WIRE PH2 (11)","POINT (-122.388023039 37.784773414)","2024 May 28 03:15:57 PM","2024 May 28 03:15:57 PM","Financial District/South Beach","6"
"15813","21475000","GENEVA","LONDON","OPTICOM",,"11",,"0","SIGNAL","MCCAIN","2070-TS2-1","MSF65-ATC","30",,,"VIDEO (GRIDSMART)","ALL","YES","GPS","PROXIM","TSP,FIRE PREEMPT","1671667200000",,,,,,,,,,,,"2022",,,"0",,"0","0","33",,,"APS iNS 2WIRE GENEVA (7)","POINT (-122.440255134 37.71603882)","2024 May 28 03:16:47 PM","2024 May 28 03:16:47 PM","Excelsior","11"
"14537","22102000","OCEAN","SAN JOSE","TRACK CIRCUIT",,"11",,"9504500","SIGNAL","EAGLE","2070-TS2-1","MSF","ISOLATED",,,,"ALL",,,,"TRANSIT PREEMPT","1311292800000",,,,,,,,,,,,"1949",,,"0",,"0","0","70",,,"APS iNS 3WIRE HARDWARE REPLACEMENT PH 1 (8)","POINT (-122.444746625 37.722966572)","2024 May 28 03:15:57 PM","2024 May 28 03:15:57 PM","Outer Mission","11"
"14745","26758000","BEACH","BUCHANAN",,"MARINA","2",,"9201000","SIGNAL","MCCAIN","2070-TS2-1","MSF","11",,,,"ALL",,"GPS",,,"1333411200000",,,,,,,,,,,,"1986",,,"0",,"0","0","48",,,,"POINT (-122.433797945 37.805043288)","2024 May 28 03:15:57 PM","2024 May 28 03:15:57 PM","Marina","2"
"14453","20700000","EVANS","RANKIN",,,"10",,"9335500","SIGNAL","ECONOLITE","2070-TS2-1","MSF","ISOLATED",,,"WIRELESS","ALL","YES",,,"HEAVY RAIL PREEMPT","1327449600000",,,,,,,,,,,,"1994",,,"0",,"0","0","24",,,,"POINT (-122.392182341 37.745100999)","2024 May 28 03:15:57 PM","2024 May 28 03:15:57 PM","Bayview Hunters Point","10"
"14850","26044000","EDDY","FILLMORE","OPTICOM",,"5",,"9310500","SIGNAL","EAGLE","2070-TS2-1","MSF","71",,,,"FUTURE",,"GPS","PROXIM","TSP,FIRE PREEMPT","1311206400000",,,,,,,,,,,,"1981",,,"0",,"0","0","20",,,"FUTURE","POINT (-122.432328981 37.781428371)","2024 May 28 03:15:57 PM","2024 May 28 03:15:57 PM","Western Addition","5"
"14684","24900000","ELLIS","MASON","OPTICOM",,"3,5",,"9320500","SIGNAL","MCCAIN","2070-TS2-1","MSF","78",,,,"ALL",,"GPS","PROXIM","TSP,FIRE PREEMPT","1374105600000",,,,,,,,,,,,"1969",,,"0",,"0","0","21",,,,"POINT (-122.409497526 37.785282917)","2024 May 28 03:15:57 PM","2024 May 28 03:15:57 PM","Tenderloin","3"
"15084","23204000","19TH AVE","QUINTARA","OPTICOM",,"4,7",,"9109000","SIGNAL","ECONOLITE","2070-TS2-1","332","36",,,"LOOPS","ALL","YES","GPS","FIBER","TSP,FIRE PREEMPT","1235520000000",,,,,,,,,,,,"1946","1(a)",,"50","X","50","0","56",,,"APS ENAV 2WIRE 19thAV (8)","POINT (-122.476033099 37.748647508)","2024 May 28 03:15:57 PM","2024 May 28 03:15:57 PM","West of Twin Peaks","7"
"14620","24959000","JONES","SUTTER","OPTICOM",,"3",,"9445500","SIGNAL","MCCAIN","2070-TS2-1","MSF","78",,,,"ALL",,"GPS","PROXIM","TSP,FIRE PREEMPT","1399420800000",,,,,,,,,,,,"1961",,,"0",,"0","0","74",,,,"POINT (-122.413541442 37.788598204)","2024 May 28 03:15:57 PM","2024 May 28 03:15:57 PM","Nob Hill","3"
"14609","24749000","GRANT","SACRAMENTO","OPTICOM",,"3",,"9413000","SIGNAL","MCCAIN","2070-TS2-1","MSF","ISOLATED",,,,"SOME PHASES",,"GPS","PROXIM","TSP,FIRE PREEMPT","1438214400000",,,,,,,,,,,,"1974",,,"0",,"0","0","69",,,,"POINT (-122.406129484 37.793379705)","2024 May 28 03:15:57 PM","2024 May 28 03:15:57 PM","Chinatown","3"
"15094","27104000","07TH AVE","LAWTON",,"WARREN","7",,"9046500","SIGNAL","MCCAIN","2070-TS2-1","MSF","35",,,,"ALL",,"GPS",,,"1406073600000",,,,,,,,,,,,"1965",,,"0",,"0","0","46",,,,"POINT (-122.463781528 37.758538181)","2024 May 28 03:15:57 PM","2024 May 28 03:15:57 PM","Inner Sunset","7"
"15582","26529000","CALIFORNIA","OCTAVIA",,,"2,5",,"9252700","SIGNAL","ECONOLITE","2070-TS2-TYPE-1","2070-TS2-TYPE-1","73",,,,"ALL",,"GPS","PROXIM",,"1190332800000",,,,,,,,,,,,"2007",,,"0",,"0","0","10",,,,"POINT (-122.427260407 37.78974286)","2024 May 28 03:16:47 PM","2024 May 28 03:16:47 PM","Pacific Heights","5"
"14972","23967000","22ND ST EAST","POTRERO","OPTICOM",,"9,10",,"9129000","SIGNAL","MCCAIN","2070-TS2-1","MSF","23",,,,"ALL",,"GPS","FIBER,PROXIM","TSP,FIRE PREEMPT","1365638400000",,,,,,,,,,,,"1948",,,"0",,"0","0","67",,,"APS ENAV 2WIRE POTRERO STSCAPE (6)","POINT (-122.406699001 37.756833734)","2024 May 28 03:15:57 PM","2024 May 28 03:15:57 PM","Mission","9"
"15027","25804000","16TH ST","MARKET","VETAG","NOE","8",,"9087000","SIGNAL","MCCAIN","2070-TS2-1","352i-ATC","21",,"YES-UPSTEALTH",,"ALL",,"GPS","FIBER","TRANSIT PREEMPT","1292371200000",,,,,,,,,,,,"1950",,,"0",,"0","0","49",,,"APS iNAV 2WIRE UPPER MARKET (12)","POINT (-122.433074471 37.764195713)","2024 May 28 03:15:57 PM","2024 May 28 03:15:57 PM","Castro/Upper Market","8"
"14762","26791000","FILLMORE","MARINA",,,"2",,"9348500","SIGNAL","MCCAIN","2070-TS2-1","MSF65-ATC","12",,,,"ALL",,"GPS",,,"1676937600000",,,,,,,,,,,,"1986",,,"0",,"0","0","48",,,,"POINT (-122.437461294 37.80640178)","2024 May 28 03:15:57 PM","2024 May 28 03:15:57 PM","Marina","2"
"14512","21496000","FOOTE","GUTTENBERG","OPTICOM","MISSION","11",,"9356000","SIGNAL","MCCAIN","2070-TS2-1","MSF65-ATC","26",,,"WIRELESS&LOOPS","ALL","YES","GPS","PROXIM","TSP,FIRE PREEMPT","1367452800000",,,,,,,,,,,,"1997",,,"0",,"0","0","54",,,,"POINT (-122.444743291 37.712622217)","2024 May 28 03:15:57 PM","2024 May 28 03:15:57 PM","Outer Mission","11"
"15124","27191000","ARGUELLO","FULTON",,,"1",,"9173500","SIGNAL","EAGLE","2070-TS2-1","MSF","80",,,,"ALL","YES","GPS","SIKLU","TSP-Planned","1344124800000",,,,,,,,,,,,"1952",,,"0",,"0","0","02",,,"APS ENAV 2WIRE CT34 (8)","POINT (-122.458371099 37.774308896)","2024 May 28 03:15:57 PM","2024 May 28 03:15:57 PM","Golden Gate Park","1"
"14774","26568000","BROADWAY","GOUGH",,,"2",,"9211500","SIGNAL","MCCAIN","2070-TS2-1","MSF","49A",,,,"ALL",,"GPS","FIBER",,"1317081600000",,,,,,,,,,,,"1973",,,"0",,"0","0","35",,,"APS ENAV 2WIRE GOUGH (14)","POINT (-122.4266996 37.795316272)","2024 May 28 03:15:57 PM","2024 May 28 03:15:57 PM","Pacific Heights","2"
"14721","23941000","06TH ST","FOLSOM","OPTICOM,FH BUTTON",,"6",,"9042500","SIGNAL","MCCAIN","2070-TS2-1","MSF TALL","75",,,,"ALL",,"GPS","PROXIM","TSP,FIRE PREEMPT","1334620800000",,,,,,,,,,,"YES","1956",,,"0",,"0","0","27",,,,"POINT (-122.405615266 37.778505104)","2024 May 28 03:15:57 PM","2024 May 28 03:15:57 PM","South of Market","6"
"15704","2692400","COOK","GEARY","OPTICOM",,"2",,"0","SIGNAL","MCCAIN","2070-TS2-1","MSF72","15",,,,"ALL",,,"FIBER","TSP,FIRE PREEMPT","1611792000000",,,,,,,,,,,,"2021",,,"0",,"0","0","31",,,"APS iNS 2WIRE GEARY RAPID (9)","POINT (-122.452143124 37.781853292)","2024 May 28 03:16:47 PM","2024 May 28 03:16:47 PM","Presidio Heights","2"
"15378","26507000","GOUGH","PINE",,,"2,5",,"9407000","SIGNAL","MCCAIN","2070-TS2-1","MSF","49",,,,"ALL",,"GPS","FIBER",,"1010707200000",,,,,,,,,,,,"1949",,,"0",,"0","0","35",,,"APS iNAV 3WIRE GOUGH (8)","POINT (-122.425422979 37.788994699)","2024 May 28 03:15:57 PM","2024 May 28 03:15:57 PM","Pacific Heights","5"
"15661","23465000","38TH AVE","RIVERA",,,"4",,"0","RADAR SPEED SIGN",,,,"N/A",,,,"N.A.",,,,,,,,,,,,,,,,,"0",,,"0",,"0","0",,,,,"POINT (-122.496309468 37.745880523)","2024 May 28 03:16:47 PM","2024 May 28 03:16:47 PM","Sunset/Parkside","4"
"14561","20230000","03RD ST","JERROLD","VETAG","NEWHALL","10",,"9019500","SIGNAL",,"2070-TS2-1","2070-MSF-TS2-TYPE-1","28","MASTER",,"VIDEO","ALL","YES","GPS","FIBER","TSP","1110412800000",,,,,,,,,,,,"1985",,,"0",,"0","0","75",,,"APS 2WIRE PH1 (8)","POINT (-122.389310056 37.73874193)","2024 May 28 03:15:57 PM","2024 May 28 03:15:57 PM","Bayview Hunters Point","10"
"14808","25216000","FRANKLIN","POST",,,"2",,"9365500","SIGNAL","EAGLE","2070-TS2-1","MSF","49",,,,"ALL",,"GPS","FIBERPROXIM",,"1345680000000",,,,,,,,,,,,"9999",,,"0",,"0","0","28",,,"APS INAV 3WIRE CPMC (14)","POINT (-122.423213872 37.78640232)","2024 May 28 03:15:57 PM","2024 May 28 03:15:57 PM","Western Addition","2"
"15366","26632000","BUSH","PIERCE",,,"2,5",,"9237500","SIGNAL","ECONOLITE","2070-TS2-TYPE-1","2070-MSF-TS2-TYPE-1","73",,,,"ALL",,"GPS",,,"1076371200000",,,,,,,,,,,,"1949",,,"0",,"0","0","09",,,,"POINT (-122.436746552 37.786601039)","2024 May 28 03:15:57 PM","2024 May 28 03:15:57 PM","Pacific Heights","2"
"14917","25321000","BROADWAY","COLUMBUS","OPTICOM","GRANT","3",,"9210000","SIGNAL","ECONOLITE","2070-TS2-TYPE-1","2070-MSF-TS2-TYPE-1","07A","MASTER",,,"ALL",,"GPS","PROXIM","TSP,FIRE PREEMPT","1102464000000",,,,,,,,,,,,"1953",,,"0",,"0","0","06",,,"APS 4WIRE ARRA (10)","POINT (-122.406667931 37.797864612)","2024 May 28 03:15:57 PM","2024 May 28 03:15:57 PM","Chinatown","3"
"15746","924102","19TH AVE","MIDBLOCK",,"SLOAT","4,7","WAWONA","0","RADAR SPEED SIGN",,,,"N/A",,,,"N.A.",,,,,,,,,,,,,,,,,"2005",,,"0",,"0","0","56",,,,"POINT (-122.475169221 37.73670902)","2024 May 28 03:16:47 PM","2024 May 28 03:16:47 PM","West of Twin Peaks","7"
"15185","26427000","FREDERICK","STANYAN",,,"5,8",,"9369000","SIGNAL","ECONOLITE","2070-TS2-1","MSF","17","MASTER-GPS",,,"SOME PHASES",,"GPS",,,"1332979200000",,,,,,,,,,,,"1972",,,"0",,"0","0","72",,,,"POINT (-122.452947034 37.766374074)","2024 May 28 03:15:57 PM","2024 May 28 03:15:57 PM","Haight Ashbury","8"
"15835","23553000","22ND ST","ILLINOIS",,,"10",,"0","FUTURE SIGNAL",,,,"28",,,,,,,,,,,,,,,,,,,,,"0",,,"0",,"0","0","85",,,,"POINT (-122.387312693 37.757999955)","2024 May 28 03:16:47 PM","2024 May 28 03:16:47 PM","Potrero Hill","10"
"15265","24509000","FREMONT","HARRISON",,,"6",,"9370000","SIGNAL","MCCAIN","2070-TS2-1","MSF65-ATC","74",,"2003 CANDIDATE",,"ALL",,"GPS",,,"1309392000000",,,,,,,,,,,,"1957","80(a)",,"25","X","75","0","39",,,"PENDING","POINT (-122.392052963 37.786765483)","2024 May 28 03:15:57 PM","2024 May 28 03:15:57 PM","Financial District/South Beach","6"
"15401","26074000","SCOTT","TURK",,,"5",,"9532500","SIGNAL","MCCAIN","2070-TS2-1","G","71",,,,"ALL",,"GPS",,,"1398988800000",,,,,,,,,,,,"1955",,,"0",,"0","0","77",,,"FUTURE","POINT (-122.437071865 37.779867396)","2024 May 28 03:16:47 PM","2024 May 28 03:16:47 PM","Western Addition","5"
"14655","30739000","05TH ST","MARKET","OPTICOM",,"3,6",,"9037400","SIGNAL","MCCAIN","2070-TS2-1","MSF","01D",,,,"ALL",,"GPS","FIBER,PROXIM","FIRE PREEMPT","1323820800000",,,,,,,,,,,,"1953",,,"0",,"0","0","50",,,"APS 4WIRE IN-HOUSE (8)","POINT (-122.408066547 37.783991487)","2024 May 28 03:15:57 PM","2024 May 28 03:15:57 PM","South of Market","6"
"14556","20473000","03RD ST","INGERSON","VETAG",,"10",,"9018500","SIGNAL",,"2070-TS2-TYPE-1","2070-MSF-TS2-TYPE-1","28",,,"VIDEO","ALL","YES","GPS","FIBER","TSP","1103673600000",,,,,,,,,,,,"1994",,,"0",,"0","0","75",,,,"POINT (-122.396272842 37.72098153)","2024 May 28 03:15:57 PM","2024 May 28 03:15:57 PM","Bayview Hunters Point","10"
"14508","21890000","30TH ST","SAN JOSE","TRACK CIRCUIT",,"8,9",,"9154000","SIGNAL","ECONOLITE","2070-TS2-TYPE-1","2070-TS2-TYPE_1","24",,,,"PENDING",,"GPS",,"TRANSIT PREEMPT","1153872000000",,,,,,,,,,,,"1954",,,"0",,"0","0","70",,,"PENDING","POINT (-122.423285562 37.742294533)","2024 May 28 03:15:57 PM","2024 May 28 03:15:57 PM","Bernal Heights","8"
"15098","27366000","19TH AVE","JUDAH","VETAG,OPTICOM",,"4,7",,"9104500","SIGNAL","ECONOLITE","2070-TS2-1","332","36",,,,"ALL",,"GPS","FIBER_HUB","FIRE PREEMPT","1239753600000",,,,,,,,,,,,"1946","1(a)",,"50","X","50","0","56",,,"APS ENAV 2WIRE 19thAV (8)","POINT (-122.477010887 37.761699375)","2024 May 28 03:15:57 PM","2024 May 28 03:15:57 PM","Sunset/Parkside","4"
"15395","25179000","O'FARRELL","POLK","OPTICOM",,"5",,"9496500","SIGNAL","EAGLE","2070-TS2-1","G","78",,,,"ALL",,"GPS","PROXIM","TSP,FIRE PREEMPT","1280966400000",,,,,,,,,,,,"1957",,,"0",,"0","0","64",,,"APS ENAV 4WIRE POLK (8)","POINT (-122.419547854 37.784960259)","2024 May 28 03:15:57 PM","2024 May 28 03:15:57 PM","Tenderloin","5"
"15614","22661000","ASHTON","OCEAN",,,"7,11",,"9176700","SIGNAL","MCCAIN","2070-TS2-1","G","31",,,,"ALL",,"GPS","TWISTED PAIR",,"1336003200000",,,,,,,,,,,,"2012",,,"0",,"0","0","59",,,,"POINT (-122.462212504 37.725265708)","2024 May 28 03:16:47 PM","2024 May 28 03:16:47 PM","Oceanview/Merced/Ingleside","11"
"14734","24315000","07TH ST","MISSION","OPTICOM",,"6",,"9051000","SIGNAL","MCCAIN","2070-TS2-1","MSF","75",,"YES-UPSTEALTH",,"ALL",,"GPS","PROXIM","TSP,FIRE PREEMPT","1060128000000",,,,,,,,,,,,"1956",,,"0",,"0","0","52",,,"APS iNAV 3WIRE CITYWIDE NEW APS (10)","POINT (-122.410936574 37.779211686)","2024 May 28 03:15:57 PM","2024 May 28 03:15:57 PM","South of Market","6"
"14434","20223000","03RD ST","KIRKWOOD","VETAG","NEWHALL","10",,"9020700","SIGNAL",,"2070-TS2-TYPE-1","2070-MSF-TS2-TYPE-1","28",,,"VIDEO","ALL","YES","GPS","FIBER","TSP,ACTUATED TRANSIT PHASE","1118188800000",,,,,,,,,,,,"2005",,,"0",,"0","0","75",,,"APS iNS 2WIRE QUICKSTRIKE (23)","POINT (-122.38958738 37.737955396)","2024 May 28 03:15:57 PM","2024 May 28 03:15:57 PM","Bayview Hunters Point","10"
"14413","30050000","CLAY","DAVIS","OPTICOM",,"3",,"9276200","SIGNAL","MCCAIN","2070-TS2-1","MSF","78",,,,"ALL",,"GPS","PROXIM","TSP,FIRE PREEMPT","1431475200000",,,,,,,,,,,,"2001",,,"0",,"0","0","16",,,,"POINT (-122.397974749 37.795312942)","2024 May 28 03:15:57 PM","2024 May 28 03:15:57 PM","Financial District/South Beach","3"
"14948","23990000","24TH ST","FOLSOM",,,"9",,"9136500","SIGNAL","MCCAIN","2070-TS2-1","G","84",,,,"ALL",,"GPS",,,"1447804800000",,,,,,,,,,,,"1953",,,"0",,"0","0","26",,,,"POINT (-122.414086031 37.752506065)","2024 May 28 03:15:57 PM","2024 May 28 03:15:57 PM","Mission","9"
"15004","24342000","14TH ST","SOUTH VAN NESS","OPTICOM",,"9",,"9078000","SIGNAL","MCCAIN","2070-TS2-1","MSF","64",,,,"ALL",,"GPS",,"FIRE PREEMPT","1500508800000",,,,,,,,,,,"YES","1954",,,"0",,"0","0","71",,,,"POINT (-122.417802154 37.768405268)","2024 May 28 03:15:57 PM","2024 May 28 03:15:57 PM","Mission","9"
"15649","24302000","08TH ST","NATOMA",,,"6",,"9057200","SIGNAL","MCCAIN","2070-TS2-1","MSF","75",,,"WIRELESS","ALL","YES","GPS",,,"1469750400000",,,,,,,,,,,,"2016",,,"0",,"0","0","52",,,"APS 2WIRE CT62 (6)","POINT (-122.412157954 37.776660987)","2024 May 28 03:16:47 PM","2024 May 28 03:16:47 PM","South of Market","6"
"15865","20612000","APOLLO","WILLIAMS",,,"10",,"0","PENDING BEACON",,,,,,,,,,,,,,,,,,,,,,,,,"0",,,"0",,"0","0",,,,,"POINT (-122.398970458 37.730164614)","2024 May 28 03:16:47 PM","2024 May 28 03:16:47 PM","Bayview Hunters Point","10"
"15201","26400000","ANZA","MASONIC",,"O'FARRELL","1,2",,"9168000","SIGNAL","MCCAIN","2070-TS2-1","MSF","16C",,,"WIRELESS","ALL",,"GPS",,"TSP-Planned","1375228800000",,,,,,,,,,,,"1950",,,"0",,"0","0","60",,,,"POINT (-122.447517983 37.781069511)","2024 May 28 03:15:57 PM","2024 May 28 03:15:57 PM","Lone Mountain/USF","2"
"14928","25049000","JACKSON","POWELL","MECHANICAL",,"3",,"9439500","SIGNAL","MCCAIN","2070-TS2-1","MSF","ISOLATED",,,,"ALL",,"GPS","PROXIM","CABLE CAR PREEMPTION","1336435200000",,,,,,,,,,,,"1984",,,"0",,"0","0","42",,,,"POINT (-122.409898752 37.795616425)","2024 May 28 03:15:57 PM","2024 May 28 03:15:57 PM","Chinatown","3"
"15628","27729000","KIRKHAM","SUNSET",,,"4",,"9452700","SIGNAL","MCCAIN","2070-TS2-1","MSF","37",,,"WIRELESS","ALL","YES","GPS",,"TSP-Planned","1387411200000",,,,,,,,,,,,"2013",,,"0",,"0","0","73",,,"APS ENAV 2WIRE SUNSET (10)","POINT (-122.495617224 37.759004497)","2024 May 28 03:16:47 PM","2024 May 28 03:16:47 PM","Sunset/Parkside","4"
"15403","26037000","FELL","FILLMORE","OPTICOM",,"5",,"9338000","SIGNAL","ECONOLITE","2070-TS2-TYPE-1","MSF","16",,,,"ALL",,"GPS","FIBER,PROXIM","TSP-Planned,FIRE PREEMPT","1013644800000",,,,,,,,,,,,"1955",,,"0",,"0","0","25",,,,"POINT (-122.431011538 37.774902831)","2024 May 28 03:16:47 PM","2024 May 28 03:16:47 PM","Hayes Valley","5"
"15198","26326000","CENTRAL","OAK",,,"5",,"9264000","SIGNAL","ECONOLITE","2070-TS2-TYPE-1","2070-MSF-TS2-TYPE-1","16",,,,"ALL",,"GPS","FIBER",,"1016064000000",,,,,,,,,,,,"1955",,,"0",,"0","0","58",,,,"POINT (-122.444024307 37.77229529)","2024 May 28 03:15:57 PM","2024 May 28 03:15:57 PM","Golden Gate Park","5"
"15373","26537000","FRANKLIN","SACRAMENTO","OPTICOM",,"2",,"9366000","SIGNAL","MCCAIN","2070-TS2-1","MSF","49A",,,,"ALL",,"GPS","FIBER","FIRE PREEMPT","1389657600000",,,,,,,,,,,,"1960",,,"0",,"0","0","29",,,,"POINT (-122.424161462 37.791081304)","2024 May 28 03:15:57 PM","2024 May 28 03:15:57 PM","Pacific Heights","2"
"15797","11439105","NB I-280 SAN JOSE OFF RAMP","MIDBLOCK",,"WEST OF SAN JOSE","8",,"0","CALTRANS - RADAR SPEED SIGN","RU2 SYSTEMS RU2 Fast 250",,,"N/A",,,,"N.A.",,,,,,,,,,,,,,,,,"2014","280","X","100",,"0","0",,,,,"POINT (-122.433519813 37.732425347)","2024 May 28 03:16:47 PM","2024 May 28 03:16:47 PM","Outer Mission","8"
"15866","21212000","CORTLAND","MOULTRIE",,,,,"0","PENDING BEACON",,,,,,,,,,,,,,,,,,,,,,,,,"0",,,"0",,"0","0",,,,,"POINT (-122.41589948 37.73900187)","2024 May 28 03:16:47 PM","2024 May 28 03:16:47 PM","Bernal Heights","9"
"14797","25225000","CALIFORNIA","VAN NESS","OPTICOM",,"2,3",,"9257500","SIGNAL","MCCAIN","2070-TS2-1","352i-ATC","49E",,"2003 CANDIDATE",,"ALL",,"GPS",,"TSP,FIRE PREEMPT","1478908800000",,,,,,,,,,,,"1948","101(b)",,"50","X","50","0","80",,,"APS iNS 2WIRE VAN NESS (8)","POINT (-122.422328955 37.790369659)","2024 May 28 03:15:57 PM","2024 May 28 03:15:57 PM","Nob Hill","3"
"14511","21426000","GENEVA","NAPLES","OPTICOM",,"11",,"9391000","SIGNAL","MCCAIN","2070-TS2-1","MSF65-ATC","30",,,"VIDEO (GRIDSMART)","ALL","YES","GPS","PROXIM","TSP,FIRE PREEMPT","1271289600000",,,,,,,,,,,,"1950",,,"0",,"0","0","33",,,"APS iNS 2WIRE GENEVA (8)","POINT (-122.436176465 37.714209483)","2024 May 28 03:15:57 PM","2024 May 28 03:15:57 PM","Excelsior","11"
"14587","24583000","03RD ST","FOLSOM","OPTICOM",,"6",,"9016000","SIGNAL","MCCAIN","2070-TS2-1","MSF","74",,,,"ALL",,"GPS","FIBER","TSP,FIRE PREEMPT","1334620800000",,,,,,,,,,,,"1956",,,"0",,"0","0","27",,,,"POINT (-122.398930331 37.783784934)","2024 May 28 03:15:57 PM","2024 May 28 03:15:57 PM","South of Market","6"
"15479","7833201","KING","MIDBLOCK","VETAG","03RD ST","6","04TH ST","9452000","SIGNAL","MCCAIN","2070-TS2-1","MSF","09",,,,"ALL","YES","GPS","FIBER","TSP","1106784000000",,,,,,,,,,,,"1997",,,"0",,"0","0","23",,,,"POINT (-122.392934481 37.777272796)","2024 May 28 03:16:47 PM","2024 May 28 03:16:47 PM","Mission Bay","6"
"15528","1030000","I-280","MIDBLOCK",,"20TH ST","10","INDIANA","9541500","BEACON",,,"N/A","BALLPARK",,,,"n.a.",,,,,,,,,,,,,,,,,"2000",,,"0",,"0","0","85",,,,"POINT (-122.39228481 37.760693285)","2024 May 28 03:16:47 PM","2024 May 28 03:16:47 PM","Potrero Hill","10"
"14548","23313000","OCEAN","SUNSET",,,"4",,"9505000","SIGNAL","MCCAIN","2070-TS2-1","MSF","37",,,"WIRELESS","ALL","YES","GPS",,"TSP-Planned","1338422400000",,,,,,,,,,,,"1965",,,"0",,"0","0","73",,,"APS ENAV 2WIRE SUNSET (8)","POINT (-122.493718804 37.731909879)","2024 May 28 03:15:57 PM","2024 May 28 03:15:57 PM","Sunset/Parkside","4"
"15587","27287000","07TH AVE","CLEMENT","OPTICOM",,"1",,"9044700","SIGNAL","ECONOLITE","2070-TS2-TYPE-1","2070-MSF-TS2-TYPE-1","48",,,,"ALL",,"GPS","PROXIM","TSP,FIRE PREEMPT","1106697600000",,,,,,,,,,,,"2005",,,"0",,"0","0","02",,,,"POINT (-122.465492391 37.782890981)","2024 May 28 03:16:47 PM","2024 May 28 03:16:47 PM","Inner Richmond","1"
"14779","26685000","FILBERT","VAN NESS","OPTICOM,TRANSIT BUTTON,VIDEO (GRIDSMART)",,"2,3",,"9345000","SIGNAL","MCCAIN","2070-TS2-1","352i-ATC","13",,,,"ALL",,"GPS","FIBER","TSP,FIRE PREEMPT,TRANSIT PREEMPT","1429056000000",,,,,,,,,,,,"1948","101(b)",,"50","X","50","0","80",,,"APS iNS 2WIRE VAN NESS (8)","POINT (-122.424170564 37.799484533)","2024 May 28 03:15:57 PM","2024 May 28 03:15:57 PM","Russian Hill","3"
"14539","23141000","JUNIPERO SERRA","PORTOLA","VETAG","ST FRANCIS","7","SLOAT_WEST PORTAL","9447500","SIGNAL","EAGLE","2070-TS2-1","340","ISOLATED",,"YES-UPSTEALTH","VIDEO","ALL","YES","GPS","FIBER","TRANSIT PREEMPT","1275177600000",,,,,,,,,,,,"1952",,,"0",,"0","0","43",,,"APS 4WIRE SFC (20)","POINT (-122.471569341 37.734706811)","2024 May 28 03:15:57 PM","2024 May 28 03:15:57 PM","West of Twin Peaks","7"
"15237","26825000","BAKER","BUSH",,,"2",,"9178000","SIGNAL","ECONOLITE","2070-TS2-TYPE-1","2070-MSF-TS2-TYPE-1","73",,,,"ALL",,"GPS",,,"1075939200000",,,,,,,,,,,,"1949",,,"0",,"0","0","09",,,,"POINT (-122.443370282 37.785758577)","2024 May 28 03:15:57 PM","2024 May 28 03:15:57 PM","Presidio Heights","2"
"14425","22222000","BRIGHTON","OCEAN",,,"7,11",,"9209800","SIGNAL","EAGLE","2070-TS2-1","2070-MSF-TS2-TYPE-1","31",,,"WIRELESS","ALL","YES","GPS",,"TSP-Planned","1039046400000",,,,,,,,,,,,"2002",,,"0",,"0","0","59",,,,"POINT (-122.455135659 37.723672365)","2024 May 28 03:15:57 PM","2024 May 28 03:15:57 PM","West of Twin Peaks","11"
"14890","25592000","NORTH POINT","TAYLOR",,,"3",,"9496000","SIGNAL","ECONOLITE","2070-TS2-1","G","11A",,,,"ALL",,"GPS",,,"1314835200000",,,,,,,,,,,,"1975",,,"0",,"0","0","57",,,,"POINT (-122.41543157 37.806343429)","2024 May 28 03:15:57 PM","2024 May 28 03:15:57 PM","North Beach","3"
"15161","27288000","08TH AVE","GEARY","OPTICOM",,"1",,"9053500","SIGNAL","ECONOLITE","2070-TS2-TYPE-1","MSF","15",,,,"ALL",,"GPS","FIBER,PROXIM","TSP,FIRE PREEMPT","1082419200000",,,,,,,,,,,,"1986",,,"0",,"0","0","31",,,,"POINT (-122.466426902 37.780924587)","2024 May 28 03:15:57 PM","2024 May 28 03:15:57 PM","Inner Richmond","1"
"14680","24935000","EDDY","LEAVENWORTH",,,"5",,"9314000","SIGNAL","MCCAIN","2070-TS2-1","MSF","78",,,,"ALL",,"GPS",,,"1445472000000",,,,,,,,,,,,"1967",,,"0",,"0","0","20",,,"APS iNS 3WIRE QUICKSTRIKE (10)","POINT (-122.414241573 37.783723783)","2024 May 28 03:15:57 PM","2024 May 28 03:15:57 PM","Tenderloin","5"
"15108","27156000","09TH AVE","LINCOLN",,,"7",,"9059000","SIGNAL","ECONOLITE","2070-TS2-1","G","65",,,,"ALL",,"GPS","FIBER",,"1242777600000",,,,,,,,,,,,"1953",,,"0",,"0","0","46",,,"APS 4WIRE PH2 (8)","POINT (-122.46644249 37.765924662)","2024 May 28 03:15:57 PM","2024 May 28 03:15:57 PM","Inner Sunset","7"
"15104","27981000","FULTON","GREAT HIGHWAY",,,"1,4",,"9374000","SIGNAL","PEEK","2070-TS2-TYPE-1","MSF","52","MASTER",,"WIRELESS","ALL","YES","GPS",,,"1190851200000",,,,,,,,,,,,"1992",,,"0",,"0","0","36",,,"APS ENAV 2WIRE PCS2 (5)","POINT (-122.511053756 37.771342499)","2024 May 28 03:15:57 PM","2024 May 28 03:15:57 PM","Outer Richmond","1"
"15816","27211000","ARGUELLO","CABRILLO",,,"1",,"0","BEACON - RRFB","JSF","AB-9X07",,"BEACON",,,,"n.a.","YES",,,,,,,,,,,,,,,,"2019",,,"0",,"0","0","02",,,,"POINT (-122.458462903 37.775618427)","2024 May 28 03:16:47 PM","2024 May 28 03:16:47 PM","Lone Mountain/USF","1"
"15048","24403000","DUBOCE","VALENCIA",,,"8,9",,"9310000","SIGNAL","MCCAIN","2070-TS2-1","MSF","21",,,,"ALL",,"GPS",,,"1269475200000",,,,,,,,,,,,"1955",,,"0",,"0","0","79",,,"APS ENAV 2WIRE CT 34 (8)","POINT (-122.422364819 37.769867698)","2024 May 28 03:15:57 PM","2024 May 28 03:15:57 PM","Mission","9"
"15781","23182000","18TH AVE","TARAVAL",,,"7",,"0","PENDING SIGNAL",,,,,,,,"PENDING",,,,,,,,,,,,,,,,,"0",,,"0",,"0","0","87",,,,"POINT (-122.47462383 37.743096615)","2024 May 28 03:16:47 PM","2024 May 28 03:16:47 PM","West of Twin Peaks","7"
"15136","27545000","25TH AVE","BALBOA",,,"1",,"9140500","SIGNAL","MCCAIN","2070-TS2-1","MSF","69",,,,"ALL",,"GPS",,,"1482192000000",,,,,,,,,,,,"1959",,,"0",,"0","0","02",,,,"POINT (-122.484460652 37.776302167)","2024 May 28 03:15:57 PM","2024 May 28 03:15:57 PM","Outer Richmond","1"
"14674","24917000","GEARY","MASON","OPTICOM",,"3",,"9383500","SIGNAL","ECONOLITE","2070-TS2-TYPE-1","2070-MSF-TS2-TYPE-1","78",,,,"ALL",,"GPS","PROXIM","TSP,FIRE PREEMPT","1113264000000",,,,,,,,,,,,"1957",,,"0",,"0","0","32",,,,"POINT (-122.409874017 37.787149143)","2024 May 28 03:15:57 PM","2024 May 28 03:15:57 PM","Tenderloin","3"
"14639","24678000","MONTGOMERY","SUTTER","OPTICOM",,"3",,"9494500","SIGNAL","EAGLE","2070-TS2-1","MSF","78","MASTER-GPS",,,"ALL",,"GPS","PROXIM","TSP,FIRE PREEMPT","1278460800000",,,,,,,,,,,,"1953",,,"0",,"0","0","74",,,,"POINT (-122.402189645 37.790039097)","2024 May 28 03:15:57 PM","2024 May 28 03:15:57 PM","Financial District/South Beach","3"
"15255","24574000","DRUMM","SACRAMENTO","OPTICOM",,"3",,"9308500","SIGNAL","MCCAIN","2070-TS2-1","MSF","78","TBC MASTER",,,"ALL",,"GPS","PROXIM","TSP,FIRE PREEMPT","1370736000000",,,,,,,,,,,,"1991",,,"0",,"0","0","69",,,,"POINT (-122.396585913 37.794588216)","2024 May 28 03:15:57 PM","2024 May 28 03:15:57 PM","Financial District/South Beach","3"
"14846","25939000","GOUGH","GROVE",,,"5",,"9402000","SIGNAL","MCCAIN","2070-TS2-1","MSF","49",,,,"ALL",,"GPS","FIBER",,"1318377600000",,,,,,,,,,,,"1953",,,"0",,"0","0","35",,,"APS ENAV 2WIRE GOUGH (9)","POINT (-122.423165553 37.777815246)","2024 May 28 03:15:57 PM","2024 May 28 03:15:57 PM","Hayes Valley","5"
"14746","25583000","BAY","LARKIN",,,"2",,"9192000","SIGNAL","ECONOLITE","2070-TS2-1","G","11A",,,,"ALL",,"GPS",,,"1313020800000",,,,,,,,,,,,"1980",,,"0",,"0","0","03",,,,"POINT (-122.421815316 37.804564904)","2024 May 28 03:15:57 PM","2024 May 28 03:15:57 PM","Russian Hill","2"
"14466","23032000","19TH AVE","HOLLOWAY",,,"7",,"9103500","SIGNAL","MCCAIN","2070-TS2-1","352i-ATC","61",,,,"ALL",,"GPS","FIBER",,"1231200000000",,,,,,,,,,,,"1947","1(a)",,"50","X","50","0","56",,,"APS 4WIRE 19thAV (9)","POINT (-122.475221953 37.721057296)","2024 May 28 03:15:57 PM","2024 May 28 03:15:57 PM","Lakeshore","7"
"15115","27737000","IRVING","SUNSET",,,"4",,"9437000","SIGNAL","MCCAIN","2070-TS2-1","MSF","37",,,"WIRELESS","ALL","YES","GPS",,"TSP-Planned","1405468800000",,,,,,,,,,,,"1976",,,"0",,"0","0","73",,,"APS ENAV 2WIRE SUNSET (10)","POINT (-122.495877086 37.762735073)","2024 May 28 03:15:57 PM","2024 May 28 03:15:57 PM","Sunset/Parkside","4"
"14615","25003000","PINE","POWELL","MECHANICAL",,"3",,"9513000","SIGNAL","ECONOLITE","2070-TS2-1","G","78",,,,"SOME PHASES",,"GPS",,"CABLE CAR PREEMPTION","1115164800000",,,,,,,,,,,,"1949",,,"0",,"0","0","63",,,,"POINT (-122.408976275 37.791089002)","2024 May 28 03:15:57 PM","2024 May 28 03:15:57 PM","Nob Hill","3"
"15758","20872000","JOHN F SHELLEY WEST","MANSELL",,,"9,10,11",,"9443100","BEACON - RRFB","JSF",,,"BEACON",,,,"n.a.","YES",,,,,,,,,,,,,,,,"2017",,,"0",,"0","0",,,,,"POINT (-122.41851237 37.718766091)","2024 May 28 03:16:47 PM","2024 May 28 03:16:47 PM","McLaren Park","9"
"14968","23952000","25TH ST","POTRERO","OPTICOM",,"9,10",,"9145500","SIGNAL","MCCAIN","2070-TS2-1","MSF","23",,,"WIRELESS","ALL",,"GPS","FIBER,PROXIM","TSP,FIRE PREEMPT","1173312000000",,,,,,,,,,,,"1948",,,"0",,"0","0","67",,,"APS ENAV 2WIRE POTRERO STSCAPE (6)","POINT (-122.406219414 37.751726209)","2024 May 28 03:15:57 PM","2024 May 28 03:15:57 PM","Mission","9"
"14715","23897000","06TH ST","BRYANT","OPTICOM",,"6",,"9042000","SIGNAL","MCCAIN","2070-TS2-1","MSF","75",,,,"ALL",,"GPS","FIBER,PROXIM","TSP,FIRE PREEMPT","1133913600000",,,,,,,,,,,"YES","1955",,,"0",,"0","0","07",,,"APS iNS 3WIRE 6TH ST STREETSCAPE (10)","POINT (-122.402524097 37.776039322)","2024 May 28 03:15:57 PM","2024 May 28 03:15:57 PM","South of Market","6"
"14737","24590000","03RD ST","HOWARD","OPTICOM",,"6",,"9018000","SIGNAL","MCCAIN","2070-TS2-1","MSF","74",,,,"ALL",,"GPS","FIBER,PROXIM","TSP,FIRE PREEMPT","1336435200000",,,,,,,,,,,,"1956",,,"0",,"0","0","41",,,,"POINT (-122.400468484 37.785030285)","2024 May 28 03:15:57 PM","2024 May 28 03:15:57 PM","Financial District/South Beach","6"
"15880","22116000","HAVELOCK","SAN JOSE",,,"11",,"0","BEACON - RRFB","JSF","AB-9X07",,"BEACON",,,,"n.a.","YES",,,,,,,,,,,,,,,,"2023",,,"0",,"0","0",,,,,"POINT (-122.441581917 37.726758875)","2024 May 28 03:16:47 PM","2024 May 28 03:16:47 PM","Outer Mission","11"
"15550","23754000","16TH ST","DE HARO","OPTICOM",,"6,10",,"9084700","SIGNAL","MCCAIN","2070-TS2-1","MSF","57",,,,"ALL",,"GPS","FIBER,PROXIM","TSP,FIRE PREEMPT","1247702400000",,,,,,,,,,,,"2009",,,"0",,"0","0","85",,,"PENDING","POINT (-122.401720514 37.766132504)","2024 May 28 03:16:47 PM","2024 May 28 03:16:47 PM","Mission Bay","10"
"15414","25442000","COLUMBUS","GREENWICH",,"MASON","3",,"9286500","SIGNAL","ECONOLITE","2070-TS2-TYPE-1","2070-MSF-TS2-TYPE-1","07",,,,"ALL",,"GPS",,,"1098316800000",,,,,,,,,,,,"1957",,,"0",,"0","0","18",,,"APS iNS 3WIRE CITYWIDE NEW APS (4)","POINT (-122.412541278 37.801930637)","2024 May 28 03:16:47 PM","2024 May 28 03:16:47 PM","Chinatown","3"
"14420","20578000","DWIGHT","PAUL","OPTICOM","SAN BRUNO","9,10",,"9310300","SIGNAL","EAGLE","2070-TS2-TYPE-1","2070-MSF-TS2-TYPE-1","ISOLATED",,,,"ALL",,"GPS","PROXIM","TSP,FIRE PREEMPT","1033430400000",,,,,,,,,,,,"2002",,,"0",,"0","0","04",,,"APS iNAV 3WIRE CITYWIDE NEW APS (9)","POINT (-122.402060967 37.723919995)","2024 May 28 03:15:57 PM","2024 May 28 03:15:57 PM","Portola","9"
"15711","50069000","FREMONT","I-80 W OFF RAMP",,,"6",,"9369300","SIGNAL","MCCAIN","2070-TS2-1","342","74",,,,"ALL","YES","GPS",,,"1437177600000",,,,,,,,,,,,"2015","80(a)",,"25","X","75","0","41",,,"APS 2WIRE TRANSBAY (2)","POINT (-122.394323619 37.788575319)","2024 May 28 03:16:47 PM","2024 May 28 03:16:47 PM","Financial District/South Beach","6"
"14831","26492000","ELLIS","GOUGH",,,"2",,"9318000","SIGNAL","MCCAIN","2070-TS2-1","MSF","49",,,,"ALL",,"GPS","FIBER",,"1317254400000",,,,,,,,,,,,"1965",,,"0",,"0","0","35",,,"APS ENAV 4WIRE PCS2 (8)","POINT (-122.424294813 37.783399859)","2024 May 28 03:15:57 PM","2024 May 28 03:15:57 PM","Western Addition","2"
"15375","25301000","POLK","SACRAMENTO","OPTICOM",,"3",,"9518000","SIGNAL","MCCAIN","2070-TS2-1","MSF","78",,,,"ALL",,"GPS","PROXIM","TSP,FIRE PREEMPT","1283904000000",,,,,,,,,,,,"1972",,,"0",,"0","0","64",,,,"POINT (-122.420873184 37.791495855)","2024 May 28 03:15:57 PM","2024 May 28 03:15:57 PM","Nob Hill","3"
"14758","26751000","FILLMORE","LOMBARD","OPTICOM",,"2",,"9348000","SIGNAL","ECONOLITE","2070-TS2-TYPE-1","CTSF","13",,"YES-UPSTEALTH","LOOPS (NOT USED)","ALL",,"GPS","FIBER,PROXIM","TSP,FIRE PREEMPT","1150761600000",,,,,,,,,,,,"1947","480(b)",,"50","X","50","0","47",,,"PENDING","POINT (-122.436046174 37.799842953)","2024 May 28 03:15:57 PM","2024 May 28 03:15:57 PM","Marina","2"
"15560","25627000","21ST ST","GUERRERO",,,"8,9",,"9123200","SIGNAL","ECONOLITE","2070-TS2-TYPE-1","2070-MSF-TS2-TYPE-1","64",,,,"ALL",,"GPS",,,"1116288000000",,,,,,,,,,,,"2005",,,"0",,"0","0","37",,,,"POINT (-122.42333035 37.756768699)","2024 May 28 03:16:47 PM","2024 May 28 03:16:47 PM","Mission","8"
"15742","11780000","22ND ST","MIDBLOCK",,"POTRERO","10","SAN BRUNO","0","BEACON - RRFB","JSF","AB-9X07",,"BEACON",,,,"N.A.","YES",,,,,,,,,,,,,,,,"2018",,,"0",,"0","0","04",,,,"POINT (-122.40562418 37.756898477)","2024 May 28 03:16:47 PM","2024 May 28 03:16:47 PM","Mission","10"
"15854","34021000","MACALLA","PALM DRIVE",,"TREASURE ISLAND","6",,"0","PENDING SIGNAL",,,,,,,,,,,,,,,,,,,,,,,,,"0",,,"0",,"0","0",,,,,"POINT (-122.371031538 37.813223805)","2024 May 28 03:16:47 PM","2024 May 28 03:16:47 PM","Treasure Island","6"
"15650","54159000","AMADOR","CARGO",,"ILLINOIS","10",,"9167200","SIGNAL","ECONOLITE","2070-TS2-1","ECONOLITE-MSF-TALL","28",,,"WIRELESS(BIKE ONLY)&VIDEO","ALL","YES","YES","FIBER","HEAVY RAIL,BRIDGE PREEMPT","1216166400000",,,,,,,,,,,,"2008",,,"0",,"0","100","85",,,,"POINT (-122.386265816 37.745744732)","2024 May 28 03:16:47 PM","2024 May 28 03:16:47 PM","Bayview Hunters Point","10"
"14794","26533000","CALIFORNIA","LAGUNA",,,"2,5",,"9249000","SIGNAL","MCCAIN","2070-TS2-1","MSF","73",,,,"ALL",,"GPS",,,"1431561600000",,,,,,,,,,,,"1970",,,"0",,"0","0","11",,,"APS ENAV 2WIRE CT 34 (8)","POINT (-122.428905309 37.789533741)","2024 May 28 03:15:57 PM","2024 May 28 03:15:57 PM","Pacific Heights","5"
"14706","25152000","LARKIN","O'FARRELL","OPTICOM",,"5",,"9459500","SIGNAL","MCCAIN","2070-TS2-1","G","78",,,,"ALL",,"GPS","PROXIM","TSP,FIRE PREEMPT","1337385600000",,,,,,,,,,,,"1955",,,"0",,"0","0","45",,,,"POINT (-122.41790141 37.785167215)","2024 May 28 03:15:57 PM","2024 May 28 03:15:57 PM","Tenderloin","5"
"15360","26709000","GOUGH","UNION",,,"2",,"9409500","SIGNAL","MCCAIN","2070-TS2-1","MSF","ISOLATED",,,,"ALL",,"GPS","FIBER",,"1398988800000",,,,,,,,,,,,"1964",,,"0",,"0","0","35",,,,"POINT (-122.427268976 37.798134582)","2024 May 28 03:15:57 PM","2024 May 28 03:15:57 PM","Marina","2"
"15409","24447000","FRANKLIN","OAK","OPTICOM,FH BUTTON",,"5,6",,"9364000","SIGNAL","MCCAIN","2070-TS2-1","MSF TALL","16B",,,,"ALL",,"GPS","FIBER","FIRE PREEMPT","1007424000000",,,,,,,,,,,,"1953",,,"0",,"0","0","28",,,"APS ENAV 4WIRE FRANKLIN (7)","POINT (-122.420959921 37.775232335)","2024 May 28 03:16:47 PM","2024 May 28 03:16:47 PM","Hayes Valley","6"
"15747","909201","19TH AVE","MIDBLOCK",,"IRVING","4,7","LINCOLN","0","RADAR SPEED SIGN",,,,"N/A",,,,"N.A.",,,,,,,,,,,,,,,,,"2005",,,"0",,"0","0","56",,,,"POINT (-122.477320059 37.764662953)","2024 May 28 03:16:47 PM","2024 May 28 03:16:47 PM","Sunset/Parkside","4"
"15509","27176000","FUNSTON","LINCOLN",,,"7",,"9379000","SIGNAL","ECONOLITE","2070-TS2-1","G","65",,,"WIRELESS","ALL","YES","GPS","FIBER",,"1241568000000",,,,,,,,,,,,"1999",,,"0",,"0","0","46",,,,"POINT (-122.470727259 37.765739254)","2024 May 28 03:16:47 PM","2024 May 28 03:16:47 PM","Golden Gate Park","7"
"15729","1024000","PANORAMA","MIDBLOCK",,"OLYMPIA","7","STARVIEW","0","RADAR SPEED SIGN","SpeedCheck",,,"N/A",,,,"N.A.",,,,,,,,,,,,,,,,,"2016",,,"0",,"0","0",,,,,"POINT (-122.452060502 37.751832802)","2024 May 28 03:16:47 PM","2024 May 28 03:16:47 PM","Twin Peaks","7"
"14981","24048000","16TH ST","BRYANT","OPTICOM",,"9",,"9084000","SIGNAL","MCCAIN","2070-TS2-1","MSF65-ATC","64",,,,"ALL",,"GPS","PROXIM","TSP,FIRE PREEMPT","1269475200000",,,,,,,,,,,,"1953",,,"0",,"0","0","07",,,"PENDING","POINT (-122.410486689 37.765605838)","2024 May 28 03:15:57 PM","2024 May 28 03:15:57 PM","Mission","9"
"15011","25703000","17TH ST","DOLORES",,,"8",,"9092000","SIGNAL","MCCAIN","2070-TS2-1","G","64",,,,"SOME PHASES",,"GPS",,,"1440028800000",,,,,,,,,,,,"1958",,,"0",,"0","0","19",,,,"POINT (-122.426228479 37.763030871)","2024 May 28 03:15:57 PM","2024 May 28 03:15:57 PM","Castro/Upper Market","8"
"15867","21547000","FARRAGUT","MISSION",,,"11",,"0","PENDING BEACON",,,,,,,,,,,,,,,,,,,,,,,,,"0",,,"0",,"0","0",,,,,"POINT (-122.449308667 37.709946203)","2024 May 28 03:16:47 PM","2024 May 28 03:16:47 PM","Outer Mission","11"
"15067","22424000","FOWLER","PORTOLA",,"SYDNEY","7",,"9357000","SIGNAL","PEEK","2070-TS2-1","G","33",,,"WIRELESS","SOME PHASES","YES","GPS",,,"1222905600000",,,,,,,,,,,,"1961",,,"0",,"0","0","65",,,"APS 4WIRE ARRA (3)","POINT (-122.453364841 37.744592896)","2024 May 28 03:15:57 PM","2024 May 28 03:15:57 PM","West of Twin Peaks","7"
"14905","30710000","COLUMBUS","FILBERT","OPTICOM",,"3",,"9285500","SIGNAL","ECONOLITE","2070-TS2-TYPE-1","2070-MSF-TS2-TYPE-1","07",,,,"ALL",,"GPS","PROXIM","FIRE PREEMPT","1098316800000",,,,,,,,,,,,"1957",,,"0",,"0","0","18",,,,"POINT (-122.41137627 37.801125133)","2024 May 28 03:15:57 PM","2024 May 28 03:15:57 PM","Chinatown","3"
"14449","22436000","O'SHAUGHNESSY","PORTOLA","OPTICOM","WOODSIDE","7,8",,"9499000","SIGNAL","ECONOLITE","2070-TS2-1","MSF","33A","MASTER","YES-UPSTEALTH","VIDEO (GRIDSMART)","ALL","YES","GPS",,"TSP,FIRE PREEMPT","1179273600000",,,,,,,,,,,,"1951",,,"0",,"0","0","65",,,"APS 4WIRE PH2 (11)","POINT (-122.451623987 37.745534237)","2024 May 28 03:15:57 PM","2024 May 28 03:15:57 PM","Twin Peaks","7"
"15674","34161000","03RD ST","MISSION BAY SOUTH","VETAG",,"6",,"0","SIGNAL","ECONOLITE","2070-TS2-TYPE-1","2070-MSF-TS2-TYPE-1","28",,,"VIDEO","ALL",,"GPS","FIBER","TSP","1155772800000",,,,,,,,,,,,"2006",,,"0",,"0","0","75",,,,"POINT (-122.389414285 37.770660892)","2024 May 28 03:16:47 PM","2024 May 28 03:16:47 PM","Mission Bay","6"
"14814","26505000","LAGUNA","POST","OPTICOM",,"2,5",,"9455000","SIGNAL","MCCAIN","2070-TS2-1","G","72",,,,"ALL",,"GPS","PROXIM","TSP,FIRE PREEMPT","1415059200000",,,,,,,,,,,,"1957",,,"0",,"0","0","66",,,,"POINT (-122.428148187 37.785784488)","2024 May 28 03:15:57 PM","2024 May 28 03:15:57 PM","Japantown","5"
"14497","11456000","SAN JOSE","MIDBLOCK","VETAG","OCEAN","11","SENECA (GREEN YARD)","0","SIGNAL","MCCAIN","2070-TS2-1","MSF","ISOLATED",,,"VETAG","n.a.",,"GPS",,"ACTUATED TRANSIT PHASE","1423612800000",,,,,,,,,,,,"1991",,,"0",,"0","0","70",,"CAB/CON",,"POINT (-122.445436886 37.72211769)","2024 May 28 03:15:57 PM","2024 May 28 03:15:57 PM","Outer Mission","11"
"14607","24758000","COLUMBUS","MONTGOMERY",,"WASHINGTON","3",,"9288500","SIGNAL","ECONOLITE","2070-TS2-1","2070-MSF-TS2-TYPE-1","78","MASTER-GPS",,,"ALL",,"GPS",,,"1106784000000",,,,,,,,,,,,"1967",,,"0",,"0","0","18",,,,"POINT (-122.403316945 37.795531833)","2024 May 28 03:15:57 PM","2024 May 28 03:15:57 PM","Chinatown","3"
"15224","26623000","DIVISADERO","POST","OTPICOM",,"2,5",,"9303000","SIGNAL","MCCAIN","2070-TS2-1","MSF","73",,,,"ALL",,"GPS","WIRELESS","TSP,FIRE PREEMPT","1430179200000",,,,,,,,,,,,"1957",,,"0",,"0","0","66",,,,"POINT (-122.439684679 37.784318674)","2024 May 28 03:15:57 PM","2024 May 28 03:15:57 PM","Japantown","5"
"15506","20467000","03RD ST","LE CONTE","VETAG",,"10",,"9021500","SIGNAL",,"2070-TS2-TYPE-1","2070-MSF-TS2-TYPE-1","28",,,"VIDEO","ALL","YES","GPS","FIBER","TSP","1107302400000",,,,,,,,,,,,"2005",,,"0",,"0","0","75",,,"APS 2WIRE PH1 (9)","POINT (-122.397477616 37.718834533)","2024 May 28 03:16:47 PM","2024 May 28 03:16:47 PM","Bayview Hunters Point","10"
"14553","23161000","19TH AVE","ULLOA","OPTICOM",,"4,7",,"9111500","SIGNAL","ECONOLITE","2070-TS2-1","332","36",,,"WIRELESS&LOOPS","ALL","YES","GPS","FIBER","TSP,FIRE PREEMPT","1249430400000",,,,,,,,,,,,"1946","1(a)",,"50","X","50","0","56",,,"PENDING","POINT (-122.475539787 37.741186639)","2024 May 28 03:15:57 PM","2024 May 28 03:15:57 PM","West of Twin Peaks","7"
"15242","27569000","CALIFORNIA","CHERRY","OPTICOM","JORDAN","2",,"9243000","SIGNAL","ECONOLITE","2070-TS2-1","G","14",,,,"ALL","YES","GPS","PROXIM","FIRE PREEMPT","1325030400000",,,,,,,,,,,,"1971",,,"0",,"0","0","11",,,,"POINT (-122.456685173 37.78600003)","2024 May 28 03:15:57 PM","2024 May 28 03:15:57 PM","Presidio Heights","2"
"15062","25726000","16TH ST","CHURCH","OPTICOM",,"8",,"9084500","SIGNAL","MCCAIN","2070-TS2-1","MSF","79",,,,"ALL",,"GPS","PROXIM","TSP-Planned,FIRE PREEMPT","1399939200000",,,,,,,,,,,,"1951",,,"0",,"0","0","15",,,"PENDING","POINT (-122.428665129 37.764507613)","2024 May 28 03:15:57 PM","2024 May 28 03:15:57 PM","Castro/Upper Market","8"
"15092","27343000","19TH AVE","LAWTON",,,"4,7",,"9106000","SIGNAL","ECONOLITE","2070-TS2-1","332","36",,,"WIRELESS&LOOPS","ALL","YES","GPS","FIBER",,"1242691200000",,,,,,,,,,,,"1946","1(a)",,"50","X","50","0","56",,,"APS ENAV 2WIRE 19thAV (8)","POINT (-122.476684177 37.757968982)","2024 May 28 03:15:57 PM","2024 May 28 03:15:57 PM","Sunset/Parkside","7"
"15456","24563000","01ST ST","MISSION","OPTICOM",,"6",,"9002700","SIGNAL","ECONOLITE","2070-TS2-1","MSF","74",,,"QUEUE LOOPS","ALL",,"GPS","PROXIM","TSP,FIRE PREEMPT","1057795200000",,,,,,,,,,,,"1957",,,"0",,"0","0","52",,"CK RECALL","APS 4WIRE PH2 (8)","POINT (-122.397574468 37.789762598)","2024 May 28 03:16:47 PM","2024 May 28 03:16:47 PM","Financial District/South Beach","6"
"15445","26079000","BRODERICK","TURK",,,"2,5",,"9220000","SIGNAL","MCCAIN","2070-TS2-1","G","71",,,,"FUTURE",,"GPS",,,"1394064000000",,,,,,,,,,,,"1990",,,"0",,"0","0","77",,,"FUTURE","POINT (-122.440396755 37.779438637)","2024 May 28 03:16:47 PM","2024 May 28 03:16:47 PM","Western Addition","5"
"15128","26345000","MASONIC","OAK",,,"5",,"9481500","SIGNAL","MCCAIN","2070-TS2-1","MSF75-ATC","16",,,,"ALL",,"GPS","FIBER","TSP-Planned","1016064000000",,,,,,,,,,,,"1955",,,"0",,"0","0","58",,,"APS ENAV 4WIRE CT 34 (8)","POINT (-122.445716666 37.772080394)","2024 May 28 03:15:57 PM","2024 May 28 03:15:57 PM","Golden Gate Park","5"
"15275","24555000","MISSION","SPEAR","OPTICOM",,"6",,"9491000","SIGNAL","MCCAIN","2070-TS2-1","MSF","74",,,"LOOPS","ALL",,"GPS","PROXIM","FIRE PREEMPT","1352678400000",,,,,,,,,,,,"1977",,,"0",,"0","0","52",,,"APS iNAV 3WIRE CITYWIDE NEW APS (9)","POINT (-122.394059624 37.792537217)","2024 May 28 03:15:57 PM","2024 May 28 03:15:57 PM","Financial District/South Beach","6"
"15314","23564000","03RD ST","20TH ST","VETAG,OPTICOM",,"10",,"9010000","SIGNAL","ECONOLITE","2070-TS2-TYPE-1","2070-MSF-TS2-TYPE-1","28",,,"VIDEO","ALL",,"GPS","FIBER","TSP,FIRE PREEMPT","1081987200000",,,,,,,,,,,,"1949",,,"0",,"0","0","75",,,"APS 2WIRE PH1 (10)","POINT (-122.388556399 37.760491009)","2024 May 28 03:15:57 PM","2024 May 28 03:15:57 PM","Potrero Hill","10"
"15355","25304000","JACKSON","POLK","OPTICOM",,"3",,"9439000","SIGNAL","MCCAIN","2070-TS2-1","MSF","78",,,,"ALL",,"GPS",,"FIRE PREEMPT","1283385600000",,,,,,,,,,,,"1979",,,"0",,"0","0","64",,,"APS ENAV 2WIRE POLK (8)","POINT (-122.421404356 37.79414398)","2024 May 28 03:15:57 PM","2024 May 28 03:15:57 PM","Russian Hill","3"
"14496","22654000","FAXON","OCEAN","VETAG",,"7,11",,"9337500","SIGNAL","EAGLE","2070-TS2-TYPE-1","MSF","31",,,,"ALL",,"GPS",,"TSP","1042070400000",,,,,,,,,,,,"1951",,,"0",,"0","0","59",,,,"POINT (-122.460234463 37.724748848)","2024 May 28 03:15:57 PM","2024 May 28 03:15:57 PM","Oceanview/Merced/Ingleside","11"
"15356","26549000","FRANKLIN","PACIFIC",,,"2",,"9364500","SIGNAL","MCCAIN","2070-TS2-1","MSF","49B",,,,"ALL",,"GPS","FIBER",,"1407801600000",,,,,,,,,,,,"1973",,,"0",,"0","0","29",,,,"POINT (-122.424871889 37.794607296)","2024 May 28 03:15:57 PM","2024 May 28 03:15:57 PM","Pacific Heights","2"
"15654","52197000","FRIDA KAHLO","LEE EXTENSION",,,"7",,"9511300","SIGNAL","ECONOLITE","2070-TS2-1","MSF","31",,,"WIRELESS","ALL","YES","GPS",,,"1246406400000",,,,,,,,,,,,"2009",,,"0",,"0","0","59",,,"APS 2WIRE ADDBACK (6)","POINT (-122.452373703 37.727120389)","2024 May 28 03:16:47 PM","2024 May 28 03:16:47 PM","West of Twin Peaks","7"
"14579","23908000","05TH ST","HARRISON","OPTICOM","I-80 W OFF RAMP","6",,"9036000","SIGNAL","ECONOLITE","2070-TS2-TYPE-1","2070-MSF-TS2-TYPE-1","75",,"YES-UPSTEALTH",,"ALL",,"GPS","FIBER,PROXIM","TSP,FIRE PREEMPT","1132185600000",,,,,,,,,,,,"1968","80(a)",,"20","X","80","0","39",,,"APS iNS 3WIRE CALTRANS APS (8)","POINT (-122.401843273 37.779032133)","2024 May 28 03:15:57 PM","2024 May 28 03:15:57 PM","South of Market","6"
"15234","26817000","BRODERICK","PINE",,,"2",,"9219000","SIGNAL","EAGLE","2070-TS2-TYPE-1","2070-MSF-TS2-TYPE-1","73",,,,"ALL",,"GPS",,,"1013558400000",,,,,,,,,,,,"1949",,,"0",,"0","0","63",,,,"POINT (-122.44191562 37.786900331)","2024 May 28 03:15:57 PM","2024 May 28 03:15:57 PM","Pacific Heights","2"
"15435","26319000","BAKER","OAK",,,"5",,"9181500","SIGNAL","ECONOLITE","2070-TS2-TYPE-1","2070-MSF-TS2-TYPE-1","16",,,,"ALL",,"GPS","FIBER",,"1015977600000",,,,,,,,,,,,"1955",,,"0",,"0","0","58",,,,"POINT (-122.440735148 37.772712874)","2024 May 28 03:16:47 PM","2024 May 28 03:16:47 PM","Haight Ashbury","5"
"14781","26598000","BUSH","WEBSTER",,,"5",,"9242000","SIGNAL","ECONOLITE","2070-TS2-TYPE-1","2070-MSF-TS2-TYPE-1","73",,,,"ALL",,"GPS",,,"1080777600000",,,,,,,,,,,,"1949",,,"0",,"0","0","09",,,,"POINT (-122.431813194 37.787230881)","2024 May 28 03:15:57 PM","2024 May 28 03:15:57 PM","Pacific Heights","5"
"15221","26938000","CALIFORNIA","LOCUST","OPTICOM",,"2",,"9251000","SIGNAL","MCCAIN","2070-TS2-1","MSF","14",,,,"ALL",,"GPS","PROXIM","TSP,FIRE PREEMPT","1438214400000",,,,,,,,,,,,"1996",,,"0",,"0","0","11",,,"APS ENAV 2WIRE LAUREL VILLAGE (6)","POINT (-122.451757956 37.786619561)","2024 May 28 03:15:57 PM","2024 May 28 03:15:57 PM","Presidio Heights","2"
"15695","27704000","MORAGA","SUNSET",,,"4",,"9494700","SIGNAL","MCCAIN","2070-TS2-1","MSF","37",,,"WIRELESS","ALL","YES","GPS",,"TSP-Planned","1456963200000",,,,,,,,,,,,"2016",,,"0",,"0","0","73",,,"APS ENAV 2WIRE CT62 (10)","POINT (-122.495357686 37.755276356)","2024 May 28 03:16:47 PM","2024 May 28 03:16:47 PM","Sunset/Parkside","4"
"15578","12726000","TURK","MIDBLOCK",,"GOUGH","5","LAGUNA","0","FLASHER","PEEK","LS186","STD","FLASHER",,,,"n.a.",,,,,,,,,,,,,,,,,"0",,,"0",,"0","0",,,,,"POINT (-122.42544377 37.781340323)","2024 May 28 03:16:47 PM","2024 May 28 03:16:47 PM","Western Addition","5"
"15388","25192000","O'FARRELL","VAN NESS","OPTICOM",,"2,5",,"9498500","SIGNAL","MCCAIN","2070-TS2-1","352i-ATC","49D","MASTER-GPS","2003 CANDIDATE",,"ALL",,"GPS",,"TSP,FIRE PREEMPT","1407283200000",,,,,,,,,,,,"1948","101(b)",,"50","X","50","0","80",,,"APS iNS 2WIRE VAN NESS (11)","POINT (-122.421192975 37.784753446)","2024 May 28 03:15:57 PM","2024 May 28 03:15:57 PM","Tenderloin","5"
"15611","27025000","GORGAS","LYON","OPTICOM","RICHARDSON","2",,"9401800","SIGNAL",,"2070-TS2-TYPE-1","2070-MSF-TS2-TYPE-1","13",,,"VIDEO","ALL","YES","GPS","FIBER","TSP,FIRE PREEMPT","1105401600000",,,,,,,,,,,,"2005",,,"0",,"0","0","47",,,"APS PRESIDIO TRUST (8)","POINT (-122.447695067 37.800831913)","2024 May 28 03:16:47 PM","2024 May 28 03:16:47 PM","Presidio","2"
"14818","26490000","EDDY","GOUGH",,,"2,5",,"9311500","SIGNAL","MCCAIN","2070-TS2-1","MSF65-ATC","49",,,,"ALL",,"GPS","FIBER",,"1317168000000",,,,,,,,,,,,"1956",,,"0",,"0","0","35",,,"APS ENAV 2WIRE GOUGH (8)","POINT (-122.424108201 37.782477052)","2024 May 28 03:15:57 PM","2024 May 28 03:15:57 PM","Western Addition","2"
"15579","11458101","SAN JOSE","MIDBLOCK","VETAG","GENEVA","11","NIAGARA (BEACH YARD)","0","FLASHER","MCCAIN","2070-TS2-1","P","FLASHER",,,"VETAG","n.a.",,,,"ACTUATED TRANSIT PHASE",,,,,,,,,,,,,"0",,,"0",,"0","0","70",,"CAB/CONT",,"POINT (-122.447106774 37.720139333)","2024 May 28 03:16:47 PM","2024 May 28 03:16:47 PM","Outer Mission","11"
"15488","22267000","BOSWORTH","CONGO",,"ELK","7,8",,"9207500","SIGNAL","ECONOLITE","2070-TS2-1","MSF","ISOLATED",,,"WIRELESS","ALL","YES",,,,"1296691200000",,,,,,,,,,,,"1999",,,"0",,"0","0","55",,,,"POINT (-122.439934386 37.73485681)","2024 May 28 03:16:47 PM","2024 May 28 03:16:47 PM","West of Twin Peaks","8"
"14888","25596000","JEFFERSON","JONES","VETAG",,"3",,"9441500","SIGNAL","ECONOLITE","2070-TS2-1","MSF","10",,,,"ALL",,"GPS",,"TSP","1332892800000",,,,,,,,,,,,"1998",,,"0",,"0","0","57",,,"APS iNS 2WIRE JEFFERSON (6)","POINT (-122.417445939 37.808013324)","2024 May 28 03:15:57 PM","2024 May 28 03:15:57 PM","North Beach","3"
"14688","24334000","GOLDEN GATE","LEAVENWORTH",,,"5",,"9397500","SIGNAL","MCCAIN","2070-TS2-1","G","78",,,,"ALL",,"GPS",,,"1456185600000",,,,,,,,,,,,"1955",,,"0",,"0","0","34",,,,"POINT (-122.413865604 37.781863339)","2024 May 28 03:15:57 PM","2024 May 28 03:15:57 PM","Tenderloin","5"
"15551","33724000","LAKESHORE PLAZA","SLOAT",,,"4",,"0","CALTRANS",,,,"CALTRANS",,,,"ALL",,,,,,,,,,,,,,,,,"0","35(b)","X","100",,"0","0","not ours",,,"PENDING","POINT (-122.490443547 37.734050478)","2024 May 28 03:16:47 PM","2024 May 28 03:16:47 PM","Sunset/Parkside","4"
"15282","23807000","03RD ST","TOWNSEND","OPTICOM",,"6",,"9026000","SIGNAL","MCCAIN","2070-TS2-1","MSF","09",,,,"ALL",,"GPS","PROXIM","TSP,FIRE PREEMPT","1043625600000",,,,,,,,,,,,"1957",,,"0",,"0","0","76",,,,"POINT (-122.392749787 37.778851717)","2024 May 28 03:15:57 PM","2024 May 28 03:15:57 PM","Mission Bay","6"
"15507","20651000","SAN BRUNO","SILLIMAN",,"US-101 S OFF RAMP","9",,"0","CALTRANS",,,"N/A","CALTRANS",,,,"ALL",,,,,,,,,,,,,,,,,"0","101(a)","X","25",,"75","0","not ours",,,"PENDING","POINT (-122.405085875 37.731236926)","2024 May 28 03:16:47 PM","2024 May 28 03:16:47 PM","Portola","9"
"15554","25478000","NORTH POINT","STOCKTON","OPTICOM",,"3",,"9495800","SIGNAL","ECONOLITE","2070-TS2-1","ECONOLITE-MSF-STD","11A",,,,"ALL",,"GPS","PROXIM","TSP,FIRE PREEMPT","1109116800000",,,,,,,,,,,,"2005",,,"0",,"0","0","57",,,,"POINT (-122.410497538 37.806962927)","2024 May 28 03:16:47 PM","2024 May 28 03:16:47 PM","North Beach","3"
"15540","20259000","CANDLESTICK","MONSTER PARK",,,"10",,"0","LANE CONTROL","PEEK","LMD40","M","N/A",,,,"n.a.",,,,,,,,,,,,,,,,,"1995",,,"0",,"0","0","12",,,,"POINT (-122.386451911 37.711161078)","2024 May 28 03:16:47 PM","2024 May 28 03:16:47 PM","Bayview Hunters Point","10"
"15675","34162000","03RD ST","WARRIORS","VETAG",,"6",,"9026400","SIGNAL","MCCAIN","2070-TS2-1","ITS 340","28",,,"VIDEO (GRIDSMART)","ALL","YES","GPS","FIBER","TSP,TRANSIT PREEMPT","1090368000000",,,,,,,,,,,,"2004",,,"0",,"0","0","75",,,"APS 2WIRE PH1 (8)","POINT (-122.389238721 37.768824093)","2024 May 28 03:16:47 PM","2024 May 28 03:16:47 PM","Mission Bay","6"
"15892","22335000","DIAMOND HEIGHTS","DUNCAN",,,"8",,"0","BEACON - RRFB","JSF","AB-9X07",,"BEACON",,,,"n.a.","YES",,,,,,,,,,,,,,,,"2024",,,"0",,"0","0",,,,"APS iNX FY21 WALKFIRST RRFB (2)","POINT (-122.443403683 37.746557672)","2024 May 28 03:16:47 PM","2024 May 28 03:16:47 PM","Noe Valley","8"
"15021","24139000","17TH ST","SOUTH VAN NESS","OPTICOM",,"9",,"9094500","SIGNAL","MCCAIN","2070-TS2-1","MSF","64",,,,"ALL",,"GPS",,"FIRE PREEMPT","1358121600000",,,,,,,,,,,,"1958",,,"0",,"0","0","71",,,"APS ENAV 2WIRE SVN (8)","POINT (-122.417332406 37.763571603)","2024 May 28 03:15:57 PM","2024 May 28 03:15:57 PM","Mission","9"
"15396","24437000","GROVE","POLK",,,"5,6",,"9421000","SIGNAL","MCCAIN","2070-TS2-1","G","78",,,,"ALL",,"GPS",,,"1369353600000",,,,,,,,,,,,"1948",,,"0",,"0","0","64",,,"APS 4WIRE PH1 (8)","POINT (-122.418226581 37.778489117)","2024 May 28 03:15:57 PM","2024 May 28 03:15:57 PM","Tenderloin","5"
"15795","9273201","MONTEREY","MIDBLOCK",,"ACADIA","7","BADEN","0","RADAR SPEED SIGN",,,,"N/A",,,,"N.A.",,,,,,,,,,,,,,,,,"2018",,,"0",,"0","0",,,,,"POINT (-122.43852255 37.731634915)","2024 May 28 03:16:47 PM","2024 May 28 03:16:47 PM","West of Twin Peaks","7"
"14576","24671000","BATTERY","PINE","OPTICOM",,"3",,"9187000","SIGNAL","MCCAIN","2070-TS2-1","MSF","78",,,,"ALL",,"GPS",,"FIRE PREEMPT","1358985600000",,,,,,,,,,,,"1949",,,"0",,"0","0","63",,,"PENDING","POINT (-122.399763353 37.792257948)","2024 May 28 03:15:57 PM","2024 May 28 03:15:57 PM","Financial District/South Beach","3"
"15288","23811000","03RD ST","BRANNAN","OPTICOM",,"6",,"9013000","SIGNAL","EAGLE","2070-TS2-1","MSF","74",,,,"ALL",,"GPS","PROXIM","TSP,FIRE PREEMPT","1020816000000",,,,,,,,,,,,"1957",,,"0",,"0","0","05",,,,"POINT (-122.394300037 37.78008973)","2024 May 28 03:15:57 PM","2024 May 28 03:15:57 PM","South of Market","6"
"14909","24707000","BATTERY","PACIFIC","OPTICOM",,"3",,"9186500","SIGNAL","MCCAIN","2070-TS2-1","MSF","78",,,,"ALL",,"GPS",,"FIRE PREEMPT","1456272000000",,,,,,,,,,,,"1986",,,"0",,"0","0","61",,,,"POINT (-122.400863176 37.79765414)","2024 May 28 03:15:57 PM","2024 May 28 03:15:57 PM","Financial District/South Beach","3"
"15168","27620000","CALIFORNIA","PARK PRESIDIO","OPTICOM",,"1",,"9253000","SIGNAL","ECONOLITE","2070-TS2-1","332","15",,,,"ALL",,"GPS","PROXIM","TSP,FIRE PREEMPT","1237852800000",,,,,,,,,,,,"1946","1(a)",,"50","X","50","0","62",,,"APS iNS 2WIRE CALTRANS APS (8)","POINT (-122.472585869 37.784448891)","2024 May 28 03:15:57 PM","2024 May 28 03:15:57 PM","Inner Richmond","1"
"14953","33364000","CESAR CHAVEZ","SOUTH VAN NESS","OPTICOM",,"9",,"9270000","SIGNAL","ECONOLITE","2070-TS2-TYPE-1","2070-MSF-TS2-TYPE-1","24",,,,"ALL",,"GPS",,"FIRE PREEMPT","1134432000000",,,,,,,,,,,,"1949",,,"0",,"0","0","14",,,,"POINT (-122.415862793 37.74821215)","2024 May 28 03:15:57 PM","2024 May 28 03:15:57 PM","Mission","9"
"15054","24144000","20TH ST","MISSION","OPTICOM",,"9",,"9120500","SIGNAL","MCCAIN","2070-TS2-1","MSF65-ATC","64",,,,"ALL",,"GPS","PROXIM","TSP,FIRE PREEMPT","1194393600000",,,,,,,,,,,,"1953",,,"0",,"0","0","53",,,,"POINT (-122.419052607 37.758632567)","2024 May 28 03:15:57 PM","2024 May 28 03:15:57 PM","Mission","9"
"14519","21744000","MISSION","PERSIA","OPTICOM",,"11",,"9489000","SIGNAL","MCCAIN","2070-TS2-1","MSF","26",,,,"ALL",,"GPS","PROXIM","TSP,FIRE PREEMPT","1363478400000",,,,,,,,,,,,"1955",,,"0",,"0","0","54",,"TSP ?????",,"POINT (-122.435976889 37.723129963)","2024 May 28 03:15:57 PM","2024 May 28 03:15:57 PM","Excelsior","11"
"15584","21762000","AVALON","MISSION","OPTICOM","THERESA","11",,"9176800","SIGNAL","ECONOLITE","2070-TS2-TYPE-1","2070-MSF-TS2-TYPE-1","26","MASTER-GPS",,,"ALL",,"GPS","12C,PROXIM","TSP,FIRE PREEMPT","1191456000000",,,,,,,,,,,,"2007",,,"0",,"0","0","54",,,,"POINT (-122.432447324 37.727637208)","2024 May 28 03:16:47 PM","2024 May 28 03:16:47 PM","Outer Mission","11"
"14439","20507000","03RD ST","UNDERWOOD","VETAG",,"10",,"9026200","SIGNAL",,"2070-TS2-TYPE-1","2070-MSF-TS2-TYPE-1","28",,,"VIDEO","ALL","YES","GPS","FIBER","TSP","1105574400000",,,,,,,,,,,,"2005",,,"0",,"0","0","75",,,"APS 2WIRE PH1 (7)","POINT (-122.392348748 37.730066819)","2024 May 28 03:15:57 PM","2024 May 28 03:15:57 PM","Bayview Hunters Point","10"
"15853","34022000","CLIPPER COVE","TREASURE ISLAND",,,"6",,"0","PENDING SIGNAL",,,,,,,,,,,,,,,,,,,,,,,,,"0",,,"0",,"0","0",,,,,"POINT (-122.371328927 37.816006306)","2024 May 28 03:16:47 PM","2024 May 28 03:16:47 PM","Treasure Island","6"
"15158","27840000","30TH AVE","GEARY","OPTICOM",,"1",,"9152500","SIGNAL","MCCAIN","2070-TS2-1","MSF65-ATC","69",,,"WIRELESS","ALL","YES","GPS","PROXIM","TSP,FIRE PREEMPT","1366848000000",,,,,,,,,,,,"1983",,,"0",,"0","0","31",,,"APS iNAV 2WIRE CITYWIDE NEW APS (11)","POINT (-122.490096579 37.779839833)","2024 May 28 03:15:57 PM","2024 May 28 03:15:57 PM","Outer Richmond","1"
"15489","21441000","GENEVA","MADRID","OPTICOM",,"11",,"9389500","SIGNAL","EAGLE","2070-TS2-1","G","30",,,"WIRELESS","ALL","YES","GPS","PROXIM","TSP,FIRE PREEMPT","1274227200000",,,,,,,,,,,,"1999",,,"0",,"0","0","33",,,,"POINT (-122.437805263 37.714940049)","2024 May 28 03:16:47 PM","2024 May 28 03:16:47 PM","Excelsior","11"
"14932","24871000","CHESTNUT","EMBARCADERO","VETAG","PIER 29","3","SANSOME","9272500","SIGNAL","ECONOLITE","2070-TS2-1","MSF","09",,"YES-UPSTEALTH","WIRELESS&LOOPS","ALL","YES","GPS","FIBER","TSP","1289347200000",,,,,,,,,,,,"1971",,,"0",,"0","50","22",,,,"POINT (-122.40343584 37.805184854)","2024 May 28 03:15:57 PM","2024 May 28 03:15:57 PM","North Beach","3"
"14473","23070000","EUCALYPTUS","JUNIPERO SERRA",,"OCEAN","7",,"9332500","SIGNAL","EAGLE","2070-TS2-TYPE-1","2070-MSF-TS2-TYPE-1","53","MASTER","YES-UPSTEALTH",,"ALL",,"GPS","FIBER",,"1046304000000",,,,,,,,,,,,"1951",,,"0",,"0","0","43",,,,"POINT (-122.471797436 37.731032355)","2024 May 28 03:15:57 PM","2024 May 28 03:15:57 PM","West of Twin Peaks","7"
"14881","25914000","FELL","OCTAVIA",,,"5",,"9341000","SIGNAL","ECONOLITE","2070-TS2-TYPE-1","MSF","21",,"YES-UPSTEALTH",,"ALL",,"GPS","FIBER",,"1011139200000",,,,,,,,,,,,"1955",,,"0",,"0","0","25",,,,"POINT (-122.42432465 37.775753962)","2024 May 28 03:15:57 PM","2024 May 28 03:15:57 PM","Hayes Valley","5"
"15572","23779000","16TH ST","VERMONT","OPTICOM",,"6,10",,"9089600","SIGNAL","MCCAIN","2070-TS2-TYPE-1","2070-MSF-TS2-TYPE-1","57",,,,"ALL",,"GPS","FIBER,PROXIM","TSP,FIRE PREEMPT","1205452800000",,,,,,,,,,,,"2008",,,"0",,"0","0","85",,,"PENDING","POINT (-122.404623337 37.765958189)","2024 May 28 03:16:47 PM","2024 May 28 03:16:47 PM","Mission","6"
"14819","24466000","MCALLISTER","VAN NESS","OPTICOM",,"5",,"9484000","SIGNAL","MCCAIN","2070-TS2-1","352i-ATC","16B",,"2003 CANDIDATE",,"ALL",,"GPS",,"TSP, FIRE PREEMPT","1455667200000",,,,,,,,,,,,"9999","101(b)",,"50","X","50","0","80",,,"APS iNS 2WIRE VAN NESS (10)","POINT (-122.420247184 37.780074696)","2024 May 28 03:15:57 PM","2024 May 28 03:15:57 PM","Hayes Valley","5"
"15031","24174000","17TH ST","VALENCIA",,,"9",,"9095000","SIGNAL","MCCAIN","2070-TS2-1","MSF","22","MASTER-GPS",,,"ALL",,"GPS","12C",,"1426118400000",,,,,,,,,,,,"1958",,,"0",,"0","0","79",,,,"POINT (-122.421731522 37.763299768)","2024 May 28 03:15:57 PM","2024 May 28 03:15:57 PM","Mission","9"
"14869","25952000","HAYES","WEBSTER",,,"5",,"9427500","SIGNAL","MCCAIN","2070-TS2-1","MSF","71",,,,"FUTURE",,"GPS",,,"1456790400000",,,,,,,,,,,,"1974",,,"0",,"0","0","40",,,"FUTURE","POINT (-122.429554057 37.776044286)","2024 May 28 03:15:57 PM","2024 May 28 03:15:57 PM","Hayes Valley","5"
"15787","4777101","DIAMOND HEIGHTS","MIDBLOCK",,"DUNCAN","8","GOLD MINE","9295800","BEACON - RRFB","JSF","AB-9X07",,"BEACON",,,,"n.a.","YES",,,,,,,,,,,,,,,,"2018",,,"0",,"0","0",,,,,"POINT (-122.438602257 37.744157071)","2024 May 28 03:16:47 PM","2024 May 28 03:16:47 PM","Glen Park","8"
"15473","4607000","DAVIS","MIDBLOCK",,"CLAY","3","SACRAMENTO","9294000","SIGNAL","MCCAIN","2070-TS2-1","G","78",,,,"ALL",,"GPS",,,"1450310400000",,,,,,,,,,,,"1986",,,"0",,"0","0","16",,,,"POINT (-122.397885173 37.794863489)","2024 May 28 03:16:47 PM","2024 May 28 03:16:47 PM","Financial District/South Beach","3"
"14770","26540000","VAN NESS","WASHINGTON","OPTICOM",,"2,3",,"9542500","SIGNAL","MCCAIN","2070-TS2-1","352i-ATC","13",,,,"ALL",,"GPS",,"TSP,FIRE PREEMPT","1478908800000",,,,,,,,,,,,"1948","101(b)",,"50","X","50","0","80",,,"APS iNS 2WIRE VAN NESS (8)","POINT (-122.422871202 37.793050003)","2024 May 28 03:15:57 PM","2024 May 28 03:15:57 PM","Pacific Heights","3"
"15679","8771101","MARKET","MIDBLOCK",,"DOUGLASS","8","EUREKA","0","RADAR SPEED SIGN",,,,"N/A",,,,"N.A.",,,,,,,,,,,,,,,,,"0",,,"0",,"0","0",,,,,"POINT (-122.43881678 37.761567302)","2024 May 28 03:16:47 PM","2024 May 28 03:16:47 PM","Castro/Upper Market","8"
"14475","23075000","19TH AVE","ROSSMOOR","VETAG","STONESTOWN","4,7",,"9109700","SIGNAL","MCCAIN","2070-TS2-1","342","61",,,"VETAG","ALL",,"GPS",,"TSP","1533600000000",,,,,,,,,,,,"1947","1(a)",,"25","X","75","0","56",,,"PENDING","POINT (-122.474735294 37.730360881)","2024 May 28 03:15:57 PM","2024 May 28 03:15:57 PM","Lakeshore","7"
"14707","25154000","GEARY","LEAVENWORTH","OPTICOM",,"3,5",,"9383000","SIGNAL","ECONOLITE","2070-TS2-TYPE-1","2070-MSF-TS2-TYPE-1","78",,,,"ALL",,"GPS","PROXIM","TSP,FIRE PREEMPT","1109721600000",,,,,,,,,,,,"1985",,,"0",,"0","0","32",,,"PENDING","POINT (-122.414806648 37.78651982)","2024 May 28 03:15:57 PM","2024 May 28 03:15:57 PM","Tenderloin","5"
"15857","8629000","CLEMENTINA","MAIN",,,"6",,"0","FUTURE SIGNAL",,,,"74",,,,"FUTURE",,,,,,,,,,,,,,,,,"0",,,"0",,"0","0",,,,"FUTURE","POINT (-122.39248513 37.789872237)","2024 May 28 03:16:47 PM","2024 May 28 03:16:47 PM","Financial District/South Beach","6"
"15683","11943101","SKYLINE","MIDBLOCK",,"GREAT HIGHWAY","7","JOHN MUIR","9533300","BEACON","RTC",,,"BEACON",,,,"n.a.",,,,,,,,,,,,,,,,,"2015",,,"0",,"0","0",,,,,"POINT (-122.500147119 37.71941282)","2024 May 28 03:16:47 PM","2024 May 28 03:16:47 PM","Lakeshore","7"
"15455","21345000","CESAR CHAVEZ","VALENCIA",,,"8,9",,"9270500","SIGNAL","EAGLE","2070-TS2-1","MSF","24",,,"WIRELESS","ALL",,"GPS",,,"1253145600000",,,,,,,,,,,,"1950",,,"0",,"0","0","14",,,"APS 4WIRE CESAR CHAVEZ STSCAPE (8)","POINT (-122.42027883 37.748125283)","2024 May 28 03:16:47 PM","2024 May 28 03:16:47 PM","Mission","9"
"15196","26029000","DIVISADERO","PAGE","OPTICOM",,"5",,"9302000","SIGNAL","EAGLE","2070-TS2-1","G","16",,,,"ALL",,"GPS","WIRELESS","TSP,FIRE PREEMPT","1256169600000",,,,,,,,,,,,"1996",,,"0",,"0","0","38",,,,"POINT (-122.437234931 37.772203712)","2024 May 28 03:15:57 PM","2024 May 28 03:15:57 PM","Haight Ashbury","5"
"14763","25589000","LARKIN","NORTH POINT",,,"2",,"9459000","SIGNAL","ECONOLITE","2070-TS2-1","G","11A",,,,"ALL",,"GPS",,,"1313020800000",,,,,,,,,,,,"1988",,,"0",,"0","0","57",,,,"POINT (-122.422006821 37.805496648)","2024 May 28 03:15:57 PM","2024 May 28 03:15:57 PM","Russian Hill","2"
"14605","24770000","CLAY","KEARNY","OPTICOM",,"3",,"9278500","SIGNAL","MCCAIN","2070-TS2-1","G","07A",,,,"ALL",,"GPS","PROXIM","TSP,FIRE PREEMPT","1336780800000",,,,,,,,,,,,"1967",,,"0",,"0","0","16",,,"APS iNS 3WIRE QUICKSTRIKE (9)","POINT (-122.404796473 37.794453005)","2024 May 28 03:15:57 PM","2024 May 28 03:15:57 PM","Chinatown","3"
"15117","27084000","06TH AVE","IRVING","OVERHEAD CONTACT PAN",,"7",,"9040500","SIGNAL","ECONOLITE","2070-TS2-1","G","35",,,,"PENDING",,"GPS",,"TSP","1248134400000",,,,,,,,,,,,"1970",,,"0",,"0","0","46",,,"PENDING","POINT (-122.463101994 37.764177827)","2024 May 28 03:15:57 PM","2024 May 28 03:15:57 PM","Inner Sunset","7"
"14992","24115000","22ND ST","VALENCIA",,,"9",,"9128500","SIGNAL","MCCAIN","2070-TS2-1","G","22",,,,"ALL",,"GPS",,,"1491264000000",,,,,,,,,,,,"1953",,,"0",,"0","0","79",,,,"POINT (-122.420964093 37.755294782)","2024 May 28 03:15:57 PM","2024 May 28 03:15:57 PM","Mission","9"
"15405","25930000","BUCHANAN","FELL",,,"5",,"9224500","SIGNAL","ECONOLITE","2070-TS2-TYPE-1","2070-MSF-TS2-TYPE-1","16",,,,"ALL",,"GPS","FIBER",,"1012262400000",,,,,,,,,,,,"1955",,,"0",,"0","0","25",,,,"POINT (-122.427724046 37.77531731)","2024 May 28 03:16:47 PM","2024 May 28 03:16:47 PM","Hayes Valley","5"
"14700","25144000","ELLIS","HYDE",,,"5",,"9318500","SIGNAL","ECONOLITE","2070-TS2-TYPE-1","2070-MSF-TS2-TYPE-1","78",,,,"ALL",,"GPS",,,"1112745600000",,,,,,,,,,,,"1969",,,"0",,"0","0","21",,,"APS iNS 3WIRE QUICKSTRIKE (11)","POINT (-122.416071735 37.784448842)","2024 May 28 03:15:57 PM","2024 May 28 03:15:57 PM","Tenderloin","5"
"15609","25440000","FILBERT","MASON","MECHANICAL",,"3",,"9344700","SIGNAL","EAGLE","2070-TS2-1","G","ISOLATED",,,,"ALL",,,,"CABLE CAR PREEMPTION","1253491200000",,,,,,,,,,,,"2009",,,"0",,"0","0","42",,,,"POINT (-122.412659661 37.800965057)","2024 May 28 03:16:47 PM","2024 May 28 03:16:47 PM","Chinatown","3"
"15300","24532000","01ST ST","HOWARD",,,"6",,"9002000","SIGNAL","MCCAIN","2070-TS2-1","MSF","74",,,,"ALL",,"GPS","FIBER",,"1333670400000",,,,,,,,,,,,"1957",,,"0",,"0","0","41",,,,"POINT (-122.396034766 37.788535931)","2024 May 28 03:15:57 PM","2024 May 28 03:15:57 PM","Financial District/South Beach","6"
"15228","26818000","CALIFORNIA","DIVISADERO","OPTICOM",,"2",,"9244000","SIGNAL","MCCAIN","2070-TS2-1","G","73",,,,"ALL",,"GPS","PROXIM","TSP,FIRE PREEMPT","1433980800000",,,,,,,,,,,,"1956",,,"0",,"0","0","11",,,,"POINT (-122.440440114 37.788067166)","2024 May 28 03:15:57 PM","2024 May 28 03:15:57 PM","Pacific Heights","2"
"15827","23562000","20TH ST","ILLINOIS",,,"10",,"0","FUTURE SIGNAL",,,,"28",,,,"FUTURE",,,,,,,,,,,,,,,,,"0",,,"0",,"0","0","85",,,,"POINT (-122.387568785 37.760550222)","2024 May 28 03:16:47 PM","2024 May 28 03:16:47 PM","Potrero Hill","10"
"15106","33561000","07TH AVE","LINCOLN",,,"7",,"9047000","SIGNAL","MCCAIN","2070-TS2-1","MSF","65",,,"WIRELESS","ALL","YES","GPS","FIBER",,"1243814400000",,,,,,,,,,,,"1953",,,"0",,"0","0","46",,,"APS 2WIRE 7TH/LINCOLN (7)","POINT (-122.464312456 37.766071829)","2024 May 28 03:15:57 PM","2024 May 28 03:15:57 PM","Golden Gate Park","7"
"15347","26700000","CHESTNUT","FRANKLIN",,,"2",,"9273500","SIGNAL","MCCAIN","2070-TS2-1","MSF","13",,,,"ALL",,"GPS",,,"1465948800000",,,,,,,,,,,,"1953",,,"0",,"0","0","29",,,,"POINT (-122.426377344 37.802071872)","2024 May 28 03:15:57 PM","2024 May 28 03:15:57 PM","Marina","2"
"15121","27830000","36TH AVE","FULTON","OPTICOM",,"1",,"9156000","SIGNAL","MCCAIN","2070-TS2-1","MSF","55",,,"WIRELESS","PENDING","YES","GPS",,"TSP,FIRE PREEMPT","1254787200000",,,,,,,,,,,,"1972",,,"0",,"0","0","30",,,"PENDING","POINT (-122.495972016 37.772032015)","2024 May 28 03:15:57 PM","2024 May 28 03:15:57 PM","Outer Richmond","1"
"14611","24747000","GRANT","PINE",,,"3",,"9412000","SIGNAL","EAGLE","2070-TS2-1","2070-MSF-TS2-TYPE-1","78",,,,"ALL",,"GPS","12C",,"1008201600000",,,,,,,,,,,,"1949",,,"0",,"0","0","63",,,,"POINT (-122.405741879 37.791498102)","2024 May 28 03:15:57 PM","2024 May 28 03:15:57 PM","Financial District/South Beach","3"
"15399","25968000","FILLMORE","MCALLISTER",,,"5",,"9349000","SIGNAL","MCCAIN","2070-TS2-1","G","71",,,,"FUTURE",,"GPS","PROXIM","TSP-Planned","1351987200000",,,,,,,,,,,,"1966",,,"0",,"0","0","51",,,"FUTURE","POINT (-122.43176322 37.778632037)","2024 May 28 03:15:57 PM","2024 May 28 03:15:57 PM","Western Addition","5"
"14828","26514000","GEARY","LAGUNA","OPTICOM",,"2,5",,"9382000","SIGNAL","MCCAIN","2070-TS2-1","MSF72","72",,,,"ALL",,"GPS","FIBER","FIRE PREEMPT","1338595200000",,,,,,,,,,,,"1961",,,"0",,"0","0","31",,,"APS iNS 2WIRE GEARY RAPID (10)","POINT (-122.427988927 37.784953879)","2024 May 28 03:15:57 PM","2024 May 28 03:15:57 PM","Western Addition","5"
"15765","24534000","01ST ST","NATOMA",,"TRANSBAY TERMINAL","6",,"9002800","SIGNAL","MCCAIN","2070-TS2-1","MSF TALL","74",,,"WIRELESS","ALL","YES","GPS",,,"1561852800000",,,,,,,,,,,,"2019",,,"0",,"0","0","41",,,"APS ENAV 2WIRE TRANSBAY (6)","POINT (-122.396570766 37.788962963)","2024 May 28 03:16:47 PM","2024 May 28 03:16:47 PM","Financial District/South Beach","6"
"14599","25165000","BUSH","LEAVENWORTH",,,"3",,"9235000","SIGNAL","ECONOLITE","2070-TS2-TYPE-1","2070-MSF-TS2-TYPE-1","78",,,,"ALL",,"GPS","FIBER",,"1080172800000",,,,,,,,,,,,"1949",,,"0",,"0","0","08",,,,"POINT (-122.415371922 37.789319849)","2024 May 28 03:15:57 PM","2024 May 28 03:15:57 PM","Nob Hill","3"
"14730","24265000","07TH ST","HOWARD",,,"6",,"9049500","SIGNAL","MCCAIN","2070-TS2-1","MSF","75",,"YES-UPSTEALTH",,"ALL",,"GPS","FIBER,PROXIM","TSP-Planned","1129075200000",,,,,,,,,,,,"1956",,,"0",,"0","0","41",,,"APS iNAV 3WIRE CITYWIDE NEW APS (10)","POINT (-122.409387006 37.777977087)","2024 May 28 03:15:57 PM","2024 May 28 03:15:57 PM","South of Market","6"
"14569","20203000","EVANS","MENDELL",,,"10",,"9334500","SIGNAL","MCCAIN","2070-TS2-1","MSF","ISOLATED",,,,"NONE",,"GPS",,,"1450742400000",,,,,,,,,,,,"1980",,,"0",,"0","0","24",,,,"POINT (-122.38470554 37.740897517)","2024 May 28 03:15:57 PM","2024 May 28 03:15:57 PM","Bayview Hunters Point","10"
"14590","24228000","13TH ST","HARRISON",,,"6,9",,"9073500","SIGNAL","MCCAIN","2070-TS2-1","MSF","21",,,,"ALL",,"GPS",,,"1409788800000",,,,,,,,,,,,"1969",,,"0",,"0","0","39",,,,"POINT (-122.413385238 37.769502005)","2024 May 28 03:15:57 PM","2024 May 28 03:15:57 PM","Mission","9"
"15558","26377000","GROVE","MASONIC",,,"5",,"9420700","SIGNAL","ECONOLITE","2070-TS2-1","MSF","16C","MASTER-GPS",,,"ALL",,"GPS","PROXIM","TSP-Planned","1107216000000",,,,,,,,,,,,"2005",,,"0",,"0","0","09",,,,"POINT (-122.446283693 37.774871093)","2024 May 28 03:16:47 PM","2024 May 28 03:16:47 PM","Lone Mountain/USF","5"
"15806","21579000","ALEMANY","LAWRENCE",,,"11",,"0","PENDING SIGNAL",,,,"ISOLATED",,,,"PENDING",,,,,,,,,,,,,,,,,"0",,,"0",,"0","0","01",,,,"POINT (-122.45314269 37.711221077)","2024 May 28 03:16:47 PM","2024 May 28 03:16:47 PM","Outer Mission","11"
"14554","20460000","03RD ST","JAMESTOWN","VETAG",,"10",,"9019300","SIGNAL",,"2070-TS2-TYPE-1","2070-MSF-TS2-TYPE-1","28",,,"VIDEO","ALL","YES","GPS","FIBER","TSP","1102377600000",,,,,,,,,,,,"1949",,,"0",,"0","0","75",,,"APS iNS 2WIRE QUICKSTRIKE (15)","POINT (-122.396617026 37.720230912)","2024 May 28 03:15:57 PM","2024 May 28 03:15:57 PM","Bayview Hunters Point","10"
"14805","26532000","BUCHANAN","PINE",,,"2,5",,"9227000","SIGNAL","MCCAIN","2070-TS2-1","G","73",,,,"ALL",,"GPS",,,"1372204800000",,,,,,,,,,,,"1949",,,"0",,"0","0","63",,,,"POINT (-122.430355918 37.788368312)","2024 May 28 03:15:57 PM","2024 May 28 03:15:57 PM","Pacific Heights","5"
"15483","7990201","FOREST HILL STATION","LAGUNA HONDA",,,"7",,"9356500","SIGNAL","ECONOLITE","2070-TS2-TYPE-1","2070-MSF-TS2-TYPE-1","34",,,"WIRELESS (NOT USED)","ALL",,"GPS","FIBER",,"1100736000000",,,,,,,,,,,,"1954",,,"0",,"0","0","65",,,"APS 4WIRE PH2 (3)","POINT (-122.458722186 37.748032344)","2024 May 28 03:16:47 PM","2024 May 28 03:16:47 PM","West of Twin Peaks","7"
"15081","23183000","19TH AVE","TARAVAL","VETAG,OPTICOM",,"4,7",,"9111000","SIGNAL","ECONOLITE","2070-TS2-1","342","36",,,,"ALL",,"GPS","FIBER","TSP,FIRE PREEMPT","1236643200000",,,,,,,,,,,,"1946","1(a)",,"50","X","50","0","56",,,"APS 4WIRE 19thAV (8)","POINT (-122.475644468 37.743051812)","2024 May 28 03:15:57 PM","2024 May 28 03:15:57 PM","Sunset/Parkside","7"
"15902","5664000","FOLSOM","MIDBLOCK",,"4TH ST","6","5TH ST","0","PENDING SIGNAL",,,,,,,,"PENDING",,,,,,,,,,,,,,,,,"0",,,"0",,"0","0","27",,,"PENDING","POINT (-122.402242907 37.781153389)","2024 May 28 03:16:47 PM","2024 May 28 03:16:47 PM","South of Market","6"
"14484","22105000","GENEVA","SAN JOSE","OPTICOM,TRACK CIRCUIT,VETAG,TRANSIT BUTTON",,"11",,"9393000","SIGNAL","ECONOLITE","2070-TS2-1","MSF","58",,,,"ALL",,"GPS","PROXIM","FIRE PREEMPT,TRANSIT PREEMPT","1288051200000",,,,,,,,,,,,"1952",,,"0",,"0","0","33",,,"APS 4WIRE PH1 (8)","POINT (-122.446608651 37.720724224)","2024 May 28 03:15:57 PM","2024 May 28 03:15:57 PM","Outer Mission","11"
"15646","25605000","24TH ST","FAIR OAKS",,,"8",,"9136400","BEACON - RRFB","JSF","AB-9X07",,"BEACON",,,,"n.a.","YES",,,,,,,,,,,,,,,,"2014",,,"0",,"0","0",,,,,"POINT (-122.423988397 37.751911295)","2024 May 28 03:16:47 PM","2024 May 28 03:16:47 PM","Mission","8"
"15338","25163000","HYDE","SUTTER","OPTICOM",,"3",,"9435000","SIGNAL","ECONOLITE","2070-TS2-TYPE-1","2070-MSF-TS2-TYPE-1","78",,,,"ALL",,"GPS","PROXIM","TSP,FIRE PREEMPT","1111536000000",,,,,,,,,,,,"1967",,,"0",,"0","0","74",,,,"POINT (-122.416827154 37.788177891)","2024 May 28 03:15:57 PM","2024 May 28 03:15:57 PM","Nob Hill","3"
"14470","23149000","19TH AVE","SLOAT",,,"4,7",,"9110500","SIGNAL","MCCAIN","2070-TS2-1","352i-ATC","61",,"2003 CANDIDATE","VIDEO (GRIDSMART)","ALL","YES","GPS",,,"1193875200000",,,,,,,,,,,"YES","1946","1(a)",,"75","X","25","0","56",,,"APS 4WIRE 19thAV (12)","POINT (-122.47510247 37.734625572)","2024 May 28 03:15:57 PM","2024 May 28 03:15:57 PM","Sunset/Parkside","7"
"15786","28173000","FELTON","SAN BRUNO","OPTICOM",,"9",,"9344100","SIGNAL","MCCAIN","2070-TS2-1","MSF65-ATC","ISOLATED",,,,"ALL",,"GPS","PROXIM","TSP,FIRE PREEMPT","1573084800000",,,,,,,,,,,,"2019",,,"0",,"0","0","04",,,"PENDING","POINT (-122.404592617 37.730037195)","2024 May 28 03:16:47 PM","2024 May 28 03:16:47 PM","Portola","9"
"15002","24128000","20TH ST","SOUTH VAN NESS","OPTICOM",,"9",,"9121500","SIGNAL","MCCAIN","2070-TS2-1","MSF","64",,,,"ALL",,"GPS",,"FIRE PREEMPT","1439856000000",,,,,,,,,,,,"1954",,,"0",,"0","0","71",,,,"POINT (-122.416872482 37.758764229)","2024 May 28 03:15:57 PM","2024 May 28 03:15:57 PM","Mission","9"
"15204","26067000","DIVISADERO","MCALLISTER","OPTICOM",,"5",,"9300500","SIGNAL","MCCAIN","2070-TS2-1","MSF","71",,,,"FUTURE",,"GPS","PROXIM","TSP,FIRE PREEMPT","1351987200000",,,,,,,,,,,,"1967",,,"0",,"0","0","51",,,"FUTURE","POINT (-122.438365501 37.777794189)","2024 May 28 03:15:57 PM","2024 May 28 03:15:57 PM","Western Addition","5"
"14925","25053000","PACIFIC","STOCKTON","OPTICOM",,"3",,"9509000","SIGNAL","MCCAIN","2070-TS2-1","MSF65-ATC","05","MASTER",,,"ALL",,"GPS","PROXIM","FIRE PREEMPT","1250121600000",,,,,,,,,,,,"1956",,,"0",,"0","0","61",,,"APS INAV 3WIRE JOHN Y CHIN SR2S (8)","POINT (-122.408430886 37.796703903)","2024 May 28 03:15:57 PM","2024 May 28 03:15:57 PM","Chinatown","3"
"14939","22341000","BURNETT","CLIPPER",,"PORTOLA","8",,"9229000","SIGNAL","MCCAIN","2070-TS2-1","MSF","21",,,,"ALL",,"GPS",,,"1368489600000",,,,,,,,,,,,"1951",,,"0",,"0","0","65",,,,"POINT (-122.44483114 37.746965657)","2024 May 28 03:15:57 PM","2024 May 28 03:15:57 PM","Twin Peaks","8"
"14735","24305000","09TH ST","HOWARD",,,"6",,"9062000","SIGNAL","MCCAIN","2070-TS2-1","MSF","75",,"YES-UPSTEALTH",,"ALL",,"GPS","FIBER,PROXIM",,"1128556800000",,,,,,,,,,,,"1956",,,"0",,"0","0","41",,,,"POINT (-122.413161108 37.774991752)","2024 May 28 03:15:57 PM","2024 May 28 03:15:57 PM","South of Market","6"
"15059","24138000","16TH ST","FOLSOM",,,"9",,"9085500","SIGNAL","MCCAIN","2070-TS2-1","MSF","64",,,,"ALL",,"GPS","PROXIM",,"1476748800000",,,,,,,,,,,,"1954",,,"0",,"0","0","26",,,"PENDING","POINT (-122.415308388 37.765314639)","2024 May 28 03:15:57 PM","2024 May 28 03:15:57 PM","Mission","9"
"15042","24353000","11TH ST","HOWARD","OPTICOM",,"6",,"9069500","SIGNAL","MCCAIN","2070-TS2-1","G","77",,,,"ALL",,"GPS","PROXIM","TSP,FIRE PREEMPT","1423094400000",,,,,,,,,,,,"1956",,,"0",,"0","0","41",,,,"POINT (-122.41556139 37.773100588)","2024 May 28 03:15:57 PM","2024 May 28 03:15:57 PM","Mission","6"
"14823","25967000","MCALLISTER","WEBSTER",,,"5",,"9484500","SIGNAL","MCCAIN","2070-TS2-1","MSF","71","MASTER-GPS",,,"ALL",,"GPS",,,"1341100800000",,,,,,,,,,,,"1972",,,"0",,"0","0","51",,,"APS ENAV 2WIRE WEBSTER (8)","POINT (-122.430047265 37.778850928)","2024 May 28 03:15:57 PM","2024 May 28 03:15:57 PM","Western Addition","5"
"15271","23607000","FOLSOM","SPEAR",,,"6",,"9355000","SIGNAL","MCCAIN","2070-TS2-1","352i-ATC","74",,,,"ALL",,"GPS",,,"1444089600000",,,,,,,,,,,,"1993",,,"0",,"0","0","27",,,"PENDING","POINT (-122.390971017 37.7900698)","2024 May 28 03:15:57 PM","2024 May 28 03:15:57 PM","Financial District/South Beach","6"
"15082","23202000","19TH AVE","RIVERA",,,"4,7",,"9109500","SIGNAL","ECONOLITE","2070-TS2-1","332","36",,,"LOOPS","ALL","YES","GPS","FIBER",,"1243555200000",,,,,,,,,,,,"1946","1(a)",,"50","X","50","0","56",,,"PENDING","POINT (-122.47590202 37.746782038)","2024 May 28 03:15:57 PM","2024 May 28 03:15:57 PM","West of Twin Peaks","7"
"14964","21175000","BESSIE","FOLSOM",,"PRECITA","9",,"9207000","SIGNAL","MCCAIN","2070-TS2-1","G","ISOLATED",,,,"ALL",,"GPS",,,"1483574400000",,,,,,,,,,,,"1975",,,"0",,"0","0","26",,,,"POINT (-122.413532073 37.746765651)","2024 May 28 03:15:57 PM","2024 May 28 03:15:57 PM","Bernal Heights","9"
"15535","30045000","CHARLES J BRENHAM","MCALLISTER",,,"5",,"9271200","SIGNAL","EAGLE","2070-TS2-1","MSF","01D",,,,"ALL",,"GPS","PROXIM",,"1310428800000",,,,,,,,,,,,"1996",,,"0",,"0","0","51",,,,"POINT (-122.41314805 37.780993782)","2024 May 28 03:16:47 PM","2024 May 28 03:16:47 PM","Tenderloin","5"
"15843","27804001","41ST AVE","CHAIN OF LAKES",,"LINCOLN","4",,"0","PENDING SIGNAL",,,,"ISOLATED",,,,"PENDING",,,,,,,,,,,,,,,,,"0",,,"0",,"0","0","73",,,"PENDING","POINT (-122.500832398 37.764398295)","2024 May 28 03:16:47 PM","2024 May 28 03:16:47 PM","Sunset/Parkside","4"
"15178","27578000","ARGUELLO","LAKE",,"SACRAMENTO","1,2",,"9174500","SIGNAL","MCCAIN","2070-TS2-1","MSF65-ATC","14",,,,"ALL",,"GPS",,,"1438646400000",,,,,,,,,,,,"1972",,,"0",,"0","0","02",,,"APS iNAV 2WIRE ARGUELLO (8)","POINT (-122.459279528 37.78691387)","2024 May 28 03:15:57 PM","2024 May 28 03:15:57 PM","Presidio Heights","2"
"15353","25563000","POLK","UNION",,,"3",,"9519500","SIGNAL","MCCAIN","2070-TS2-1","MSF","ISOLATED",,,,"ALL",,"GPS",,,"1498521600000",,,,,,,,,,,,"1975",,,"0",,"0","0","64",,,,"POINT (-122.42233695 37.798761579)","2024 May 28 03:15:57 PM","2024 May 28 03:15:57 PM","Russian Hill","3"
"15193","26351000","BAKER","HAYES",,,"5",,"9181000","SIGNAL","MCCAIN","2070-TS2-1","G","ISOLATED",,,,"PENDING",,"GPS",,,"1396483200000",,,,,,,,,,,,"1975",,,"0",,"0","0","40",,,"PENDING","POINT (-122.441110418 37.774567483)","2024 May 28 03:15:57 PM","2024 May 28 03:15:57 PM","Lone Mountain/USF","5"
"14547","23338000","34TH AVE","CLEARFIELD",,"SLOAT","4",,"0","CALTRANS",,,"N/A","CALTRANS",,,,"ALL",,,,,,,,,,,,,,,,,"1968","35(b)","X","50",,"50","0","not ours",,,"PENDING","POINT (-122.491342619 37.734007858)","2024 May 28 03:15:57 PM","2024 May 28 03:15:57 PM","Sunset/Parkside","4"
"15733","25869000","BUCHANAN","HAIGHT","OPTICOM",,"5,8",,"0","SIGNAL","MCCAIN","2070-ATC","MSF65-ATC","20",,,,"ALL",,"GPS",,"TSP,FIRE PREEMPT","1613606400000",,,,,,,,,,,,"2021",,,"0",,"0","0","38",,,"APS iNS 2WIRE LOWER HAIGHT (9)","POINT (-122.427158446 37.772524917)","2024 May 28 03:16:47 PM","2024 May 28 03:16:47 PM","Hayes Valley","5"
"15454","52248000","MARIPOSA","OWENS",,"I-280 ON & OFF RAMPS","6,10",,"9472000","SIGNAL","MCCAIN","2070-TS2-1","340","28",,"YES-UPSTEALTH","LOOPS","ALL","YES","GPS",,,"1484352000000",,,,,,,,,,,,"1986","280",,"33","X","67","0","85",,,"APS 2WIRE MISSION BAY","POINT (-122.392485823 37.764090121)","2024 May 28 03:16:47 PM","2024 May 28 03:16:47 PM","Potrero Hill","10"
"15005","24421000","11TH ST","MISSION","OPTICOM",,"6",,"9070000","SIGNAL","MCCAIN","2070-TS2-1","MSF75-ATC","16B",,,,"ALL",,"GPS","FIBER,PROXIM","TSP,FIRE PREEMPT","1052956800000",,,,,,,,,,,,"1956",,,"0",,"0","0","52",,,,"POINT (-122.417104136 37.774325287)","2024 May 28 03:15:57 PM","2024 May 28 03:15:57 PM","South of Market","6"
"15153","27537000","21ST AVE","GEARY","OPTICOM",,"1",,"9122500","SIGNAL","MCCAIN","2070-TS2-1","MSF","15",,,,"ALL",,"GPS","PROXIM","TSP,FIRE PREEMPT","1351900800000",,,,,,,,,,,,"1959",,,"0",,"0","0","31",,,,"POINT (-122.480450628 37.780280238)","2024 May 28 03:15:57 PM","2024 May 28 03:15:57 PM","Outer Richmond","1"
"14920","24781000","GRANT","WASHINGTON",,,"3",,"9414000","SIGNAL","MCCAIN","2070-TS2-1","352i-ATC","04",,,,"SOME PHASES",,"GPS",,,"1675900800000",,,,,,,,,,,,"1973",,,"0",,"0","0","81",,,,"POINT (-122.406475551 37.795144465)","2024 May 28 03:15:57 PM","2024 May 28 03:15:57 PM","Chinatown","3"
"14841","25191000","EDDY","FRANKLIN",,,"2",,"9311000","SIGNAL","MCCAIN","2070-TS2-1","MSF","49D",,,,"ALL",,"GPS",,,"1382400000000",,,,,,,,,,,,"1961",,,"0",,"0","0","28",,,,"POINT (-122.422463744 37.782685369)","2024 May 28 03:15:57 PM","2024 May 28 03:15:57 PM","Western Addition","2"
"15722","25263000","LEAVENWORTH","WASHINGTON","MECHANICAL,FH BUTTON",,"3",,"0","SIGNAL","MCCAIN","2070-TS2-1","MSF65-ATC","06",,,,"ALL",,"GPS",,"CABLE CAR PREEMPTION,FIRE PREEMPT","1589846400000",,,,,,,,,,,,"2020",,,"0",,"0","0","81",,,"APS iNAV 2WIRE CT 64 (8)","POINT (-122.416291702 37.793892084)","2024 May 28 03:16:47 PM","2024 May 28 03:16:47 PM","Nob Hill","3"
"14760","26965000","LOMBARD","PIERCE","OPTICOM",,"2",,"9466500","SIGNAL","ECONOLITE","2070-TS2-1","CTSF-TS2-1","13",,"YES-UPSTEALTH","WIRELESS&LOOPS (NOT USED)","ALL",,"GPS","FIBER","TSP,FIRE PREEMPT","1150848000000",,,,,,,,,,,,"1947","480(b)",,"50","X","50","0","47",,,"PENDING","POINT (-122.439336653 37.799425312)","2024 May 28 03:15:57 PM","2024 May 28 03:15:57 PM","Marina","2"
"15417","25574000","HYDE","NORTH POINT","MECHANICAL",,"2,3",,"9432500","SIGNAL","EAGLE","2070-TS2-1","G","11A",,,,"ALL",,"GPS","12C","CABLE CAR PREEMPTION","1276128000000",,,,,,,,,,,,"1975",,,"0",,"0","0","57",,,,"POINT (-122.420369046 37.805720256)","2024 May 28 03:16:47 PM","2024 May 28 03:16:47 PM","Russian Hill","3"
"15469","6436206","GREAT HIGHWAY","NORIEGA",,,"4",,"9416000","SIGNAL","ECONOLITE","2070-TS2-1","G","38",,,,"ALL",,"GPS",,,"1320883200000",,,,,,,,,,,,"1988",,,"0",,"0","0","36",,,"FUTURE","POINT (-122.508891574 37.7528135)","2024 May 28 03:16:47 PM","2024 May 28 03:16:47 PM","Sunset/Parkside","4"
"14424","22755000","CERRITOS","OCEAN",,"WESTGATE","7",,"9264300","SIGNAL","EAGLE","2070-TS2-TYPE-1","MSF","31",,,,"ALL",,"GPS","TWISTED PAIR",,"1038787200000",,,,,,,,,,,,"2002",,,"0",,"0","0","59",,,,"POINT (-122.466681386 37.727237766)","2024 May 28 03:15:57 PM","2024 May 28 03:15:57 PM","West of Twin Peaks","7"
"14790","26641000","CALIFORNIA","SCOTT","OPTICOM",,"2",,"9255500","SIGNAL","MCCAIN","2070-TS2-1","G","73",,,,"ALL",,"GPS","PROXIM","TSP,FIRE PREEMPT","1433376000000",,,,,,,,,,,,"1972",,,"0",,"0","0","11",,,,"POINT (-122.438773338 37.788278399)","2024 May 28 03:15:57 PM","2024 May 28 03:15:57 PM","Pacific Heights","2"
"14634","24720000","KEARNY","SUTTER","OPTICOM",,"3",,"9449300","SIGNAL","MCCAIN","2070-TS2-1","G","78",,,,"ALL",,"GPS","PROXIM","TSP,FIRE PREEMPT","1363824000000",,,,,,,,,,,,"1954",,,"0",,"0","0","74",,,,"POINT (-122.403841564 37.789829339)","2024 May 28 03:15:57 PM","2024 May 28 03:15:57 PM","Financial District/South Beach","3"
"15341","24660000","GRANT","POST","OPTICOM",,"3",,"9412500","SIGNAL","EAGLE","2070-TS2-1","MSF","78",,,,"ALL",,"GPS","PROXIM","TSP,FIRE PREEMPT","1285113600000",,,,,,,,,,,,"1957",,,"0",,"0","0","66",,,,"POINT (-122.405221173 37.788693992)","2024 May 28 03:15:57 PM","2024 May 28 03:15:57 PM","Financial District/South Beach","3"
"15769","54091000","03RD ST","CAMPUS","VETAG",,"6",,"9013900","SIGNAL","MCCAIN","2070-TS2-1","MSF77-ATC","28",,,"WIRELESS","ALL","YES","GPS","FIBER","TSP,TRANSIT PREEMPT","1564531200000",,,,,,,,,,,,"2019",,,"0",,"0","0","75",,,"APS ENAV 2WIRE UCSF PLATFORM (6)","POINT (-122.389286735 37.76787442)","2024 May 28 03:16:47 PM","2024 May 28 03:16:47 PM","Mission Bay","6"
"15327","20730000","CESAR CHAVEZ","EVANS",,,"10",,"9265500","SIGNAL","EAGLE","2070-TS2-1","MSF","50",,,"VIDEO","ALL","YES","GPS",,,"1035331200000",,,,,,,,,,,,"1949",,,"0",,"0","0","14",,,,"POINT (-122.397285416 37.749684623)","2024 May 28 03:15:57 PM","2024 May 28 03:15:57 PM","Bayview Hunters Point","10"
"15580","6105000","GEARY","MIDBLOCK",,"COLLINS","2","WOOD","0","FLASHER",,,,"FLASHER",,,,"n.a.",,,,,,,,,,,,,,,,,"0",,,"0",,"0","0","31",,,,"POINT (-122.44916001 37.782236157)","2024 May 28 03:16:47 PM","2024 May 28 03:16:47 PM","Lone Mountain/USF","2"
"14899","25468000","CHESTNUT","COLUMBUS","MECHANICAL","TAYLOR","3",,"9272000","SIGNAL","ECONOLITE","2070-TS2-TYPE-1","MSF","07",,,,"ALL",,"GPS",,"CABLE CAR PREEMPTION","1101168000000",,,,,,,,,,,,"1957",,,"0",,"0","0","18",,,,"POINT (-122.414876785 37.803542325)","2024 May 28 03:15:57 PM","2024 May 28 03:15:57 PM","North Beach","3"
"14771","26547000","BROADWAY","VAN NESS","OPTICOM",,"2,3",,"9215500","SIGNAL","MCCAIN","2070-TS2-1","352i-ATC","13",,,,"ALL",,"GPS",,"TSP,FIRE PREEMPT","1386547200000",,,,,,,,,,,"PENDING","1948","101(b)",,"50","X","50","0","80",,,"APS iNS 2WIRE VAN NESS (8)","POINT (-122.423413056 37.795737109)","2024 May 28 03:15:57 PM","2024 May 28 03:15:57 PM","Russian Hill","3"
"15491","33719000","20TH AVE","WINSTON",,,"7",,"9118000","SIGNAL","MCCAIN","2070-TS2-1","MSF","61",,,,"ALL",,"GPS",,,"1423699200000",,,,,,,,,,,,"1999",,,"0",,"0","0","56",,,"APS 4WIRE PH2 (6)","POINT (-122.476039472 37.726949914)","2024 May 28 03:16:47 PM","2024 May 28 03:16:47 PM","Lakeshore","7"
"14409","27290000","08TH AVE","CLEMENT",,,"1",,"9052500","SIGNAL","MCCAIN","2070-TS2-1","G","48",,,,"ALL",,"GPS",,,"1489536000000",,,,,,,,,,,,"1999",,,"0",,"0","0","02",,,,"POINT (-122.466562653 37.782849408)","2024 May 28 03:15:57 PM","2024 May 28 03:15:57 PM","Inner Richmond","1"
"15790","23335000","CONSTANSO","EVERGLADE",,"SLOAT","4",,"0","CALTRANS - HAWK",,,,"CALTRANS",,,,"ALL","YES",,,,,,,,,,,,,,,,"2018","35(b)","X","100",,"0","0","not ours",,,"APS HAWK","POINT (-122.488956039 37.734113298)","2024 May 28 03:16:47 PM","2024 May 28 03:16:47 PM","Sunset/Parkside","4"
"15641","22190000","GENEVA","HOWTH","OPTICOM",,"11",,"9389300","SIGNAL","MCCAIN","2070-TS2-1","MSF","ISOLATED",,,"WIRELESS","ALL","YES","GPS","PROXIM","TSP,FIRE PREEMPT","1387324800000",,,,,,,,,,,,"2013",,,"0",,"0","0","33",,,"APS 2WIRE BALBOA PARK (8)","POINT (-122.450118226 37.722082795)","2024 May 28 03:16:47 PM","2024 May 28 03:16:47 PM","Oceanview/Merced/Ingleside","11"
"15631","24639000","03RD ST","STEVENSON","OPTICOM",,"6",,"9025200","SIGNAL","ECONOLITE","2070-TS2-1","MSF-TS2-1","01D",,,"WIRELESS","ALL",,"GPS","PROXIM","TSP,FIRE PREEMPT","1237248000000",,,,,,,,,,,,"2009",,,"0",,"0","0","52",,,,"POINT (-122.403028193 37.787024419)","2024 May 28 03:16:47 PM","2024 May 28 03:16:47 PM","Financial District/South Beach","6"
"15735","26025000","HAIGHT","SCOTT","OPTICOM",,"5",,"0","SIGNAL","MCCAIN","2070-ATC","MSF65-ATC","20",,,,"ALL",,"GPS","FIBER","TSP,FIRE PREEMPT","1610064000000",,,,,,,,,,,,"2021",,,"0",,"0","0","38",,,"APS iNS 2WIRE LOWER HAIGHT (8)","POINT (-122.435372983 37.771479485)","2024 May 28 03:16:47 PM","2024 May 28 03:16:47 PM","Haight Ashbury","5"
"15440","26350000","BAKER","FELL",,,"5",,"9179500","SIGNAL","ECONOLITE","2070-TS2-TYPE-1","2070-MSF-TS2-TYPE-1","16",,,,"ALL",,"GPS","FIBER",,"1022284800000",,,,,,,,,,,,"1955",,,"0",,"0","0","25",,,,"POINT (-122.440921793 37.773635296)","2024 May 28 03:16:47 PM","2024 May 28 03:16:47 PM","Hayes Valley","5"
"14949","21177000","CESAR CHAVEZ","FOLSOM",,,"9",,"9266000","SIGNAL","ECONOLITE","2070-TS2-TYPE-1","2070-MSF-TS2-TYPE-1","81","MASTER-GPS",,"WIRELESS","ALL",,"GPS",,,"1134518400000",,,,,,,,,,,,"1949",,,"0",,"0","0","14",,,,"POINT (-122.413668844 37.74825533)","2024 May 28 03:15:57 PM","2024 May 28 03:15:57 PM","Mission","9"
"15304","23797000","04TH ST","BERRY","VETAG",,"6",,"9027000","SIGNAL","ECONOLITE","2070-TS2-TYPE-1","M","09",,,"VIDEO","ALL",,"GPS","FIBER","TSP,BRIDGE PREEMPT",,,,,,,,,,,,,"1974",,,"0",,"0","0","23",,,"APS 2WIRE PH1 (10)","POINT (-122.393340947 37.775776728)","2024 May 28 03:15:57 PM","2024 May 28 03:15:57 PM","Mission Bay","6"
"14686","24894000","ELLIS","POWELL",,,"3",,"9321500","SIGNAL","MCCAIN","2070-TS2-1","MSF75-ATC","78",,,,"ALL",,"GPS",,,"1462233600000",,,,,,,,,,,,"1957",,,"0",,"0","0","21",,,,"POINT (-122.40785252 37.78549156)","2024 May 28 03:15:57 PM","2024 May 28 03:15:57 PM","Financial District/South Beach","3"
"15075","25830000","EUREKA","MARKET",,,"8",,"9333500","SIGNAL","MCCAIN","2070-TS2-1","MSF","21",,,,"ALL",,"GPS",,,"1418774400000",,,,,,,,,,,,"1949",,,"0",,"0","0","49",,,,"POINT (-122.438362146 37.761703799)","2024 May 28 03:15:57 PM","2024 May 28 03:15:57 PM","Castro/Upper Market","8"
"14990","25641000","23RD ST","CHURCH",,,"8",,"9130500","SIGNAL","MCCAIN","2070-TS2-1","MSF","ISOLATED",,,"LOOPS","SOME PHASES","YES",,,,"1351382400000",,,,,,,,,,,,"1994",,,"0",,"0","0","15",,,,"POINT (-122.427583226 37.753291786)","2024 May 28 03:15:57 PM","2024 May 28 03:15:57 PM","Noe Valley","8"
"15110","27377000","20TH AVE","LINCOLN",,,"4",,"9117500","SIGNAL","EAGLE","2070-TS2-1","G","36",,,,"ALL",,"GPS",,"TSP-Planned","1253145600000",,,,,,,,,,,,"1997",,,"0",,"0","0","56",,,,"POINT (-122.478324821 37.765399136)","2024 May 28 03:15:57 PM","2024 May 28 03:15:57 PM","Golden Gate Park","4"
"15521","12553211","DON CHEE","EMBARCADERO","VETAG",,"3",,"9306200","SIGNAL","ECONOLITE","2070-TS2-1","MSF","09",,,,"ALL","YES","GPS","FIBER","TSP","1298419200000",,,,,,,,,,,,"2000",,,"0",,"0","100","22",,,,"POINT (-122.393337928 37.794467798)","2024 May 28 03:16:47 PM","2024 May 28 03:16:47 PM","Financial District/South Beach","3"
"15807","26165000","HATTIE","MARKET",,,"8",,"0","PENDING BEACON",,,,,,,,"n.a.",,,,,,,,,,,,,,,,,"0",,,"0",,"0","0",,,,,"POINT (-122.440984701 37.761077984)","2024 May 28 03:16:47 PM","2024 May 28 03:16:47 PM","Castro/Upper Market","8"
"15325","50158000","EMBARCADERO","GREEN","VETAG",,"3",,"9326000","SIGNAL","MCCAIN","2070-TS2-1","MSF65-ATC","09",,,"LOOPS","ALL",,"GPS","FIBER","TSP","1297641600000",,,,,,,,,,,,"1995",,,"0",,"0","100","22",,,,"POINT (-122.399130265 37.800896324)","2024 May 28 03:15:57 PM","2024 May 28 03:15:57 PM","Financial District/South Beach","3"
"14855","30757000","GUERRERO","HERMANN",,"LAGUNA","8","MARKET","9422000","SIGNAL","MCCAIN","2070-TS2-1","352i-ATC","21",,,"VIDEO (GRIDSMART)","ALL",,"GPS","FIBER",,"1315440000000",,,,,,,,,,,,"1950",,,"0",,"0","0","49",,,"APS iNAV 2WIRE UPPER MARKET (12)","POINT (-122.424852599 37.770747745)","2024 May 28 03:15:57 PM","2024 May 28 03:15:57 PM","Mission","8"
"15782","23199000","22ND AVE","TARAVAL",,,"4",,"0","PENDING SIGNAL",,,,,,,,"PENDING",,,,,,,,,,,,,,,,,"0",,,"0",,"0","0","87",,,,"POINT (-122.478904793 37.742908637)","2024 May 28 03:16:47 PM","2024 May 28 03:16:47 PM","Sunset/Parkside","4"
"14931","25280000","HYDE","PACIFIC","MECHANICAL",,"3",,"9433500","SIGNAL","EAGLE","2070-TS2-TYPE-1","G","06","TBC MASTER",,,"ALL",,"GPS",,"CABLE CAR PREEMPTION","1241049600000",,,,,,,,,,,,"1951",,,"0",,"0","0","61",,,,"POINT (-122.418293499 37.795463585)","2024 May 28 03:15:57 PM","2024 May 28 03:15:57 PM","Russian Hill","3"
"14768","26539000","FRANKLIN","WASHINGTON",,,"2",,"9368500","SIGNAL","MCCAIN","2070-TS2-1","MSF","49A",,,,"ALL",,"GPS","FIBER,PROXIM",,"1389744000000",,,,,,,,,,,,"1964",,,"0",,"0","0","29",,,,"POINT (-122.424517951 37.792841414)","2024 May 28 03:15:57 PM","2024 May 28 03:15:57 PM","Pacific Heights","2"
"14704","25157000","LEAVENWORTH","POST","OPTICOM",,"3",,"9464000","SIGNAL","MCCAIN","2070-TS2-1","MSF","78",,,,"ALL",,"GPS","PROXIM","TSP,FIRE PREEMPT","1280966400000",,,,,,,,,,,,"1976",,,"0",,"0","0","66",,,"APS ENAV 2WIRE WALKFIRST PCS (8)","POINT (-122.414995423 37.787453844)","2024 May 28 03:15:57 PM","2024 May 28 03:15:57 PM","Tenderloin","3"
"15090","27335000","19TH AVE","NORIEGA","OPTICOM",,"4,7",,"9107000","SIGNAL","ECONOLITE","2070-TS2-1","332","36",,,"WIRELESS&LOOPS","ALL","YES","GPS","FIBER","TSP,FIRE PREEMPT","1236816000000",,,,,,,,,,,,"1946","1(a)",,"50","X","50","0","56",,,"APS ENAV 2WIRE 19thAV (8)","POINT (-122.476423522 37.754242188)","2024 May 28 03:15:57 PM","2024 May 28 03:15:57 PM","Inner Sunset","7"
"15248","26642000","PINE","SCOTT",,,"2,5",,"9514000","SIGNAL","EAGLE","2070-TS2-1","2070-MSF-","73",,,,"ALL",,"GPS",,,"1019088000000",,,,,,,,,,,,"1949",,,"0",,"0","0","63",,,,"POINT (-122.438581571 37.787324904)","2024 May 28 03:15:57 PM","2024 May 28 03:15:57 PM","Pacific Heights","5"
"15447","26811000","BAKER","GEARY","OPTICOM","SAINT JOSEPHS","2",,"9180500","SIGNAL","MCCAIN","2070-TS2-1","MSF TALL","72","MASTER-GPS",,,"ALL",,"GPS","FIBER,PROXIM","TSP,FIRE PREEMPT","1310688000000",,,,,,,,,,,,"1962",,,"0",,"0","0","31",,,"APS ENAV 2WIRE MUNI FORWARD (10)","POINT (-122.4427931 37.782885337)","2024 May 28 03:16:47 PM","2024 May 28 03:16:47 PM","Presidio Heights","2"
"15183","26420000","CLAYTON","FELL",,,"5",,"9282000","SIGNAL","ECONOLITE","2070-TS2-TYPE-1","2070-MSF-TS2-TYPE-1","16",,,,"ALL",,"GPS","FIBER",,"1013731200000",,,,,,,,,,,,"1955",,,"0",,"0","0","25",,,,"POINT (-122.449143174 37.772578917)","2024 May 28 03:15:57 PM","2024 May 28 03:15:57 PM","Golden Gate Park","5"
"15049","25723000","17TH ST","CHURCH","OVERHEAD CONTACT PAN/VETAG",,"8",,"9091000","SIGNAL","EAGLE","2070-TS2-1","MSF","79",,,,"SOME PHASES",,"GPS","12C","TSP,ACTUATED TRANSIT PHASE","1308268800000",,,,,,,,,,,,"1961",,,"0",,"0","0","15",,,,"POINT (-122.42850875 37.762889866)","2024 May 28 03:15:57 PM","2024 May 28 03:15:57 PM","Castro/Upper Market","8"
"14913","24766000","COLUMBUS","JACKSON",,,"3",,"9287000","SIGNAL","ECONOLITE","2070-TS2-TYPE-1","2070-MSF-TS2-TYPE-1","07A",,,,"ALL",,"GPS",,,"1110326400000",,,,,,,,,,,,"1982",,,"0",,"0","0","18",,,,"POINT (-122.404412161 37.796302098)","2024 May 28 03:15:57 PM","2024 May 28 03:15:57 PM","Chinatown","3"
"14647","24694000","BATTERY","CLAY","OPTICOM",,"3",,"9184500","SIGNAL","MCCAIN","2070-TS2-1","MSF","78",,,,"ALL",,"GPS","PROXIM","TSP,FIRE PREEMPT","1424822400000",,,,,,,,,,,,"1967",,,"0",,"0","0","16",,,,"POINT (-122.400329332 37.79501315)","2024 May 28 03:15:57 PM","2024 May 28 03:15:57 PM","Chinatown","3"
"14895","25410000","BAY","STOCKTON","OPTICOM",,"3",,"9195000","SIGNAL","ECONOLITE","2070-TS2-1","G","11A",,,,"ALL",,"GPS","PROXIM","TSP,FIRE PREEMPT","1314835200000",,,,,,,,,,,,"1975",,,"0",,"0","0","03",,,,"POINT (-122.410310842 37.806027718)","2024 May 28 03:15:57 PM","2024 May 28 03:15:57 PM","North Beach","3"
"15423","24113000","21ST ST","MISSION","OPTICOM",,"9",,"9123500","SIGNAL","MCCAIN","2070-TS2-1","MSF65-ATC","64",,,,"ALL",,"GPS","PROXIM","TSP,FIRE PREEMPT","1194307200000",,,,,,,,,,,,"1953",,,"0",,"0","0","53",,,,"POINT (-122.418901029 37.757035402)","2024 May 28 03:16:47 PM","2024 May 28 03:16:47 PM","Mission","9"
"15210","26383000","GOLDEN GATE","MASONIC",,,"1,2",,"9398000","SIGNAL","MCCAIN","2070-TS2-1","MSF","16C",,,,"ALL",,"GPS",,"TSP-Planned","1341792000000",,,,,,,,,,,,"1954",,,"0",,"0","0","34",,,"APS iNS 3WIRE CITYWIDE NEW APS (10)","POINT (-122.44684647 37.777669109)","2024 May 28 03:15:57 PM","2024 May 28 03:15:57 PM","Lone Mountain/USF","1"
"14958","25602000","25TH ST","GUERRERO",,,"8",,"9144500","SIGNAL","MCCAIN","2070-TS2-1","G","64",,,,"ALL",,"GPS",,,"1442966400000",,,,,,,,,,,,"1985",,,"0",,"0","0","37",,,,"POINT (-122.422725611 37.75037224)","2024 May 28 03:15:57 PM","2024 May 28 03:15:57 PM","Mission","8"
"15189","26026000","DIVISADERO","HAIGHT",,,"5",,"9299000","SIGNAL","MCCAIN","2070-TS2-1","G","16",,,,"ALL",,"GPS",,,"1433808000000",,,,,,,,,,,,"1956",,,"0",,"0","0","38",,,"APS 4WIRE PCS3 (8)","POINT (-122.437045612 37.771267424)","2024 May 28 03:15:57 PM","2024 May 28 03:15:57 PM","Haight Ashbury","5"
"15267","24506000","BEALE","HOWARD","OPTICOM",,"6",,"9206000","SIGNAL","MCCAIN","2070-TS2-1","MSF","74",,,,"ALL",,"GPS","PROXIM","TSP,FIRE PREEMPT","1334793600000",,,,,,,,,,,,"1973",,,"0",,"0","0","41",,,"APS 4WIRE PH2 (8)","POINT (-122.394276228 37.78992623)","2024 May 28 03:15:57 PM","2024 May 28 03:15:57 PM","Financial District/South Beach","6"
"14755","26721000","LOMBARD","OCTAVIA","OPTICOM",,"2",,"9466000","SIGNAL","ECONOLITE","2070-TS2-1","342","13",,"YES-UPSTEALTH",,"ALL",,"GPS","FIBER","TSP,FIRE PREEMPT","1138233600000",,,,,,,,,,,,"1947","480(b)",,"50","X","50","0","47",,,"PENDING","POINT (-122.429470884 37.800678407)","2024 May 28 03:15:57 PM","2024 May 28 03:15:57 PM","Marina","2"
"15138","27472000","BALBOA","PARK PRESIDIO","OPTICOM",,"1",,"9183000","SIGNAL","ECONOLITE","2070-TS2-1","332","15",,,"WIRELESS","ALL","YES","GPS",,"TSP,FIRE PREEMPT","1238457600000",,,,,,,,,,,,"1946","1(a)",,"50","X","50","0","62",,,"APS iNS 2WIRE CALTRANS APS (8)","POINT (-122.472039541 37.77686823)","2024 May 28 03:15:57 PM","2024 May 28 03:15:57 PM","Inner Richmond","1"
"14657","30768000","GRANT","MARKET","OPTICOM","O'FARRELL","3,6",,"9411000","SIGNAL","PEEK","2070-TS2-1","MSF","01D",,,,"ALL",,"GPS","FIBER,PROXIM","FIRE PREEMPT","1376438400000",,,,,,,,,,,,"1959",,,"0",,"0","0","50",,,"APS 4WIRE MARKET (8)","POINT (-122.404583317 37.786730566)","2024 May 28 03:15:57 PM","2024 May 28 03:15:57 PM","Financial District/South Beach","6"
"15307","23601000","BRYANT","EMBARCADERO","VETAG","PIER 30","6",,"9222500","SIGNAL","ECONOLITE","2070-TS2-1","MSF-TS2-TYPE1-TALL","09",,"YES-UPSTEALTH","LOOPS","ALL","YES","GPS","FIBER","TSP","1136419200000",,,,,,,,,,,,"1994",,,"0",,"0","67","23",,,"APS 4WIRE PH2 (10)","POINT (-122.387794686 37.787097223)","2024 May 28 03:15:57 PM","2024 May 28 03:15:57 PM","Financial District/South Beach","6"
"15368","26631000","PINE","STEINER",,,"2,5",,"9514500","SIGNAL","EAGLE","2070-TS2-1","2070-MSF-","73",,,,"ALL",,"GPS",,,"1019520000000",,,,,,,,,,,,"1949",,,"0",,"0","0","63",,,,"POINT (-122.435293132 37.787741165)","2024 May 28 03:15:57 PM","2024 May 28 03:15:57 PM","Pacific Heights","2"
"15541","23799001","03RD ST","KING",,,"6",,"0","MESSAGE SIGN",,,"N/A","N/A",,,,"n.a.",,,,,,,,,,,,,,,,,"0",,,"0",,"0","0","n.a.",,,,"POINT (-122.392013643 37.778099304)","2024 May 28 03:16:47 PM","2024 May 28 03:16:47 PM","Mission Bay","6"
"14694","24934000","LEAVENWORTH","TURK",,,"5",,"9465000","SIGNAL","EAGLE","2070-TS2-1","G","78",,,,"ALL",,"GPS",,,"1306972800000",,,,,,,,,,,,"1955",,,"0",,"0","0","77",,,,"POINT (-122.414053765 37.782794446)","2024 May 28 03:15:57 PM","2024 May 28 03:15:57 PM","Tenderloin","5"
"15099","27364000","19TH AVE","KIRKHAM","OPTICOM",,"4,7",,"9105500","SIGNAL","ECONOLITE","2070-TS2-1","332","36",,,"WIRELESS","ALL","YES","GPS","FIBER","TSP,FIRE PREEMPT","1242172800000",,,,,,,,,,,,"1946","1(a)",,"50","X","50","0","56",,,"PENDING","POINT (-122.476813892 37.759833936)","2024 May 28 03:15:57 PM","2024 May 28 03:15:57 PM","Inner Sunset","7"
"14726","24201000","08TH ST","HARRISON","OPTICOM","I-80 W OFF RAMP","6",,"9055500","SIGNAL","MCCAIN","2070-TS2-1","MSF","75",,"2003 CANDIDATE",,"ALL",,"GPS","PROXIM","FIRE PREEMPT","1325116800000",,,,,,,,,,,,"1968","80(a)",,"20","X","80","0","39",,,"APS iNS 3WIRE CALTRANS APS (12)","POINT (-122.408516331 37.7737597)","2024 May 28 03:15:57 PM","2024 May 28 03:15:57 PM","South of Market","6"
"14629","25204000","BUSH","LARKIN",,,"3",,"9234500","SIGNAL","ECONOLITE","2070-TS2-1","2070-MSF-TS2-TYPE-1","78",,,,"ALL",,"GPS","FIBER,PROXIM",,"1080086400000",,,,,,,,,,,,"1949",,,"0",,"0","0","45",,,,"POINT (-122.418655872 37.788909612)","2024 May 28 03:15:57 PM","2024 May 28 03:15:57 PM","Nob Hill","3"
"14483","21489000","ALLISON","MISSION","OPTICOM","MOUNT VERNON","11",,"9167000","SIGNAL","MCCAIN","2070-TS2-1","MSF65-ATC","26",,,"WIRELESS&LOOPS","ALL","YES","GPS","PROXIM","FIRE PREEMPT","1367280000000",,,,,,,,,,,,"1997",,,"0",,"0","0","54",,,,"POINT (-122.442564963 37.714660619)","2024 May 28 03:15:57 PM","2024 May 28 03:15:57 PM","Excelsior","11"
"15330","24774000","KEARNY","WASHINGTON","OPTICOM",,"3",,"9449500","SIGNAL","MCCAIN","2070-TS2-1","G","07A",,,,"ALL",,"GPS","PROXIM","TSP,FIRE PREEMPT","1336780800000",,,,,,,,,,,,"1967",,,"0",,"0","0","81",,,"APS iNS 3WIRE QUICKSTRIKE (11)","POINT (-122.404957208 37.795326692)","2024 May 28 03:15:57 PM","2024 May 28 03:15:57 PM","Chinatown","3"
"15841","27157000","10TH AVE","LINCOLN",,,"7",,"0","PENDING SIGNAL",,,,"65",,,,"PENDING",,,,"TSP-Planned",,,,,,,,,,,,,"0",,,"0",,"0","0","46",,,"PENDING","POINT (-122.467515106 37.765877246)","2024 May 28 03:16:47 PM","2024 May 28 03:16:47 PM","Golden Gate Park","7"
"14877","26039000","FELL","PIERCE",,,"5",,"9341500","SIGNAL","ECONOLITE","2070-TS2-TYPE-1","MSF","16",,,,"ALL",,"GPS","FIBER",,"1014249600000",,,,,,,,,,,,"1955",,,"0",,"0","0","25",,,,"POINT (-122.434294285 37.774475817)","2024 May 28 03:15:57 PM","2024 May 28 03:15:57 PM","Hayes Valley","5"
"15699","27821000","33RD AVE","FULTON","OPTICOM",,"1",,"9154700","SIGNAL","MCCAIN","2070-TS2-1","MSF","55",,,"WIRELESS","ALL","YES","GPS",,"TSP,FIRE PREEMPT","1512000000000",,,,,,,,,,,,"2017",,,"0",,"0","0","30",,,"APS ENAV 2WIRE CT63 (6)","POINT (-122.492761385 37.772178531)","2024 May 28 03:16:47 PM","2024 May 28 03:16:47 PM","Golden Gate Park","1"
"15253","30730000","FREMONT","FRONT","OPTICOM","MARKET","3,6",,"9369500","SIGNAL","MCCAIN","2070-TS2-1","MSF","01D",,,,"ALL",,"GPS","FIBER,PROXIM","FIRE PREEMPT","1374710400000",,,,,,,,,,,,"1953",,,"0",,"0","0","50",,,"APS 4WIRE MARKET (8)","POINT (-122.398264449 37.791716058)","2024 May 28 03:15:57 PM","2024 May 28 03:15:57 PM","Financial District/South Beach","6"
"15028","24354000","12TH ST","HOWARD",,,"6",,"9071500","SIGNAL","MCCAIN","2070-TS2-1","MSF","77",,,,"ALL",,"GPS",,,"1456876800000",,,,,,,,,,,,"1975",,,"0",,"0","0","41",,,,"POINT (-122.416899818 37.771723946)","2024 May 28 03:15:57 PM","2024 May 28 03:15:57 PM","Mission","6"
"15757","33338000","BRAZIL","MANSELL",,,"10,11",,"9209300","BEACON - RRFB","JSF",,,"BEACON",,,,"n.a.","YES",,,,,,,,,,,,,,,,"2017",,,"0",,"0","0",,,,,"POINT (-122.422472988 37.717887379)","2024 May 28 03:16:47 PM","2024 May 28 03:16:47 PM","McLaren Park","10"
"14479","21552000","ACTON","MISSION","OPTICOM","SICKLES","11",,"9158500","SIGNAL","MCCAIN","2070-TS2-1","MSF","26",,,"WIRELESS","ALL","YES","GPS","FIBER,PROXIM","FIRE PREEMPT","1367452800000",,,,,,,,,,,,"1970",,,"0",,"0","0","54",,,"APS ENAV 2WIRE WF PCS (8)","POINT (-122.452664722 37.708806338)","2024 May 28 03:15:57 PM","2024 May 28 03:15:57 PM","Outer Mission","11"
"14565","20504000","03RD ST","LANE","VETAG","VAN DYKE","10","WILLIAMS","9020900","SIGNAL",,"2070-TS2-TYPE-1","2070-MSF-TS2-TYPE-1","28",,,"VIDEO","ALL","YES","GPS","FIBER","TSP,TRANSIT PREEMPT","1119398400000",,,,,,,,,,,,"1950",,,"0",,"0","0","75",,,"APS iNS 2WIRE QUICKSTRIKE (21)","POINT (-122.392624535 37.729278454)","2024 May 28 03:15:57 PM","2024 May 28 03:15:57 PM","Bayview Hunters Point","10"
"15665","26588000","O'FARRELL","WEBSTER",,,"5",,"9498700","SIGNAL","MCCAIN","2070-TS2-1","MSF","71",,,,"ALL",,"GPS",,,"1458604800000",,,,,,,,,,,,"2016",,,"0",,"0","0","20",,,"APS ENAV 4WIRE CT62 (8)","POINT (-122.430989254 37.783507754)","2024 May 28 03:16:47 PM","2024 May 28 03:16:47 PM","Western Addition","5"
"14967","21290000","CESAR CHAVEZ","SHOTWELL",,,"9",,"9269500","SIGNAL","ECONOLITE","2070-TS2-1","2070-MSF-TS2-TYPE-1","81",,,,"ALL",,"GPS",,,"1134432000000",,,,,,,,,,,,"1949",,,"0",,"0","0","14",,,,"POINT (-122.414918963 37.748230731)","2024 May 28 03:15:57 PM","2024 May 28 03:15:57 PM","Bernal Heights","9"
"15847","26011000","CASTRO","DIVISADERO",,"WALLER","5,8",,"0","PENDING SIGNAL",,,,"16",,,,"PENDING",,,,,,,,,,,,,,,,,"0",,,"0",,"0","0",,,,"PENDING","POINT (-122.436848943 37.770342897)","2024 May 28 03:16:47 PM","2024 May 28 03:16:47 PM","Haight Ashbury","8"
"15846","24886000","MARY","MINT",,"MISSION","6",,"0","PENDING SIGNAL",,,,"75",,,,"PENDING",,,,"TSP-Planned",,,,,,,,,,,,,"0",,,"0",,"0","0",,,,"PENDING","POINT (-122.407164383 37.782190721)","2024 May 28 03:16:47 PM","2024 May 28 03:16:47 PM","South of Market","6"
"15727","4072000","CLARENDON","MIDBLOCK",,"OAK PARK","7","PANORAMA","0","RADAR SPEED SIGN","SpeedCheck",,,"N/A",,,,"N.A.",,,,,,,,,,,,,,,,,"2016",,,"0",,"0","0",,,,,"POINT (-122.455175321 37.754337097)","2024 May 28 03:16:47 PM","2024 May 28 03:16:47 PM","Inner Sunset","7"
"15715","21526000","ALEMANY","FOOTE",,,"11",,"0","SIGNAL","MCCAIN","2070-TS2-1","MSF65-ATC","45",,,"WIRELESS","ALL","YES","GPS",,,"1579219200000",,,,,,,,,,,,"2020",,,"0",,"0","0","01",,,"APS iNAV 2WIRE CT 64 (10)","POINT (-122.447267314 37.714647388)","2024 May 28 03:16:47 PM","2024 May 28 03:16:47 PM","Outer Mission","11"
"15382","26502000","GOUGH","SUTTER","OPTICOM",,"2,5",,"9408500","SIGNAL","ECONOLITE","2070-TS2-1","G","49",,,,"ALL",,"GPS","FIBER,PROXIM","FIRE PREEMPT","1321574400000",,,,,,,,,,,,"1953",,,"0",,"0","0","35",,,"APS iNAV 3WIRE GOUGH (8)","POINT (-122.425046953 37.787130434)","2024 May 28 03:15:57 PM","2024 May 28 03:15:57 PM","Western Addition","2"
"15840","27237000","04TH AVE","FULTON",,,"1",,"0","PENDING SIGNAL",,,,"46",,,,"PENDING",,,,"TSP-Planned",,,,,,,,,,,,,"0",,,"0",,"0","0","30",,,"PENDING","POINT (-122.461619756 37.773895254)","2024 May 28 03:16:47 PM","2024 May 28 03:16:47 PM","Inner Richmond","1"
"15141","27547000","25TH AVE","ANZA",,,"1",,"9140000","SIGNAL","MCCAIN","2070-TS2-1","G","69",,,,"PENDING",,"GPS",,"TSP-Planned","1489536000000",,,,,,,,,,,,"1959",,,"0",,"0","0","78",,,"PENDING","POINT (-122.484595238 37.778165834)","2024 May 28 03:15:57 PM","2024 May 28 03:15:57 PM","Outer Richmond","1"
"14862","30745000","09TH ST","HAYES",,"LARKIN","6","MARKET","9061500","SIGNAL","MCCAIN","2070-TS2-1","MSF","01D",,"2003 CANDIDATE",,"ALL",,"GPS","FIBER",,"1450828800000",,,,,,,,,,,,"1950",,,"0",,"0","0","50",,,"APS 4WIRE MARKET (16)","POINT (-122.416291701 37.777493843)","2024 May 28 03:15:57 PM","2024 May 28 03:15:57 PM","South of Market","6"
"15207","26353000","BAKER","FULTON",,,"2,5",,"9180000","SIGNAL","MCCAIN","2070-TS2-1","G","71",,,,"NONE",,"GPS",,,"1430265600000",,,,,,,,,,,,"1951",,,"0",,"0","0","30",,,,"POINT (-122.441488327 37.776435036)","2024 May 28 03:15:57 PM","2024 May 28 03:15:57 PM","Lone Mountain/USF","2"
"14665","30044000","MARKET","MIDBLOCK",,"UNITED NATIONS PLAZA","5,6",,"9473300","SIGNAL","MCCAIN","2070-TS2-1","MSF","01D",,,,"ALL",,"GPS",,,"1463788800000",,,,,,,,,,,,"1953",,,"0",,"0","0","50",,"X","APS iNS 3WIRE IN HOUSE (4)","POINT (-122.413304135 37.779830465)","2024 May 28 03:15:57 PM","2024 May 28 03:15:57 PM","South of Market","6"
"14744","26763000","CHESTNUT","FILLMORE","OPTICOM",,"2",,"9273000","SIGNAL","MCCAIN","2070-TS2-1","MSF","13",,,,"ALL",,"GPS",,"TSP,FIRE PREEMPT","1341619200000",,,,,,,,,,,,"1961",,,"0",,"0","0","47",,,"APS ENAV 2WIRE PCS3 (8)","POINT (-122.43627391 37.800814144)","2024 May 28 03:15:57 PM","2024 May 28 03:15:57 PM","Marina","2"
"14624","25164000","LEAVENWORTH","SUTTER","OPTICOM",,"3",,"9464500","SIGNAL","MCCAIN","2070-TS2-1","MSF","78",,,,"ALL",,"GPS","PROXIM","TSP,FIRE PREEMPT","1470873600000",,,,,,,,,,,,"1957",,,"0",,"0","0","74",,,"APS ENAV 2WIRE WALKFIRST PCS (8)","POINT (-122.415185269 37.788387931)","2024 May 28 03:15:57 PM","2024 May 28 03:15:57 PM","Nob Hill","3"
"14997","24079000","21ST ST","FOLSOM",,,"9",,"9123000","SIGNAL","MCCAIN","2070-TS2-1","MSF","84",,,,"PENDING",,"GPS",,,"1444262400000",,,,,,,,,,,,"1975",,,"0",,"0","0","26",,,"PENDING","POINT (-122.414541467 37.757297644)","2024 May 28 03:15:57 PM","2024 May 28 03:15:57 PM","Mission","9"
"14520","21769000","BRAZIL","MISSION","OPTICOM","NORTON","11",,"9209500","SIGNAL","MCCAIN","2070-TS2-1","MSF","26",,,,"ALL",,"GPS","PROXIM","TSP,FIRE PREEMPT","1363478400000",,,,,,,,,,,,"1976",,,"0",,"0","0","54",,,,"POINT (-122.434798413 37.724682555)","2024 May 28 03:15:57 PM","2024 May 28 03:15:57 PM","Outer Mission","11"
"15499","7826101","KEZAR","MIDBLOCK",,"JOHN F KENNEDY","5,7","WALLER","9450500","SIGNAL","ECONOLITE","2070-TS2-1","G","16",,,,"ALL",,"GPS","FIBER",,"1241654400000",,,,,,,,,,,,"1989",,,"0",,"0","0","72",,,,"POINT (-122.455405941 37.770518492)","2024 May 28 03:16:47 PM","2024 May 28 03:16:47 PM","Golden Gate Park","7"
"15887","22523000","RAMSELL","RANDOLPH",,,"11",,"0","FUTURE SIGNAL",,,,,,,,"FUTURE",,,,,,,,,,,,,,,,,"0",,,"0",,"0","0",,,,,"POINT (-122.466203327 37.714234874)","2024 May 28 03:16:47 PM","2024 May 28 03:16:47 PM","Oceanview/Merced/Ingleside","11"
"15246","26622000","POST","SCOTT",,,"5",,"9523000","SIGNAL","MCCAIN","2070-TS2-1","G","73",,,,"NONE",,"GPS",,,"1432684800000",,,,,,,,,,,,"1957",,,"0",,"0","0","66",,,,"POINT (-122.438019672 37.784530918)","2024 May 28 03:15:57 PM","2024 May 28 03:15:57 PM","Japantown","5"
"15761","26755000","FRANCISCO","LAGUNA",,,"2",,"9357300","BEACON - RRFB","JSF","AB-9X07",,"BEACON",,,,"n.a.","YES",,,,,,,,,,,,,,,,"2018",,,"0",,"0","0",,,,,"POINT (-122.4314977 37.802376296)","2024 May 28 03:16:47 PM","2024 May 28 03:16:47 PM","Marina","2"
"15022","25814000","17TH ST","CASTRO","VETAG","MARKET","8",,"9090500","SIGNAL","EAGLE","2070-TS2-1","MSF","21",,"2003 CANDIDATE","VETAG-LRV","ALL",,"GPS","12C,FIBER","ACTUATED TRANSIT PHASE","1282780800000",,,,,,,,,,,,"1953",,,"0",,"0","0","49",,,"APS 4WIRE MARKET (10)","POINT (-122.435187962 37.762670708)","2024 May 28 03:15:57 PM","2024 May 28 03:15:57 PM","Castro/Upper Market","8"
"14542","22811000","MIRALOMA","PORTOLA","FH BUTTON","YERBA BUENA","7",,"9485500","SIGNAL","PEEK","2070-TS2-1","MSF","33","MASTER",,"WIRELESS","ALL",,"GPS","12C","FIRE PREEMPT","1223942400000",,,,,,,,,,,,"1959",,,"0",,"0","0","65",,,,"POINT (-122.458904665 37.740535222)","2024 May 28 03:15:57 PM","2024 May 28 03:15:57 PM","West of Twin Peaks","7"
"14789","26633000","CALIFORNIA","STEINER",,,"2",,"9256500","SIGNAL","MCCAIN","2070-TS2-1","MSF","73",,,,"SOME PHASES",,"GPS",,,"1431475200000",,,,,,,,,,,,"1971",,,"0",,"0","0","11",,,,"POINT (-122.435485564 37.78869694)","2024 May 28 03:15:57 PM","2024 May 28 03:15:57 PM","Pacific Heights","2"
"15086","23421000","PACHECO","SUNSET",,,"4",,"9507000","SIGNAL","MCCAIN","2070-TS2-1","MSF","37",,,,"ALL",,"GPS",,"TSP-Planned","1366070400000",,,,,,,,,,,,"1965",,,"0",,"0","0","73",,,"APS ENAV 4WIRE SUNSET PCS (8)","POINT (-122.49496875 37.749683716)","2024 May 28 03:15:57 PM","2024 May 28 03:15:57 PM","Sunset/Parkside","4"
"15603","23548000","25TH ST","ILLINOIS","VETAG",,"10",,"9144700","SIGNAL","ECONOLITE","2070-TS2-1","ECON-MSF-STD","ISOLATED",,,"VIDEO","ALL","YES",,,"TRANSIT PREEMPT","1211932800000",,,,,,,,,,,,"2008",,,"0",,"0","25","85",,,,"POINT (-122.386811647 37.752890377)","2024 May 28 03:16:47 PM","2024 May 28 03:16:47 PM","Potrero Hill","10"
"14560","20238000","03RD ST","FAIRFAX","VETAG",,"10",,"9015500","SIGNAL",,"2070-TS2-1","2070-MSF-TS2-TYPE-1","28",,,"VIDEO","ALL","YES","GPS","FIBER","TSP","1126656000000",,,,,,,,,,,,"1989",,,"0",,"0","0","75",,,"APS 2WIRE PH1 (9)","POINT (-122.388200344 37.741889063)","2024 May 28 03:15:57 PM","2024 May 28 03:15:57 PM","Bayview Hunters Point","10"
"14778","26554000","FRANKLIN","GREEN",,,"2",,"9360000","SIGNAL","MCCAIN","2070-TS2-1","MSF","49B","MASTER-GPS",,,"ALL",,"GPS","FIBER",,"1405641600000",,,,,,,,,,,,"1964",,,"0",,"0","0","29",,,,"POINT (-122.425436866 37.797408351)","2024 May 28 03:15:57 PM","2024 May 28 03:15:57 PM","Marina","2"
"14489","21486000","GENEVA","MISSION","OPTICOM",,"11",,"9390000","SIGNAL","ECONOLITE","2070-TS2-1","MSF","30",,,,"ALL",,"GPS","PROXIM","TSP,FIRE PREEMPT","1329264000000",,,,,,,,,,,,"1950",,,"0",,"0","0","54",,,"APS 4WIRE PH2 (8)","POINT (-122.441019562 37.716459546)","2024 May 28 03:15:57 PM","2024 May 28 03:15:57 PM","Excelsior","11"
"15502","10613201","PORTOLA","MIDBLOCK",,"GLENVIEW","8","TWIN PEAKS","0","BEACON",,,"N/A",,,,,"n.a.",,,,,,,,,,,,,,,,,"0",,,"0",,"0","0","65",,,,"POINT (-122.449353103 37.746054711)","2024 May 28 03:16:47 PM","2024 May 28 03:16:47 PM","Glen Park","8"
"15442","26058000","BRODERICK","FELL",,,"5",,"9217000","SIGNAL","ECONOLITE","2070-TS2-TYPE-1","2070-MSF-TS2-TYPE-1","16",,,,"ALL",,"GPS","FIBER",,"1014076800000",,,,,,,,,,,,"1955",,,"0",,"0","0","25",,,,"POINT (-122.439276799 37.77384712)","2024 May 28 03:16:47 PM","2024 May 28 03:16:47 PM","Hayes Valley","5"
"15738","26033000","BAKER","BUENA VISTA","OPTICOM","HAIGHT","5,8",,"9180900","SIGNAL","MCCAIN","2070-ATC","MSF65-ATC","20",,,,"ALL",,"GPS","FIBER","TSP,FIRE PREEMPT","1605571200000",,,,,,,,,,,,"2020",,,"0",,"0","0","38",,,"APS iNAV 2 Wire LOWER HAIGHT (8)","POINT (-122.440357705 37.770847434)","2024 May 28 03:16:47 PM","2024 May 28 03:16:47 PM","Haight Ashbury","5"
"15566","51153000","BROTHERHOOD","SAINT CHARLES",,,"7,11",,"9221700","SIGNAL","MCCAIN","2070-TS2-1","MSF","41",,,,"ALL","YES","GPS",,,"1556755200000",,,,,,,,,,,,"2002",,,"0",,"0","0","01",,,,"POINT (-122.469304319 37.71259087)","2024 May 28 03:16:47 PM","2024 May 28 03:16:47 PM","Oceanview/Merced/Ingleside","7"
"14915","25332000","COLUMBUS","VALLEJO","OPTICOM",,"3",,"9289800","SIGNAL","ECONOLITE","2070-TS2-TYPE-1","2070-MSF-TS2-TYPE-1","07",,,,"ALL",,"GPS","PROXIM","TSP,FIRE PREEMPT","1098921600000",,,,,,,,,,,,"1976",,,"0",,"0","0","18",,,,"POINT (-122.407869496 37.798696861)","2024 May 28 03:15:57 PM","2024 May 28 03:15:57 PM","Chinatown","3"
"14498","22192000","FRIDA KAHLO","GENEVA","OPTICOM","OCEAN","7,11",,"9391500","SIGNAL","ECONOLITE","2070-TS2-1","2070-MSF-TS2-TYPE-1","31",,"YES-UPSTEALTH",,"ALL",,"GPS","FIBER,PROXIM","FIRE PREEMPT","1008028800000",,,,,,,,,,,,"1952",,,"0",,"0","0","33",,,"APS 4WIRE PH2 (12)","POINT (-122.452331561 37.723080243)","2024 May 28 03:15:57 PM","2024 May 28 03:15:57 PM","West of Twin Peaks","11"
"15593","26843000","CALIFORNIA","LYON","OPTICOM",,"2",,"9251300","SIGNAL","ECONOLITE","2070-TS2-TYPE-1","2070-MSF-TS2-TYPE-1","73",,,,"ALL",,"GPS","PROXIM","TSP,FIRE PREEMPT","1227139200000",,,,,,,,,,,,"2008",,,"0",,"0","0","11",,,,"POINT (-122.445402198 37.787438165)","2024 May 28 03:16:47 PM","2024 May 28 03:16:47 PM","Presidio Heights","2"
"15666","27538000","22ND AVE","GEARY","OPTICOM",,"1",,"9125700","SIGNAL","MCCAIN","2070-TS2-1","MSF","15",,,,"ALL",,"GPS","PROXIM","TSP,FIRE PREEMPT","1452211200000",,,,,,,,,,,,"2016",,,"0",,"0","0","31",,,"APS ENAV 4WIRE CT62 (8)","POINT (-122.481515722 37.780225819)","2024 May 28 03:16:47 PM","2024 May 28 03:16:47 PM","Outer Richmond","1"
"15326","24695000","BATTERY","WASHINGTON","OPTICOM",,"3",,"9188000","SIGNAL","MCCAIN","2070-TS2-1","MSF","78",,,,"ALL",,"GPS",,"FIRE PREEMPT","1458000000000",,,,,,,,,,,,"1967",,,"0",,"0","0","81",,,,"POINT (-122.400485536 37.795875004)","2024 May 28 03:15:57 PM","2024 May 28 03:15:57 PM","Financial District/South Beach","3"
"14673","24913000","MASON","O'FARRELL","OPTICOM",,"3,5",,"9478000","SIGNAL","MCCAIN","2070-TS2-1","MSF","78",,,,"ALL",,"GPS","PROXIM","TSP,FIRE PREEMPT","1337385600000",,,,,,,,,,,,"1957",,,"0",,"0","0","60",,"X",,"POINT (-122.409683073 37.786202665)","2024 May 28 03:15:57 PM","2024 May 28 03:15:57 PM","Tenderloin","5"
"15691","13578101","WEST PORTAL","MIDBLOCK",,"14TH AVE","7","VICENTE","9545000","BEACON - RRFB","JSF","AB-9X07",,"BEACON",,,,"n.a.","YES",,,,,,,,,,,,,,,,"2018",,,"0",,"0","0",,,,"APS iNX BY SRC (2)","POINT (-122.467962396 37.738899089)","2024 May 28 03:16:47 PM","2024 May 28 03:16:47 PM","West of Twin Peaks","7"
"15555","21353000","DUNCAN","GUERRERO",,,"8,9",,"9310100","SIGNAL","ECONOLITE","2070-TS2-TYPE-1","2070-MSF-TS2-TYPE-1","24",,,,"ALL",,"GPS",,,"1115251200000",,,,,,,,,,,,"2005",,,"0",,"0","0","70",,,,"POINT (-122.422310655 37.74637652)","2024 May 28 03:16:47 PM","2024 May 28 03:16:47 PM","Noe Valley","9"
"15849","21139000","CESAR CHAVEZ","FLORIDA",,,"9",,"0","PENDING SIGNAL",,,,"81",,,,"PENDING",,,,,,,,,,,,,,,,,"0",,,"0",,"0","0",,,,"PENDING","POINT (-122.409646388 37.74833439)","2024 May 28 03:16:47 PM","2024 May 28 03:16:47 PM","Mission","9"
"14638","24740000","KEARNY","PINE","OPTICOM",,"3",,"9448000","SIGNAL","EAGLE","2070-TS2-1","MSF","78",,,,"ALL",,"GPS","PROXIM","TSP,FIRE PREEMPT","1015891200000",,,,,,,,,,,,"1949",,,"0",,"0","0","63",,,,"POINT (-122.404219835 37.791690584)","2024 May 28 03:15:57 PM","2024 May 28 03:15:57 PM","Financial District/South Beach","3"
"15903","24276000","FOLSOM","RAUSCH",,,"6",,"0","PENDING SIGNAL",,,,,,,,"PENDING",,,,,,,,,,,,,,,,,"0",,,"0",,"0","0","27",,,"PENDING","POINT (-122.408933531 37.7758685)","2024 May 28 03:16:47 PM","2024 May 28 03:16:47 PM","South of Market","6"
"14430","20234000","03RD ST","BURKE","VETAG",,"10",,"9013800","SIGNAL","ECONOLITE","2070-TS2-1","2070-MSF-TS2-TYPE-1","28",,,"VIDEO","ALL","YES","GPS","FIBER","TSP,HEAVY RAIL PREEMPT","1125360000000",,,,,,,,,,,,"2005",,,"0",,"0","0","75",,,,"POINT (-122.387128522 37.74507044)","2024 May 28 03:15:57 PM","2024 May 28 03:15:57 PM","Bayview Hunters Point","10"
"15410","25594000","JEFFERSON","TAYLOR","VETAG",,"3",,"9442500","SIGNAL","MCCAIN","2070-TS2-1","MSF75-ATC","10",,,,"ALL",,"GPS",,"TSP","1320278400000",,,,,,,,,,,,"1969",,,"0",,"0","0","57",,,"APS iNS 2WIRE JEFFERSON (8)","POINT (-122.415802425 37.808214054)","2024 May 28 03:16:47 PM","2024 May 28 03:16:47 PM","North Beach","3"
"14792","25221000","CALIFORNIA","POLK","OPTICOM",,"3",,"9253500","SIGNAL","MCCAIN","2070-TS2-1","MSF","78",,,,"ALL",,"GPS",,"FIRE PREEMPT","1283990400000",,,,,,,,,,,,"1948",,,"0",,"0","0","64",,,,"POINT (-122.420687383 37.790578259)","2024 May 28 03:15:57 PM","2024 May 28 03:15:57 PM","Nob Hill","3"
"15802","34166000","TERRY FRANCOIS","WARRIORS",,,"6",,"0","SIGNAL","MCCAIN","2070-TS2-1","MSF TALL","ISOLATED",,,"VIDEO (GRIDSMART with Performance Module)","ALL","YES","GPS","FIBER",,"1567123200000",,,,,,,,,,,,"2019",,,"0",,"0","100","15",,,"APS ENAV 2WIRE WARRIORS (6)","POINT (-122.386296381 37.769001269)","2024 May 28 03:16:47 PM","2024 May 28 03:16:47 PM","Mission Bay","6"
"14461","33540000","BROTHERHOOD","LAKE MERCED",,,"7",,"9221500","SIGNAL","MCCAIN","2070-TS2-1","MSF","ISOLATED",,,"WIRELESS&LOOPS","ALL","YES","GPS",,,"1335398400000",,,,,,,,,,,,"1976",,,"0",,"0","0","44",,,,"POINT (-122.485228935 37.714694513)","2024 May 28 03:15:57 PM","2024 May 28 03:15:57 PM","Lakeshore","7"
"15549","23775000","16TH ST","KANSAS","OPTICOM",,"6,10",,"9086700","SIGNAL","MCCAIN","2070-TS2-TYPE-1","2070-MSF-TS2-TYPE-1","57","MASTER-GPS",,,"ALL",,"GPS","FIBER","TSP,FIRE PREEMPT","1019606400000",,,,,,,,,,,,"2002",,,"0",,"0","0","85",,,"PENDING","POINT (-122.403642967 37.766016816)","2024 May 28 03:16:47 PM","2024 May 28 03:16:47 PM","Mission Bay","10"
"15437","26416000","CLAYTON","OAK",,,"5",,"9283000","SIGNAL","ECONOLITE","2070-TS2-TYPE-1","2070-MSF-TS2-TYPE-1","16",,,,"ALL",,"GPS","FIBER",,"1016496000000",,,,,,,,,,,,"1955",,,"0",,"0","0","58",,,,"POINT (-122.448957993 37.77166874)","2024 May 28 03:16:47 PM","2024 May 28 03:16:47 PM","Haight Ashbury","5"
"15100","27735000","JUDAH","SUNSET","VETAG",,"4",,"9446500","SIGNAL","MCCAIN","2070-TS2-1","G","37",,,,"ALL",,"GPS",,"TSP","1350518400000",,,,,,,,,,,,"1965",,,"0",,"0","0","73",,,"APS iNS 3WIRE IN-HOUSE (9)","POINT (-122.495749379 37.760874017)","2024 May 28 03:15:57 PM","2024 May 28 03:15:57 PM","Sunset/Parkside","4"
"14965","21135000","BRYANT","CESAR CHAVEZ",,,"9",,"9222000","SIGNAL","ECONOLITE","2070-TS2-1","MSF","81",,,"WIRELESS","ALL",,"GPS",,,"1135814400000",,,,,,,,,,,,"1949",,,"0",,"0","0","14",,,,"POINT (-122.408706313 37.748352847)","2024 May 28 03:15:57 PM","2024 May 28 03:15:57 PM","Bernal Heights","9"
"14597","24949000","BUSH","MASON",,,"3",,"9236000","SIGNAL","ECONOLITE","2070-TS2-TYPE-1","2070-MSF-TS2-TYPE-1","78",,,,"ALL",,"GPS","FIBER,PROXIM",,"1080604800000",,,,,,,,,,,,"1949",,,"0",,"0","0","09",,,,"POINT (-122.410433246 37.789951424)","2024 May 28 03:15:57 PM","2024 May 28 03:15:57 PM","Nob Hill","3"
"14507","21827000","MISSION","RICHLAND","OPTICOM",,"8,9",,"9490000","SIGNAL","MCCAIN","2070-TS2-1","MSF65-ATC","67",,,,"ALL",,"GPS","PROXIM","TSP,FIRE PREEMPT","1364860800000",,,,,,,,,,,,"1955",,,"0",,"0","0","54",,,"APS iNS 3WIRE IN-HOUSE (9)","POINT (-122.424466263 37.736061172)","2024 May 28 03:15:57 PM","2024 May 28 03:15:57 PM","Bernal Heights","8"
"15529","50128000","GREENWICH","TELEGRAPH HILL",,,"3",,"0","MESSAGE SIGN",,,"N/A","COIT TOWER",,,,"n.a.",,,,,,,,,,,,,,,,,"1998",,,"0",,"0","0","decide",,,,"POINT (-122.405772 37.802778614)","2024 May 28 03:16:47 PM","2024 May 28 03:16:47 PM","North Beach","3"
"15383","25208000","POLK","SUTTER","OPTICOM",,"3",,"9518500","SIGNAL","EAGLE","2070-TS2-1","MSF","78",,,,"ALL",,"GPS",,"TSP,FIRE PREEMPT","1286150400000",,,,,,,,,,,,"1954",,,"0",,"0","0","64",,,"APS 4WIRE PH2 (8)","POINT (-122.420116075 37.787756652)","2024 May 28 03:15:57 PM","2024 May 28 03:15:57 PM","Nob Hill","3"
"15750","2183201","ALEMANY - WB","MIDBLOCK",,"RAMSELL","7","VICTORIA","0","RADAR SPEED SIGN","SpeedCheck",,,"N/A",,,,"N.A.",,,,,,,,,,,,,,,,,"2016",,,"0",,"0","0","01",,,,"POINT (-122.465551438 37.711800473)","2024 May 28 03:16:47 PM","2024 May 28 03:16:47 PM","Oceanview/Merced/Ingleside","7"
"15707","2449200","02ND ST","STILLMAN",,,"6",,"0","BEACON - RRFB","JSF","AB-9X07",,"BEACON",,,,"N.A.","YES",,,,,,,,,,,,,,,,"2020",,,"0",,"0","0","07",,,,"POINT (-122.394150515 37.78350351)","2024 May 28 03:16:47 PM","2024 May 28 03:16:47 PM","Financial District/South Beach","6"
"15633","2800102","BAYSHORE","MIDBLOCK","OPTICOM","CORTLAND","9,10","FLOWER (LOWES)","0","SIGNAL","ECONOLITE","2070-TS2-1","MSF","83",,,"WIRELESS","ALL","YES","GPS",,"TSP,FIRE PREEMPT","1287619200000",,,,,,,,,,,,"2010",,,"0",,"0","0","04",,,,"POINT (-122.406012459 37.742011272)","2024 May 28 03:16:47 PM","2024 May 28 03:16:47 PM","Bayview Hunters Point","10"
"15097","27141000","07TH AVE","KIRKHAM",,,"7",,"9046000","SIGNAL","MCCAIN","2070-TS2-1","MSF","35",,,,"PENDING",,"GPS",,,"1478563200000",,,,,,,,,,,,"1965",,,"0",,"0","0","46",,,"PENDING","POINT (-122.463911891 37.760405344)","2024 May 28 03:15:57 PM","2024 May 28 03:15:57 PM","Inner Sunset","7"
"15527","12550102","EMBARCADERO","MIDBLOCK",,"FOLSOM","6","HARRISON","0","BEACON",,,"N/A","BALLPARK",,,,"n.a.",,,,,,,,,,,,,,,,,"2000",,,"0",,"0","0","decide",,,,"POINT (-122.389343867 37.790116771)","2024 May 28 03:16:47 PM","2024 May 28 03:16:47 PM","Financial District/South Beach","6"
"15200","26392000","MASONIC","TURK",,,"1,2",,"9483000","SIGNAL","MCCAIN","2070-TS2-1","MSF","16C",,,,"ALL",,"GPS",,"TSP-Planned","1424217600000",,,,,,,,,,,,"1955",,,"0",,"0","0","77",,,"APS iNAV 3WIRE CITYWIDE NEW APS (9)","POINT (-122.447039807 37.778622307)","2024 May 28 03:15:57 PM","2024 May 28 03:15:57 PM","Lone Mountain/USF","2"
"15284","23796000","03RD ST","BERRY",,,"6",,"9012500","SIGNAL",,"2070-TS2-TYPE-1","2070-MSF-TS2-TYPE-1","09",,,"WIRELESS","ALL","YES","GPS",,"BRIDGE PREEMPT","1153785600000",,,,,,,,,,,,"1952",,,"0",,"0","0","75",,,"APS iNS 2WIRE CITYWIDE NEW APS (9)","POINT (-122.39110724 37.777542689)","2024 May 28 03:15:57 PM","2024 May 28 03:15:57 PM","Mission Bay","6"
"15402","25953000","FILLMORE","HAYES","OPTICOM",,"5",,"9347500","SIGNAL","MCCAIN","2070-TS2-1","MSF","71",,,,"FUTURE",,"GPS","PROXIM","TSP,FIRE PREEMPT","1431388800000",,,,,,,,,,,,"1972",,,"0",,"0","0","40",,,"FUTURE","POINT (-122.431198609 37.775834342)","2024 May 28 03:16:47 PM","2024 May 28 03:16:47 PM","Hayes Valley","5"
"14685","24895000","CYRIL MAGNIN","ELLIS",,,"3,5",,"9292500","SIGNAL","MCCAIN","2070-TS2-1","G","78",,,,"ALL",,"GPS",,,"1448928000000",,,,,,,,,,,,"1973",,,"0",,"0","0","21",,,,"POINT (-122.408667084 37.785388249)","2024 May 28 03:15:57 PM","2024 May 28 03:15:57 PM","Tenderloin","3"
"15173","27607000","10TH AVE","CALIFORNIA","OPTICOM",,"1",,"9063000","SIGNAL","MCCAIN","2070-TS2-1","MSF","14A",,,,"ALL",,"GPS","PROXIM","TSP,FIRE PREEMPT","1430352000000",,,,,,,,,,,,"1955",,,"0",,"0","0","11",,,,"POINT (-122.468839739 37.784620906)","2024 May 28 03:15:57 PM","2024 May 28 03:15:57 PM","Inner Richmond","1"
"14943","25744000","24TH ST","CASTRO",,,"8",,"9135500","SIGNAL","MCCAIN","2070-TS2-1","MSF","ISOLATED",,,,"ALL",,"GPS",,,"1402963200000",,,,,,,,,,,,"1958",,,"0",,"0","0","13",,,"APS iNS 3WIRE CITYWIDE NEW APS (11)","POINT (-122.434089515 37.751303733)","2024 May 28 03:15:57 PM","2024 May 28 03:15:57 PM","Noe Valley","8"
"14591","24216000","11TH ST","13TH ST","OPTICOM","BRYANT","6,9","DIVISION","9068000","SIGNAL","ECONOLITE","2070-TS2-1","MSF","77",,"2003 CANDIDATE","WIRELESS","ALL",,"GPS","PROXIM","FIRE PREEMPT","1321401600000",,,,,,,,,,,,"1956",,,"0",,"0","0","07",,,"APS ENAV 2WIRE CT34 (10)","POINT (-122.410931088 37.769411191)","2024 May 28 03:15:57 PM","2024 May 28 03:15:57 PM","South of Market","6"
"15016","25835000","14TH ST","GUERRERO",,,"8,9",,"9077000","SIGNAL","MCCAIN","2070-TS2-1","G","64",,,,"ALL",,"GPS",,,"1459296000000",,,,,,,,,,,,"1953",,,"0",,"0","0","37",,,"APS iNS 3WIRE CITYWIDE NEW APS (11)","POINT (-122.42441169 37.768006425)","2024 May 28 03:15:57 PM","2024 May 28 03:15:57 PM","Mission","8"
"14423","22790000","OCEAN","SAN LEANDRO",,,"7",,"9504700","SIGNAL","EAGLE","2070-TS2-1","2070-MSF-TS2-TYPE-1","31",,,,"ALL",,"GPS","TWISTED PAIR",,"1043020800000",,,,,,,,,,,,"2003",,,"0",,"0","0","59",,,,"POINT (-122.469341914 37.729976876)","2024 May 28 03:15:57 PM","2024 May 28 03:15:57 PM","West of Twin Peaks","7"
"14941","21304000","CESAR CHAVEZ","MISSION","OPTICOM",,"9",,"9268500","SIGNAL","MCCAIN","2070-TS2-1","MSF65-ATC","24","MASTER-GPS",,,"ALL",,"GPS","PROXIM","TSP,FIRE PREEMPT","1033084800000",,,,,,,,,,,,"1950",,,"0",,"0","0","14",,,"APS 4WIRE CESAR CHAVEZ STSCAPE (8)","POINT (-122.418221171 37.748165689)","2024 May 28 03:15:57 PM","2024 May 28 03:15:57 PM","Bernal Heights","9"
"15783","23261000","24TH AVE","TARAVAL",,,"4",,"0","PENDING SIGNAL",,,,,,,,"PENDING",,,,,,,,,,,,,,,,,"0",,,"0",,"0","0","87",,,,"POINT (-122.481049535 37.742814403)","2024 May 28 03:16:47 PM","2024 May 28 03:16:47 PM","Sunset/Parkside","4"
"14904","25308000","BROADWAY","LARKIN",,,"3",,"9212500","SIGNAL","MCCAIN","2070-TS2-1","MSF","13",,,,"ALL",,"GPS",,,"1411084800000",,,,,,,,,,,,"1952",,,"0",,"0","0","45",,,,"POINT (-122.420109525 37.796094569)","2024 May 28 03:15:57 PM","2024 May 28 03:15:57 PM","Russian Hill","3"
"15838","9170000","MISSION","MIDBLOCK",,"LEO","11","RUSSIA","0","PENDING SIGNAL",,,,"26",,,,"PENDING",,,,"TSP-Planned",,,,,,,,,,,,,"0",,,"0",,"0","0",,,,"PENDING","POINT (-122.436825468 37.721998394)","2024 May 28 03:16:47 PM","2024 May 28 03:16:47 PM","Excelsior","11"
"15832","22465000","RICE","SAN JOSE",,,"11",,"0","CALTRANS - HAWK",,,,"CALTRANS",,,,"ALL","YES",,,,,,,,,,,,,,,,"2020","82","X","100",,"0","0","not ours",,,"APS HAWK","POINT (-122.458241195 37.708999302)","2024 May 28 03:16:47 PM","2024 May 28 03:16:47 PM","Outer Mission","11"
"15123","27262000","10TH AVE","FULTON","OPTICOM",,"1",,"9063500","SIGNAL","MCCAIN","2070-TS2-1","MSF","46","MASTER-GPS",,,"ALL",,"GPS","SIKLU","TSP,FIRE PREEMPT","1341100800000",,,,,,,,,,,,"1972",,,"0",,"0","0","30",,,,"POINT (-122.468023916 37.773303834)","2024 May 28 03:15:57 PM","2024 May 28 03:15:57 PM","Golden Gate Park","1"
"15480","7834201","KING","MIDBLOCK","VETAG","04TH ST","6","05TH ST","9452500","SIGNAL","ECONOLITE","2070-TS2-1","MSF","09",,,,"ALL","YES","GPS",,"TSP","1325721600000",,,,,,,,,,,,"1998",,,"0",,"0","0","23",,,,"POINT (-122.395190465 37.775526947)","2024 May 28 03:16:47 PM","2024 May 28 03:16:47 PM","Mission Bay","6"
"14571","30731000","01ST ST","BATTERY","OPTICOM","BUSH","3,6","MARKET","9000500","SIGNAL","MCCAIN","2070-TS2-1","MSF","62",,"YES-UPSTEALTH","QUEUE LOOPS","ALL",,"GPS","FIBER","FIRE PREEMPT","1407196800000",,,,,,,,,,,,"1951",,,"0",,"0","0","50",,,,"POINT (-122.399148599 37.791016649)","2024 May 28 03:15:57 PM","2024 May 28 03:15:57 PM","Financial District/South Beach","6"
"14813","26591000","POST","WEBSTER",,,"5",,"9525500","SIGNAL","MCCAIN","2070-TS2-1","G","73",,,,"ALL",,"GPS",,,"1422403200000",,,,,,,,,,,,"1957",,,"0",,"0","0","66",,,"APS ENAV 4WIRE WEBSTER (8)","POINT (-122.431366397 37.785372647)","2024 May 28 03:15:57 PM","2024 May 28 03:15:57 PM","Japantown","5"
"15181","26005000","CASTRO","DUBOCE",,,"8",,"9262500","SIGNAL","MCCAIN","2070-TS2-1","G","19",,,,"ALL",,"GPS",,,"1358899200000",,,,,,,,,,,,"1973",,,"0",,"0","0","13",,,,"POINT (-122.435794213 37.769058453)","2024 May 28 03:15:57 PM","2024 May 28 03:15:57 PM","Haight Ashbury","8"
"15647","10643000","POST","MIDBLOCK",,"GOUGH","2,5","LAGUNA","9522400","BEACON - RRFB","JSF","AB-9X07",,"BEACON",,,,"n.a.","YES",,,,,,,,,,,,,,,,"2014",,,"0",,"0","0",,,,,"POINT (-122.426459583 37.785995945)","2024 May 28 03:16:47 PM","2024 May 28 03:16:47 PM","Japantown","5"
"14989","25607000","23RD ST","GUERRERO",,,"8,9",,"9132000","SIGNAL","MCCAIN","2070-TS2-1","G","64",,,,"ALL",,"GPS",,,"1433203200000",,,,,,,,,,,,"1975",,,"0",,"0","0","37",,,,"POINT (-122.423028464 37.753569181)","2024 May 28 03:15:57 PM","2024 May 28 03:15:57 PM","Mission","8"
"14891","25484000","EMBARCADERO","JEFFERSON","VETAG","POWELL","3",,"9328000","SIGNAL","MCCAIN","2070-TS2-TYPE","MSF75-ATC","10",,,"WIRELESS&VETAG","ALL",,"GPS",,"TSP","1208822400000",,,,,,,,,,,,"1986",,,"0",,"0","50","57",,,"APS iNS 2WIRE JEFFERSON (8)","POINT (-122.412523835 37.80862485)","2024 May 28 03:15:57 PM","2024 May 28 03:15:57 PM","North Beach","3"
"15160","27245000","03RD AVE","GEARY","OPTICOM",,"1",,"9008000","SIGNAL","ECONOLITE","2070-TS2-1","MSF","15",,,,"ALL",,"GPS","PROXIM","TSP,FIRE PREEMPT","1081814400000",,,,,,,,,,,,"1997",,,"0",,"0","0","31",,"Colicky",,"POINT (-122.461062829 37.781160262)","2024 May 28 03:15:57 PM","2024 May 28 03:15:57 PM","Inner Richmond","1"
"14447","20465000","03RD ST","US-101 N OFF RAMP",,,"10",,"0","SIGNAL",,"2070-TS2-TYPE-1","2070-MSF-TS2-TYPE-1","ISOLATED",,,,"ALL","YES","GPS","FIBER",,"1107993600000",,,,,,,,,,,,"2005",,,"0",,"0","0","75",,,,"POINT (-122.398265049 37.716467897)","2024 May 28 03:15:57 PM","2024 May 28 03:15:57 PM","Bayview Hunters Point","10"
"15294","24494000","01ST ST","HARRISON",,"I-80 E ON RAMP","6",,"9001500","SIGNAL","MCCAIN","2070-TS2-1","MSF65-ATC","74",,"2003 CANDIDATE",,"ALL",,"GPS",,,"1231372800000",,,,,,,,,,,,"1957","80(a)",,"25","X","75","0","39",,"CK BBS?","PENDING","POINT (-122.392936685 37.786067533)","2024 May 28 03:15:57 PM","2024 May 28 03:15:57 PM","Financial District/South Beach","6"
"15342","24908000","POST","STOCKTON","OPTICOM",,"3",,"9524000","SIGNAL","EAGLE","2070-TS2-1","MSF","78",,,,"ALL",,"GPS","FIBER","TSP,FIRE PREEMPT","1282089600000",,,,,,,,,,,,"1954",,,"0",,"0","0","66",,"CAB","APS ENAV 4WIRE DPW PROW (8)","POINT (-122.406771144 37.788499479)","2024 May 28 03:15:57 PM","2024 May 28 03:15:57 PM","Financial District/South Beach","3"
"15884","20240000","03RD ST","CUSTER",,,"10",,"0","OTHER - CONDUIT",,,,,,,,,,,,,,,,,,,,,,,,,"0",,,"0",,"0","0",,,,,"POINT (-122.387372607 37.744259407)","2024 May 28 03:16:47 PM","2024 May 28 03:16:47 PM","Bayview Hunters Point","10"
"14977","24003000","19TH ST","POTRERO","OPTICOM",,"9,10",,"9115000","SIGNAL","MCCAIN","2070-TS2-1","MSF","23",,,,"ALL",,"GPS","FIBER,PROXIM","TSP,FIRE PREEMPT","1369612800000",,,,,,,,,,,,"1948",,,"0",,"0","0","67",,,"APS ENAV 2WIRE POTRERO STSCAPE (6)","POINT (-122.407065797 37.760661266)","2024 May 28 03:15:57 PM","2024 May 28 03:15:57 PM","Mission","10"
"15311","23541000","03RD ST","25TH ST","VETAG",,"10",,"9011000","SIGNAL","ECONOLITE","2070-TS2-1","ITS 340","28",,,"VIDEO","ALL","YES","GPS","FIBER","TSP","1129075200000",,,,,,,,,,,,"1954",,,"0",,"0","0","75",,,,"POINT (-122.38775628 37.752835612)","2024 May 28 03:15:57 PM","2024 May 28 03:15:57 PM","Bayview Hunters Point","10"
"15427","25813000","18TH ST","CASTRO",,,"8",,"9097000","SIGNAL","MCCAIN","2070-TS2-1","MSF","ISOLATED",,,,"ALL",,"GPS",,,"1413849600000",,,,,,,,,,,,"1952",,,"0",,"0","0","13",,,,"POINT (-122.435000701 37.760888933)","2024 May 28 03:16:47 PM","2024 May 28 03:16:47 PM","Castro/Upper Market","8"
"14585","24595000","HAWTHORNE","HOWARD",,,"6",,"9425000","SIGNAL","MCCAIN","2070-TS2-1","MSF","74",,,,"ALL",,"GPS","12C",,"1342483200000",,,,,,,,,,,,"1957",,,"0",,"0","0","41",,,,"POINT (-122.399369534 37.785899248)","2024 May 28 03:15:57 PM","2024 May 28 03:15:57 PM","Financial District/South Beach","6"
"15264","23592000","EMBARCADERO","KING","VETAG","TOWNSEND","6","PIER 40","9329000","SIGNAL","ECONOLITE","2070-TS2-TYPE-1","2070-MSF-TS2-TYPE-1","09",,"YES-UPSTEALTH","WIRELESS&LOOPS","ALL","YES","GPS","FIBER","TSP","1135123200000",,,,,,,,,,,,"1994",,,"0",,"0","33","23",,,"APS ENAV 2WIRE PCS2 (10)","POINT (-122.388306364 37.781798373)","2024 May 28 03:15:57 PM","2024 May 28 03:15:57 PM","Financial District/South Beach","6"
"15516","27285000","07TH AVE","GEARY","OPTICOM",,"1",,"9044800","SIGNAL","ECONOLITE","2070-TS2-TYPE-1","MSF","15",,,,"ALL",,"GPS","PROXIM","TSP,FIRE PREEMPT","1082419200000",,,,,,,,,,,,"2004",,,"0",,"0","0","31",,,,"POINT (-122.465352871 37.780965491)","2024 May 28 03:16:47 PM","2024 May 28 03:16:47 PM","Inner Richmond","1"
"15632","34186000","07TH ST","BERRY EXTENSION",,"MISSION BAY","6",,"9047400","SIGNAL","EAGLE","2070-TS2-1","MSF","ISOLATED",,"YES-UPSTEALTH","VIDEO","ALL","YES",,"FIBER","HEAVY RAIL PREEMPT","1254873600000",,,,,,,,,,,,"2009",,,"0",,"0","0","05",,,"APS iNS 2WIRE CITYWIDE NEW APS (12)","POINT (-122.398642176 37.769410548)","2024 May 28 03:16:47 PM","2024 May 28 03:16:47 PM","Mission Bay","6"
"14668","24901000","GEARY","STOCKTON","OPTICOM",,"3",,"9387500","SIGNAL","MCCAIN","2070-TS2-1","MSF77-ATC","78",,,,"ALL",,"GPS",,"FIRE PREEMPT","1113350400000",,,,,,,,,,,,"1954",,,"0",,"0","0","32",,,"APS iNS 3WIRE Central Subway (8)","POINT (-122.406589884 37.787568025)","2024 May 28 03:15:57 PM","2024 May 28 03:15:57 PM","Financial District/South Beach","3"
"14872","25922000","BUCHANAN","OAK",,,"5",,"9226500","SIGNAL","ECONOLITE","2070-TS2-TYPE-1","2070-MSF-TS2-TYPE-1","16",,,,"ALL",,"GPS","FIBER",,"1010448000000",,,,,,,,,,,,"1955",,,"0",,"0","0","58",,,,"POINT (-122.427546417 37.774388467)","2024 May 28 03:15:57 PM","2024 May 28 03:15:57 PM","Hayes Valley","5"
"14845","25940000","FULTON","GOUGH",,,"5",,"9373500","SIGNAL","MCCAIN","2070-TS2-1","MSF","49",,,,"ALL",,"GPS","FIBER,PROXIM",,"1318377600000",,,,,,,,,,,,"1953",,,"0",,"0","0","35",,,"APS ENAV 2WIRE GOUGH (9)","POINT (-122.423354025 37.778747372)","2024 May 28 03:15:57 PM","2024 May 28 03:15:57 PM","Hayes Valley","5"
"15472","26522000","BUCHANAN","POST",,,"5",,"9227500","SIGNAL","MCCAIN","2070-TS2-1","G","73",,,,"ALL",,"GPS",,,"1433808000000",,,,,,,,,,,,"1971",,,"0",,"0","0","66",,,"APS iNAV 3WIRE CITYWIDE NEW APS (4)","POINT (-122.429782592 37.785563848)","2024 May 28 03:16:47 PM","2024 May 28 03:16:47 PM","Japantown","5"
"15463","9096000","MISSION","MIDBLOCK","OPTICOM","04TH ST","6","05TH ST","9487000","SIGNAL","MCCAIN","2070-TS2-1","MSF","75",,,,"ALL","YES","GPS","PROXIM","TSP,FIRE PREEMPT","1352678400000",,,,,,,,,,,,"1996",,,"0",,"0","0","52",,,,"POINT (-122.405338606 37.783585787)","2024 May 28 03:16:47 PM","2024 May 28 03:16:47 PM","South of Market","6"
"14463","22556000","19TH AVE","JUNIPERO SERRA","VETAG",,"7,11",,"9105000","SIGNAL","ECONOLITE","2070-TS2-1","332","61",,"YES-UPSTEALTH","WIRELESS","ALL","YES","GPS","FIBER","TSP","1241049600000",,,,,,,,,,,,"1947","1(a)",,"50","X","50","0","56",,,"APS ENAV 2WIRE 19th AV (12)","POINT (-122.472572455 37.717173869)","2024 May 28 03:15:57 PM","2024 May 28 03:15:57 PM","Lakeshore","11"
"14979","24190000","10TH ST","BRANNAN",,"DIVISION","6,9","POTRERO","9064500","SIGNAL","EAGLE","2070-TS2-TYPE-1","2070-MSF-TS2-TYPE-1","77","TBC MASTER","YES-UPSTEALTH",,"ALL",,,"PROXIM",,"1032825600000",,,,,,,,,,,,"1948",,,"0",,"0","0","67",,,"PENDING","POINT (-122.408007203 37.76924401)","2024 May 28 03:15:57 PM","2024 May 28 03:15:57 PM","Mission","6"
"15731","26066000","MCALLISTER","SCOTT","OPTICOM",,"5",,"9483700","SIGNAL","MCCAIN","2070-TS2-1","MSF","71",,,,"ALL",,"GPS",,"TSP,FIRE PREEMPT","1520467200000",,,,,,,,,,,,"2018",,,"0",,"0","0","51",,,"APS ENAV 2WIRE MUNI FORWARD (8)","POINT (-122.436669987 37.777984353)","2024 May 28 03:16:47 PM","2024 May 28 03:16:47 PM","Western Addition","5"
"15570","22448000","IDORA","WOODSIDE",,,"7",,"9436700","SIGNAL","ECONOLITE","2070-TS2-TYPE-1","2070-MSF-TS2-TYPE-1","42",,,"VIDEO","ALL","YES","GPS",,,"1060819200000",,,,,,,,,,,,"2003",,,"0",,"0","0","65",,,,"POINT (-122.454664129 37.746107984)","2024 May 28 03:16:47 PM","2024 May 28 03:16:47 PM","Twin Peaks","7"
"15504","26253000","CLARENDON","OAK PARK",,,"7",,"9276000","BEACON",,"N/A","N/A","BEACON",,,,"n.a.",,,,,,,,,,,,,,,,,"0",,,"0",,"0","0","46",,,,"POINT (-122.455052389 37.755116289)","2024 May 28 03:16:47 PM","2024 May 28 03:16:47 PM","Inner Sunset","7"
"15446","26471000","FULTON","PARKER","OPTICOM","SHRADER","1",,"9377000","SIGNAL","MCCAIN","2070-TS2-1","MSF","80",,,,"ALL",,"GPS","PROXIM","TSP,FIRE PREEMPT","1231891200000",,,,,,,,,,,,"1953",,,"0",,"0","0","30",,,"APS ENAV 4WIRE USF (8)","POINT (-122.452810237 37.774995319)","2024 May 28 03:16:47 PM","2024 May 28 03:16:47 PM","Lone Mountain/USF","1"
"14526","21835000","APPLETON","MISSION","OPTICOM",,"8,9",,"9169500","SIGNAL","ECONOLITE","2070-TS2-1","MSF","67",,,"WIRELESS","ALL","YES","GPS","PROXIM","TSP,FIRE PREEMPT","1316649600000",,,,,,,,,,,,"1992",,,"0",,"0","0","54",,,,"POINT (-122.423948784 37.738843285)","2024 May 28 03:15:57 PM","2024 May 28 03:15:57 PM","Bernal Heights","9"
"15283","24545000","EMBARCADERO","FOLSOM","VETAG",,"6",,"9325000","SIGNAL","ECONOLITE","2070-TS2-1","2070-MSF-TS2-TYPE-1","09",,"YES-UPSTEALTH","WIRELESS&LOOPS","ALL",,"GPS",,"TSP","1138233600000",,,,,,,,,,,,"1994",,,"0",,"0","67","23",,,"APS ENAV 2WIRE PCS2 (10)","POINT (-122.39001378 37.790826745)","2024 May 28 03:15:57 PM","2024 May 28 03:15:57 PM","Financial District/South Beach","6"
"14833","25959000","GOLDEN GATE","LAGUNA",,,"5",,"9396500","SIGNAL","MCCAIN","2070-TS2-1","MSF","71",,,,"ALL",,"GPS",,,"1325030400000",,,,,,,,,,,,"1955",,,"0",,"0","0","34",,,"PENDING","POINT (-122.427016757 37.780193031)","2024 May 28 03:15:57 PM","2024 May 28 03:15:57 PM","Western Addition","5"
"14993","24153000","20TH ST","VALENCIA",,,"9",,"9122000","SIGNAL","MCCAIN","2070-TS2-1","MSF","22",,,,"ALL",,"GPS",,,"1583280000000",,,,,,,,,,,,"1953",,,"0",,"0","0","79",,,,"POINT (-122.421271729 37.758498509)","2024 May 28 03:15:57 PM","2024 May 28 03:15:57 PM","Mission","9"
"15166","27853000","32ND AVE","GEARY","OPTICOM",,"1",,"9154500","SIGNAL","MCCAIN","2070-TS2-1","MSF","69",,,,"ALL",,"GPS","PROXIM","TSP,FIRE PREEMPT","1366848000000",,,,,,,,,,,,"1959",,,"0",,"0","0","31",,,,"POINT (-122.492232288 37.77974695)","2024 May 28 03:15:57 PM","2024 May 28 03:15:57 PM","Outer Richmond","1"
"14477","33434000","ALEMANY","BROTHERHOOD",,,"7,11",,"9160000","SIGNAL","MCCAIN","2070-TS2-1","G","41",,,,"ALL",,"GPS",,,"1555545600000",,,,,,,,,,,,"1972",,,"0",,"0","0","01",,,,"POINT (-122.463784944 37.711527138)","2024 May 28 03:15:57 PM","2024 May 28 03:15:57 PM","Oceanview/Merced/Ingleside","11"
"14618","25004000","MASON","PINE",,,"3",,"9479000","SIGNAL","EAGLE","2070-TS2-1","XXXXXMSF-TS2-TYPE-1","78",,,,"ALL",,"GPS",,,"1006905600000",,,,,,,,,,,,"1949",,,"0",,"0","0","63",,,,"POINT (-122.410622871 37.790880697)","2024 May 28 03:15:57 PM","2024 May 28 03:15:57 PM","Nob Hill","3"
"15870","25983000","CASTRO","HENRY",,,"8",,"0","PENDING BEACON",,,,,,,,,,,,,,,,,,,,,,,,,"0",,,"0",,"0","0",,,,,"POINT (-122.435548123 37.766527892)","2024 May 28 03:16:47 PM","2024 May 28 03:16:47 PM","Castro/Upper Market","8"
"15656","8776103","MARKET","MIDBLOCK",,"ARGENT","8","ROMAIN","0","FLASHER",,,,"FLASHER",,,,"n.a.",,,,,,,,,,,,,,,,,"0",,,"0",,"0","0",,,,,"POINT (-122.441362215 37.755322734)","2024 May 28 03:16:47 PM","2024 May 28 03:16:47 PM","Twin Peaks","8"
"14510","21396000","GENEVA","MOSCOW","OPTICOM","SOUTH HILL","11",,"9390500","SIGNAL","EAGLE","2070-TS2-1","MSF","30","MASTER-GPS",,,"ALL","YES","GPS","PROXIM","TSP,FIRE PREEMPT","1272931200000",,,,,,,,,,,,"1961",,,"0",,"0","0","33",,,"APS iNS 3WIRE GENEVA (4)","POINT (-122.43370682 37.713143158)","2024 May 28 03:15:57 PM","2024 May 28 03:15:57 PM","Excelsior","11"
"15510","11928000","SILVER","MIDBLOCK",,"ELMIRA","10","LEDYARD","9533000","BEACON",,,"N/A","BEACON",,,,"n.a.",,,,,,,,,,,,,,,,,"1997",,,"0",,"0","0","04",,,,"POINT (-122.403146761 37.73387745)","2024 May 28 03:16:47 PM","2024 May 28 03:16:47 PM","Bayview Hunters Point","10"
"15648","23146000","BEACHMONT","SLOAT",,,"7",,"9204600","BEACON - RRFB","JSF","AB-9X07",,"BEACON",,,,"n.a.","YES",,,,,,,,,,,,,,,,"2014",,,"0",,"0","0",,,,,"POINT (-122.474118906 37.734568247)","2024 May 28 03:16:47 PM","2024 May 28 03:16:47 PM","West of Twin Peaks","7"
"15511","33572000","CLARENDON","GALEWOOD",,,"7",,"0","BEACON",,"N/A","N/A","BEACON",,,,"n.a.",,,,,,,,,,,,,,,,,"0",,,"0",,"0","0","46",,,,"POINT (-122.456006116 37.752332136)","2024 May 28 03:16:47 PM","2024 May 28 03:16:47 PM","Twin Peaks","7"
"15686","5939000","FULTON","MIDBLOCK",,"32ND AVE","1","33RD AVE","0","BEACON","RTC",,,"BEACON",,,,"n.a.",,,,,,,,,,,,,,,,,"2015",,,"0",,"0","0","30",,,,"POINT (-122.491893964 37.772218101)","2024 May 28 03:16:47 PM","2024 May 28 03:16:47 PM","Outer Richmond","1"
"15232","26842000","LYON","PINE",,,"2",,"9471000","SIGNAL","EAGLE","2070-T2-1","XXXXMSF-TS2-XXX","73",,,,"ALL",,"GPS",,,"1012953600000",,,,,,,,,,,,"1949",,,"0",,"0","0","63",,,,"POINT (-122.445208493 37.786480903)","2024 May 28 03:15:57 PM","2024 May 28 03:15:57 PM","Presidio Heights","2"
"15809","21735000","FRANCE","MISSION",,,"11",,"0","BEACON - RRFB/PENDING SIGNAL","JSF","AB-9X07",,"BEACON",,,,"PENDING","YES",,,"TSP-Planned",,,,,,,,,,,,,"0",,,"0",,"0","0",,,,"PENDING","POINT (-122.438329414 37.720015525)","2024 May 28 03:16:47 PM","2024 May 28 03:16:47 PM","Excelsior","11"
"14536","22757000","APTOS","OCEAN",,,"7",,"9170000","SIGNAL","EAGLE","2070-TS2-TYPE-1","MSF","31",,,"LOOPS (NOT USED)","ALL",,"GPS",,,"1039651200000",,,,,,,,,,,,"1968",,,"0",,"0","0","59",,,,"POINT (-122.467739342 37.728329067)","2024 May 28 03:15:57 PM","2024 May 28 03:15:57 PM","West of Twin Peaks","7"
"15243","26915000","CALIFORNIA","WALNUT","OPTICOM",,"2",,"9258000","SIGNAL","MCCAIN","2070-TS2-1","MSF","14",,,"WIRELESS&LOOPS","SOME PHASES","YES","GPS","PROXIM","TSP,FIRE PREEMPT","1438732800000",,,,,,,,,,,,"1985",,,"0",,"0","0","11",,,,"POINT (-122.448468375 37.787049383)","2024 May 28 03:15:57 PM","2024 May 28 03:15:57 PM","Presidio Heights","2"
"15461","167000","03RD ST","MIDBLOCK","OPTICOM","HOWARD","6","MISSION","250","SIGNAL","EAGLE","2070-TS2-1","MSF","74",,,,"ALL","YES","GPS","PROXIM","TSP,FIRE PREEMPT","1339200000000",,,,,,,,,,,,"1996",,,"0",,"0","0","52",,,,"POINT (-122.40111585 37.785544227)","2024 May 28 03:16:47 PM","2024 May 28 03:16:47 PM","Financial District/South Beach","6"
"15020","25677000","18TH ST","GUERRERO",,,"8,9",,"9099000","SIGNAL","MCCAIN","2070-TS2-1","G","64","MASTER-GPS",,,"ALL",,"GPS","12C",,"1443052800000",,,,,,,,,,,,"1953",,,"0",,"0","0","37",,,"APS iNS 3WIRE CITYWIDE NEW APS (9)","POINT (-122.423800671 37.761565673)","2024 May 28 03:15:57 PM","2024 May 28 03:15:57 PM","Mission","9"
"15493","26076000","DIVISADERO","EDDY","OPTICOM",,"5",,"9296500","SIGNAL","EAGLE","2070-TS2-1","G","71",,,,"ALL",,"GPS","PROXIM","TSP,FIRE PREEMPT","1274227200000",,,,,,,,,,,,"1999",,,"0",,"0","0","20",,,,"POINT (-122.438926755 37.780588486)","2024 May 28 03:16:47 PM","2024 May 28 03:16:47 PM","Western Addition","5"
"15130","26436000","OAK","SHRADER",,,"5",,"9501500","SIGNAL","ECONOLITE","2070-TS2-1","2070-MSF-TS2-TYPE-1","16",,,,"ALL",,"GPS","FIBER",,"1016496000000",,,,,,,,,,,,"1955",,,"0",,"0","0","58",,,,"POINT (-122.452241778 37.771229827)","2024 May 28 03:15:57 PM","2024 May 28 03:15:57 PM","Haight Ashbury","5"
"14681","25138000","EDDY","HYDE",,,"5",,"9312000","SIGNAL","ECONOLITE","2070-TS2-TYPE-1","2070-MSF-TS2-TYPE-1","78",,,,"ALL",,"GPS",,,"1111449600000",,,,,,,,,,,,"1969",,,"0",,"0","0","20",,,,"POINT (-122.415882538 37.783515641)","2024 May 28 03:15:57 PM","2024 May 28 03:15:57 PM","Tenderloin","5"
"15274","24557000","MAIN","MISSION","OPTICOM",,"6",,"9471500","SIGNAL","ECONOLITE","2070-TS2-1","XXXX-MSF-TS2-TYPE-1","74",,,,"ALL",,"GPS","PROXIM","FIRE PREEMPT","1061164800000",,,,,,,,,,,,"1956",,,"0",,"0","0","52",,,,"POINT (-122.394940237 37.79184209)","2024 May 28 03:15:57 PM","2024 May 28 03:15:57 PM","Financial District/South Beach","6"
"15315","23570000","03RD ST","18TH ST","VETAG,OPTICOM",,"10",,"9009500","SIGNAL","ECONOLITE","2070-TS2-1","XXXXXMSF-TS2-TYPE-1","28",,,"VIDEO","ALL","YES","GPS","FIBER","TSP,FIRE PREEMPT","1080691200000",,,,,,,,,,,,"1949",,,"0",,"0","0","75",,"Colicky",,"POINT (-122.388737999 37.763048279)","2024 May 28 03:15:57 PM","2024 May 28 03:15:57 PM","Potrero Hill","10"
"15363","25223000","BUSH","VAN NESS","OPTICOM",,"2,3",,"9241500","SIGNAL","MCCAIN","2070-TS2-1","352i-ATC","49E","MASTER-GPS","YES",,"ALL",,"GPS","FIBER_HUB","TSP,FIRE PREEMPT","1086048000000",,,,,,,,,,,,"1948","101(b)",,"50","X","50","0","80",,,"APS iNS 2WIRE VAN NESS (9)","POINT (-122.421948585 37.788489643)","2024 May 28 03:15:57 PM","2024 May 28 03:15:57 PM","Nob Hill","3"
"15152","27501000","18TH AVE","GEARY","OPTICOM",,"1",,"9096000","SIGNAL","MCCAIN","2070-TS2-1","MSF","15",,,,"ALL",,"GPS","PROXIM","TSP,FIRE PREEMPT","1351382400000",,,,,,,,,,,,"1980",,,"0",,"0","0","31",,,,"POINT (-122.477239888 37.780439637)","2024 May 28 03:15:57 PM","2024 May 28 03:15:57 PM","Outer Richmond","1"
"15047","24378000","14TH ST","VALENCIA",,,"9",,"9078500","SIGNAL","MCCAIN","2070-TS2-1","G","64",,,,"ALL",,"GPS",,,"1495065600000",,,,,,,,,,,,"1953",,,"0",,"0","0","79",,,,"POINT (-122.422199174 37.768139683)","2024 May 28 03:15:57 PM","2024 May 28 03:15:57 PM","Mission","9"
"15293","24513000","03RD ST","HARRISON","OPTICOM",,"6",,"9017500","SIGNAL","MCCAIN","2070-TS2-1","MSF-TALL","74",,,,"ALL",,"GPS","PROXIM","TSP,FIRE PREEMPT","1342051200000",,,,,,,,,,,,"1956",,,"0",,"0","0","39",,,,"POINT (-122.397385538 37.782553593)","2024 May 28 03:15:57 PM","2024 May 28 03:15:57 PM","South of Market","6"
"14538","22662000","DORADO","JULES",,"OCEAN","7,11",,"9306500","SIGNAL","EAGLE","2070-TS2-TYPE-1","MSF","31",,,,"ALL",,"GPS",,,"1042588800000",,,,,,,,,,,,"1984",,,"0",,"0","0","59",,,"APS 4WIRE PH2 (8)","POINT (-122.461210548 37.724949701)","2024 May 28 03:15:57 PM","2024 May 28 03:15:57 PM","Oceanview/Merced/Ingleside","11"
"15350","26546000","GOUGH","JACKSON",,,"2",,"9403500","SIGNAL","MCCAIN","2070-TS2-1","MSF","49A",,,,"ALL",,"GPS","FIBER",,"1318291200000",,,,,,,,,,,,"1973",,,"0",,"0","0","35",,,"APS ENAV 2WIRE GOUGH (11)","POINT (-122.426335256 37.793517194)","2024 May 28 03:15:57 PM","2024 May 28 03:15:57 PM","Pacific Heights","2"
"15392","25175000","POLK","TURK",,,"5",,"9519000","SIGNAL","ECONOLITE","2070-TS2-1","2070-MSF-XXXX","78",,,,"ALL",,"GPS","12C",,"1113868800000",,,,,,,,,,,,"1955",,,"0",,"0","0","64",,,"APS ENAV 2WIRE POLK (8)","POINT (-122.418993273 37.78216927)","2024 May 28 03:15:57 PM","2024 May 28 03:15:57 PM","Tenderloin","5"
"14414","25593000","JONES","NORTH POINT",,,"3",,"9443700","SIGNAL","EAGLE","2070-TS2-TYPE-1","2070-MSF-TS2-TYPE-1","11A","MASTER-GPS",,,"ALL",,"GPS","12C",,"1030406400000",,,,,,,,,,,,"2002",,,"0",,"0","0","57",,,,"POINT (-122.417077278 37.806141247)","2024 May 28 03:15:57 PM","2024 May 28 03:15:57 PM","North Beach","3"
"15653","34172000","04TH ST","MISSION BAY SOUTH",,,"6",,"0","SIGNAL",,"2070-TS2-1",,"ISOLATED",,,"VIDEO","ALL","YES",,,,"1238630400000",,,,,,,,,,,,"2009",,,"0",,"0","0","23",,,,"POINT (-122.391140494 37.77056888)","2024 May 28 03:16:47 PM","2024 May 28 03:16:47 PM","Mission Bay","6"
"14966","21173000","CESAR CHAVEZ","HARRISON",,,"9",,"9267000","SIGNAL","ECONOLITE","2070-TS2-1","2070-MSF-TS2-TYPE-1","81",,,,"ALL",,"GPS",,,"1134518400000",,,,,,,,,,,,"1949",,,"0",,"0","0","14",,,,"POINT (-122.411484128 37.748298287)","2024 May 28 03:15:57 PM","2024 May 28 03:15:57 PM","Mission","9"
"14863","24448000","FELL","VAN NESS","OPTICOM",,"5,6",,"9343500","SIGNAL","MCCAIN","2070-TS2-1","352i-ATC","16B","MASTER-GPS","YES",,"ALL",,"GPS",,"TSP,FIRE PREEMPT",,,,,,,,,,,,,"1948","101(b)",,"50","X","50","0","80",,,"APS iNS 2WIRE VAN NESS (8)","POINT (-122.419506294 37.77636887)","2024 May 28 03:15:57 PM","2024 May 28 03:15:57 PM","Hayes Valley","5"
"14738","24613000","03RD ST","MISSION","OPTICOM",,"6",,"9023200","SIGNAL","ECONOLITE","2070-TS2-1","2070-MSF-TS2-TYPE-1","74",,"YES-UPSTEALTH",,"ALL",,"GPS","PROXIM","FIRE PREEMPT","1067299200000",,,,,,,,,,,,"1956",,,"0",,"0","0","52",,,,"POINT (-122.40202542 37.786248152)","2024 May 28 03:15:57 PM","2024 May 28 03:15:57 PM","Financial District/South Beach","6"
"15258","24693000","CLAY","FRONT",,,"3",,"9277500","SIGNAL","MCCAIN","2070-TS2-1","MSF","78",,,,"ALL",,"GPS",,,"1431561600000",,,,,,,,,,,,"1973",,,"0",,"0","0","16",,,,"POINT (-122.399149419 37.795163386)","2024 May 28 03:15:57 PM","2024 May 28 03:15:57 PM","Financial District/South Beach","3"
"15885","2163201","ALEMANY","THERESA",,,"11",,"0","RADAR SPEED SIGN","3M",,,"N/A",,,,"N.A.",,,,,,,,,,,,,,,,,"2003",,,"0",,"0","0","01",,,,"POINT (-122.434686683 37.728591276)","2024 May 28 03:16:47 PM","2024 May 28 03:16:47 PM","Outer Mission","11"
"15194","26050000","DIVISADERO","FELL",,,"5",,"9297000","SIGNAL","ECONOLITE","2070-TS2-TYPE-1","2070-MSF-TS2-TYPE-1","16",,,,"ALL",,"GPS","FIBER",,"1014768000000",,,,,,,,,,,,"1955",,,"0",,"0","0","25",,,,"POINT (-122.437610624 37.774061646)","2024 May 28 03:15:57 PM","2024 May 28 03:15:57 PM","Hayes Valley","5"
"14435","20224000","03RD ST","LA SALLE","VETAG",,"10",,"9020800","SIGNAL",,"2070-TS2-TYPE-1","2070-MSF-TS2-TYPE-1","28",,,,"ALL",,"GPS","FIBER","TSP","1104969600000",,,,,,,,,,,,"2005",,,"0",,"0","0","75",,,"APS 2WIRE PH1 (10)","POINT (-122.389864463 37.737169532)","2024 May 28 03:15:57 PM","2024 May 28 03:15:57 PM","Bayview Hunters Point","10"
"15438","26349000","CENTRAL","FELL",,,"5",,"9263000","SIGNAL","ECONOLITE","2070-TS2-TYPE-1","2070-MSF-TS2-TYPE-1","16",,,,"ALL",,"GPS","FIBER",,"1016150400000",,,,,,,,,,,,"1955",,,"0",,"0","0","25",,,,"POINT (-122.444216183 37.773212067)","2024 May 28 03:16:47 PM","2024 May 28 03:16:47 PM","Lone Mountain/USF","5"
"15563","25857000","HAIGHT","OCTAVIA",,,"5,6,8",,"9422800","SIGNAL",,"2070-TS2-1","MSF-?","21",,"YES-UPSTEALTH",,"ALL",,"GPS","FIBER",,"1125532800000",,,,,,,,,,,,"2005",,,"0",,"0","0","38",,,,"POINT (-122.423758379 37.772957393)","2024 May 28 03:16:47 PM","2024 May 28 03:16:47 PM","Hayes Valley","6"
"14643","24729000","CALIFORNIA","MONTGOMERY",,,"3",,"9252500","SIGNAL","MCCAIN","2070-TS2-1","MSF","78",,,,"ALL",,"GPS",,,"1454371200000",,,,,,,,,,,,"1953",,,"0",,"0","0","10",,,,"POINT (-122.40276677 37.792851222)","2024 May 28 03:15:57 PM","2024 May 28 03:15:57 PM","Financial District/South Beach","3"
"15251","23579000","03RD ST","MISSION ROCK","VETAG,OPTICOM",,"6",,"9023500","SIGNAL","ECONOLITE","2070-TS2-1","MSF","28",,,"VIDEO","ALL",,"GPS","FIBER","TSP,FIRE PREEMPT","1134518400000",,,,,,,,,,,,"1949",,,"0",,"0","25","75",,,"APS 2WIRE PH1 (10)","POINT (-122.389716741 37.772930795)","2024 May 28 03:15:57 PM","2024 May 28 03:15:57 PM","Mission Bay","6"
"14883","24456000","GOUGH","PAGE",,,"6",,"9406500","SIGNAL","MCCAIN","2070-TS2-1","MSF65-ATC","16B",,,,"ALL",,"GPS","FIBER",,"1318377600000",,,,,,,,,,,,"1969",,,"0",,"0","0","35",,,"APS ENAV 2WIRE GOUGH (9)","POINT (-122.422407117 37.774084975)","2024 May 28 03:15:57 PM","2024 May 28 03:15:57 PM","Hayes Valley","6"
"14505","21940000","BOSWORTH","DIAMOND",,,"8",,"9208000","SIGNAL","MCCAIN","2070-TS2-1","MSF","82","MASTER-GPS",,"WIRELESS","ALL",,"GPS",,,"1447718400000",,,,,,,,,,,,"1959",,,"0",,"0","0","55",,,"APS ENAV 2WIRE GLEN PARK UPGRADE (8)","POINT (-122.434144537 37.733550343)","2024 May 28 03:15:57 PM","2024 May 28 03:15:57 PM","Glen Park","8"
"15599","5760000","FRANCISCO","MIDBLOCK",,"POWELL","3","STOCKTON","9357200","BEACON - RRFB","JSF","AB-9X07",,"BEACON",,,,"n.a.","YES",,,,,,,,,,,,,,,,"2016",,,"0",,"0","0",,,,,"POINT (-122.411112275 37.804977141)","2024 May 28 03:16:47 PM","2024 May 28 03:16:47 PM","North Beach","3"
"14701","25149000","ELLIS","LARKIN",,,"5",,"9319500","SIGNAL","EAGLE","2070-TS2-1","MSF","78",,,,"ALL",,"GPS",,,"1308182400000",,,,,,,,,,,,"1955",,,"0",,"0","0","45",,,,"POINT (-122.41770675 37.784235739)","2024 May 28 03:15:57 PM","2024 May 28 03:15:57 PM","Tenderloin","5"
"14641","24716000","BUSH","MONTGOMERY","OPTICOM",,"3",,"9236500","SIGNAL","EAGLE","2070-TS2-1","MSF","78",,,,"ALL",,"GPS","PROXIM","FIRE PREEMPT","1278460800000",,,,,,,,,,,,"1949",,,"0",,"0","0","08",,,,"POINT (-122.402380402 37.79096861)","2024 May 28 03:15:57 PM","2024 May 28 03:15:57 PM","Financial District/South Beach","3"
"14980","24189000","ALAMEDA","POTRERO","OPTICOM",,"6,9",,"9159500","SIGNAL","ECONOLITE","2070-TS2-1","G","77",,,"WIRELESS","ALL","YES","GPS","PROXIM","FIRE PREEMPT","1326844800000",,,,,,,,,,,,"1948",,,"0",,"0","0","67",,,"APS ENAV 2WIRE POTRERO (8)","POINT (-122.407813487 37.768353721)","2024 May 28 03:15:57 PM","2024 May 28 03:15:57 PM","Mission","9"
"15023","24055000","16TH ST","HARRISON",,"TREAT","9",,"9086500","SIGNAL","MCCAIN","2070-TS2-1","MSF","64",,,,"ALL",,"GPS","PROXIM",,"1237248000000",,,,,,,,,,,,"1962",,,"0",,"0","0","39",,,"PENDING","POINT (-122.413105243 37.765447608)","2024 May 28 03:15:57 PM","2024 May 28 03:15:57 PM","Mission","9"
"15637","27229000","GEARY","PALM","OPTICOM",,"2",,"9384300","SIGNAL","MCCAIN","2070-TS2-1","MSF","15",,,,"ALL",,"GPS","PROXIM","TSP,FIRE PREEMPT","1412640000000",,,,,,,,,,,,"2014",,,"0",,"0","0","31",,,"APS ENAV 4WIRE CT61 (6)","POINT (-122.457733044 37.781314586)","2024 May 28 03:16:47 PM","2024 May 28 03:16:47 PM","Lone Mountain/USF","2"
"15676","34167000","04TH ST","CHANNEL","VETAG",,"6",,"9028300","SIGNAL","ECONOLITE","2070-TS2-TYPE-1","2070-MSF-TS2-TYPE-1","28",,,"VIDEO","ALL",,"GPS","FIBER","TSP,BRIDGE PREEMPT","1145577600000",,,,,,,,,,,,"2006",,,"0",,"0","0","23",,,"APS 2WIRE PCS3 (8)","POINT (-122.391634135 37.77432755)","2024 May 28 03:16:47 PM","2024 May 28 03:16:47 PM","Mission Bay","6"
"15879","52257000","MISSION","US-101 N OFF RAMP",,,"6",,"0","PENDING BEACON",,,,,,,,,,,,,,,,,,,,,,,,,"0",,,"0",,"0","0",,,,,"POINT (-122.419758525 37.770672595)","2024 May 28 03:16:47 PM","2024 May 28 03:16:47 PM","Mission","6"
"14773","26552000","VALLEJO","VAN NESS","OPTICOM",,"2,3",,"9542000","SIGNAL","MCCAIN","2070-TS2-1","352i-ATC","13",,,,"ALL",,"GPS",,"TSP,FIRE PREEMPT","1478908800000",,,,,,,,,,,,"1948","101(b)",,"50","X","50","0","80",,,"APS iNS 2WIRE VAN NESS (10)","POINT (-122.423601297 37.796691059)","2024 May 28 03:15:57 PM","2024 May 28 03:15:57 PM","Marina","3"
"14648","24439000","LARKIN","MCALLISTER","OPTICOM",,"5",,"9458500","SIGNAL","ECONOLITE","2070-TS2-1","MSF-TS2-1?????","78",,,,"ALL",,"GPS","PROXIM","FIRE PREEMPT","1111449600000",,,,,,,,,,,,"1948",,,"0",,"0","0","45",,,"APS 4WIRE PH2 (8)","POINT (-122.416947605 37.780470341)","2024 May 28 03:15:57 PM","2024 May 28 03:15:57 PM","Tenderloin","5"
"14467","33718000","19TH AVE","WINSTON",,,"7",,"9113000","SIGNAL","MCCAIN","2070-TS2-1","352i-ATC","61","MASTER-GPS","2003 CANDIDATE",,"ALL",,"GPS",,,"1352592000000",,,,,,,,,,,,"1951","1(a)",,"50","X","50","0","56",,,"APS iNS 2WIRE 19thAV PH3 (6)","POINT (-122.474900344 37.7269907)","2024 May 28 03:15:57 PM","2024 May 28 03:15:57 PM","Lakeshore","7"
"15482","5871000","FRONT","MIDBLOCK",,"CLAY","3","SACRAMENTO","9372500","SIGNAL","MCCAIN","2070-TS2-1","G","78",,,,"ALL",,"GPS",,,"1459296000000",,,,,,,,,,,,"1986",,,"100","X","0","0","16",,,,"POINT (-122.39904905 37.794727457)","2024 May 28 03:16:47 PM","2024 May 28 03:16:47 PM","Financial District/South Beach","3"
"14807","26608000","BUSH","FILLMORE","OPTICOM",,"5",,"9230500","SIGNAL","ECONOLITE","2070-TS2-TYPE-1","2070-MSF-TS2-TYPE-1","73",,,,"ALL",,"GPS","PROXIM","TSP-Planned,FIRE PREEMPT","1077148800000",,,,,,,,,,,,"1949",,,"0",,"0","0","09",,,,"POINT (-122.433459917 37.787020668)","2024 May 28 03:15:57 PM","2024 May 28 03:15:57 PM","Pacific Heights","5"
"15559","27611000","12TH AVE","CALIFORNIA","OPTICOM",,"1",,"9070100","SIGNAL","EAGLE","2070-TS2-TYPE-1","2070-MSF-TS2-TYPE-1","14A","MASTER-GPS",,,"ALL",,"GPS","PROXIM","TSP,FIRE PREEMPT","1070928000000",,,,,,,,,,,,"2002",,,"0",,"0","0","11",,,,"POINT (-122.470981595 37.784524361)","2024 May 28 03:16:47 PM","2024 May 28 03:16:47 PM","Inner Richmond","1"
"14499","21703000","MISSION","TRUMBULL","OPTICOM",,"11",,"9492000","SIGNAL","MCCAIN","2070-TS2-1","MSF","67",,,,"ALL",,"GPS","PROXIM","TSP,FIRE PREEMPT","1363478400000",,,,,,,,,,,,"1976",,,"0",,"0","0","54",,,"APS 2WIRE AS-NEEDED PAVING (6)","POINT (-122.429304397 37.730742173)","2024 May 28 03:15:57 PM","2024 May 28 03:15:57 PM","Outer Mission","11"
"14671","24904000","O'FARRELL","POWELL","OPTICOM",,"3",,"9497000","SIGNAL","ECONOLITE","2070-TS2-1","G","78",,,,"ALL",,"GPS","PROXIM","FIRE PREEMPT","1320364800000",,,,,,,,,,,,"1957",,,"0",,"0","0","60",,,"PENDING","POINT (-122.408036236 37.786409613)","2024 May 28 03:15:57 PM","2024 May 28 03:15:57 PM","Tenderloin","3"
"15768","24054000","17TH ST","HARRISON",,,"9",,"0","SIGNAL","MCCAIN","2070-TS2-1","MSF65-ATC","ISOLATED",,,,"ALL",,"GPS",,,"1583366400000",,,,,,,,,,,,"2020",,,"0",,"0","0","37",,,"APS ENAV WIRE 16TH ST (8)","POINT (-122.413002684 37.764090861)","2024 May 28 03:16:47 PM","2024 May 28 03:16:47 PM","Mission","9"
"15296","24522000","01ST ST","FOLSOM",,,"6",,"9001000","SIGNAL","EAGLE","2070-TS2-1","MSF","74","MASTER-GPS",,,"ALL",,"GPS",,,"1274227200000",,,,,,,,,,,,"1957",,,"0",,"0","0","27",,"CHECK CAB","APS INAV 2WIRE FOLSOM (8)","POINT (-122.394481273 37.787298215)","2024 May 28 03:15:57 PM","2024 May 28 03:15:57 PM","Financial District/South Beach","6"
"14662","25156000","HYDE","POST","OPTICOM",,"3",,"9434500","SIGNAL","ECONOLITE","2070-TS2-TYPE-1","2070-MSF-TS2-TYPE-1","78",,,,"ALL",,"GPS","PROXIM","TSP,FIRE PREEMPT","1048377600000",,,,,,,,,,,,"1957",,,"0",,"0","0","66",,,,"POINT (-122.416638697 37.78724521)","2024 May 28 03:15:57 PM","2024 May 28 03:15:57 PM","Nob Hill","3"
"15085","23205000","19TH AVE","PACHECO","OPTICOM",,"4,7",,"9108500","SIGNAL","ECONOLITE","2070-TS2-1","332","36",,,"WIRELESS&LOOPS","ALL","YES","GPS","FIBER","TSP,FIRE PREEMPT","1242777600000",,,,,,,,,,,,"1946","1(a)",,"50","X","50","0","56",,,"PENDING","POINT (-122.476163214 37.750512277)","2024 May 28 03:15:57 PM","2024 May 28 03:15:57 PM","Sunset/Parkside","7"
"14889","25481000","MASON","NORTH POINT",,,"3",,"9477500","SIGNAL","ECONOLITE","2070-TS2-1","G","11A",,,,"ALL",,"GPS",,,"1312156800000",,,,,,,,,,,,"1976",,,"0",,"0","0","57",,"X",,"POINT (-122.41378666 37.806554633)","2024 May 28 03:15:57 PM","2024 May 28 03:15:57 PM","North Beach","3"
"15146","27231000","02ND AVE","GEARY","OPTICOM",,"1",,"9003000","SIGNAL","ECONOLITE","2070-TS2-1","MSF","15",,,,"ALL",,"GPS","PROXIM","TSP,FIRE PREEMPT","1081382400000",,,,,,,,,,,,"1959",,,"0",,"0","0","31",,"CK CAB",,"POINT (-122.459999658 37.781213478)","2024 May 28 03:15:57 PM","2024 May 28 03:15:57 PM","Inner Richmond","1"
"14549","23453000","45TH AVE","SLOAT",,,"4,7",,"9157500","SIGNAL","EAGLE","2070-TS2-1","G","ISOLATED",,,"WIRELESS","SOME PHASES","YES",,,,"1279756800000",,,,,,,,,,,,"1954",,,"0",,"0","0","36",,,,"POINT (-122.503104759 37.735466491)","2024 May 28 03:15:57 PM","2024 May 28 03:15:57 PM","Sunset/Parkside","7"
"15103","32856000","JOHN F KENNEDY","STANYAN",,,"1,5",,"9443000","SIGNAL","ECONOLITE","2070-TS2-TYPE-1","2070-MSF-TS2-TYPE-1","16",,"2003 CANDIDATE",,"ALL",,"GPS","FIBER,SIKLU",,"1017878400000",,,,,,,,,,,,"1953",,,"0",,"0","0","72",,,,"POINT (-122.453979522 37.771428395)","2024 May 28 03:15:57 PM","2024 May 28 03:15:57 PM","Golden Gate Park","5"
"15767","24533000","FREMONT","NATOMA",,"TRANSBAY TERMINAL","6",,"9371700","SIGNAL","MCCAIN","2070-TS2-1","MSF TALL","74",,,"WIRELESS","ALL",,"GPS",,,"1529107200000",,,,,,,,,,,,"2018",,,"0",,"0","0","41",,,"APS 2WIRE TRANSBAY (12)","POINT (-122.395685123 37.789660448)","2024 May 28 03:16:47 PM","2024 May 28 03:16:47 PM","Financial District/South Beach","6"
"14752","26705000","BAY","VAN NESS","OPTICOM",,"2",,"9196000","SIGNAL","MCCAIN","2070-TS2-1","352i-ATC","11","MASTER-GPS","YES",,"ALL",,"GPS","12C","FIRE PREEMPT","1172620800000",,,,,,,,,,,,"1948",,,"0",,"0","0","03",,,"APS iNS 2WIRE VAN NESS (8)","POINT (-122.425109521 37.804145846)","2024 May 28 03:15:57 PM","2024 May 28 03:15:57 PM","Russian Hill","2"
"14736","24311000","08TH ST","MISSION","OPTICOM",,"6",,"9057000","SIGNAL","MCCAIN","2070-TS2-1","MSF TALL","75",,"YES-UPSTEALTH",,"ALL",,"GPS","PROXIM","TSP,FIRE PREEMPT","1060128000000",,,,,,,,,,,,"1956",,,"0",,"0","0","52",,,"APS iNAV 3WIRE CITYWIDE NEW APS (9)","POINT (-122.413157691 37.77745742)","2024 May 28 03:15:57 PM","2024 May 28 03:15:57 PM","South of Market","6"
"14530","20574000","BAYSHORE","PAUL",,,"9,10",,"9199500","SIGNAL","MCCAIN","2070-TS2-1","MSF","ISOLATED",,,"WIRELESS","ALL","YES","GPS",,"TSP-Planned","1416441600000",,,,,,,,,,,,"1955",,,"0",,"0","0","04",,,"APS 2WIRE BAYSHORE PAUL (8)","POINT (-122.400784748 37.723616209)","2024 May 28 03:15:57 PM","2024 May 28 03:15:57 PM","Bayview Hunters Point","10"
"14817","26594000","GEARY","STEINER","OPTICOM",,"5",,"9387000","SIGNAL","MCCAIN","2070-TS2-1","MSF72","72",,,,"ALL",,,"FIBER","TSP,FIRE PREEMPT","1311811200000",,,,,,,,,,,,"1961",,,"0",,"0","0","31",,,"APS iNS 2WIRE GEARY RAPID (15)","POINT (-122.434562099 37.784151864)","2024 May 28 03:15:57 PM","2024 May 28 03:15:57 PM","Western Addition","5"
"14824","25956000","FULTON","WEBSTER",,,"5",,"9378500","SIGNAL","ECONOLITE","2070-TS2-1","G","71",,,,"ALL",,"GPS",,,"1320364800000",,,,,,,,,,,,"1972",,,"0",,"0","0","30",,,,"POINT (-122.4298492 37.777919296)","2024 May 28 03:15:57 PM","2024 May 28 03:15:57 PM","Western Addition","5"
"15453","24575000","CLAY","DRUMM","OPTICOM",,"3",,"9276500","SIGNAL","MCCAIN","2070-TS2-1","MSF","78",,,,"ALL",,"GPS","PROXIM","FIRE PREEMPT","1437436800000",,,,,,,,,,,,"1991",,,"0",,"0","0","16",,,,"POINT (-122.396771573 37.795466115)","2024 May 28 03:16:47 PM","2024 May 28 03:16:47 PM","Financial District/South Beach","3"
"14717","23907000","04TH ST","CLARA",,,"6",,"9028500","SIGNAL","MCCAIN","2070-TS2-1","MSF","75",,,,"ALL",,"GPS","FIBER",,"1130976000000",,,,,,,,,,,,"1986",,,"0",,"0","0","39",,,,"POINT (-122.400149637 37.78121752)","2024 May 28 03:15:57 PM","2024 May 28 03:15:57 PM","South of Market","6"
"15313","23555000","03RD ST","22ND ST","VETAG",,"10",,"9010300","SIGNAL","ECONOLITE","2070-TS2-TYPE-1","2070-MSF-TS2-TYPE-1","28",,,"VIDEO","ALL","YES","GPS","FIBER","TSP","1124323200000",,,,,,,,,,,,"1949",,,"0",,"0","0","75",,,,"POINT (-122.388315531 37.757939706)","2024 May 28 03:15:57 PM","2024 May 28 03:15:57 PM","Potrero Hill","10"
"14844","24467000","FRANKLIN","MCALLISTER","OPTICOM",,"5",,"9363000","SIGNAL","MCCAIN","2070-TS2-1","MSF","49",,,,"ALL",,"GPS","FIBERPROXIM","FIRE PREEMPT","1381968000000",,,,,,,,,,,,"1953",,,"0",,"0","0","28",,,"APS ENAV 2WIRE FRANKLIN (8)","POINT (-122.421891572 37.779890106)","2024 May 28 03:15:57 PM","2024 May 28 03:15:57 PM","Western Addition","5"
"15497","26796000","CERVANTES","MARINA",,"SCOTT","2",,"9264500","SIGNAL","ECONOLITE","2070-TS2-1","MSF","12","MASTER-GPS",,,"ALL",,"GPS",,,"1302048000000",,,,,,,,,,,,"1954",,,"0",,"0","0","48",,,,"POINT (-122.442209785 37.805786275)","2024 May 28 03:16:47 PM","2024 May 28 03:16:47 PM","Marina","2"
"14731","24246000","09TH ST","FOLSOM","OPTICOM",,"6",,"9060500","SIGNAL","MCCAIN","2070-TS2-1","MSF","75",,,,"ALL",,"GPS","PROXIM","TSP,FIRE PREEMPT","1441065600000",,,,,,,,,,,,"1956",,,"0",,"0","0","27",,,,"POINT (-122.411610117 37.773769346)","2024 May 28 03:15:57 PM","2024 May 28 03:15:57 PM","South of Market","6"
"15426","24133000","18TH ST","CAPP",,,"9",,"9096500","SIGNAL","MCCAIN","2070-TS2-1","MSF","22",,,,"ALL",,"GPS",,,"1433203200000",,,,,,,,,,,,"1999",,,"0",,"0","0","53",,,,"POINT (-122.41827132 37.761901563)","2024 May 28 03:16:47 PM","2024 May 28 03:16:47 PM","Mission","9"
"15876","33273000","SAN BRUNO","WOOLSEY",,,"9",,"0","BEACON - RRFB","JSF","AB-9X07",,"BEACON",,,,"n.a.","YES",,,,,,,,,,,,,,,,"2023",,,"0",,"0","0","04",,,"APS iNX BY SRC (4)","POINT (-122.402600411 37.725235112)","2024 May 28 03:16:47 PM","2024 May 28 03:16:47 PM","Portola","9"
"14840","25196000","FRANKLIN","O'FARRELL","OPTICOM","STARR KING","2",,"9363500","SIGNAL","MCCAIN","2070-TS2-1","MSF","49",,,,"ALL",,"GPS","FIBER","TSP,FIRE PREEMPT","1383177600000",,,,,,,,,,,,"1957",,,"0",,"0","0","28",,,,"POINT (-122.422838086 37.78454661)","2024 May 28 03:15:57 PM","2024 May 28 03:15:57 PM","Western Addition","2"
"14412","30056000","DAVIS","WASHINGTON",,,"3",,"9294900","SIGNAL","MCCAIN","2070-TS2-1","MSF65-ATC","78",,,,"ALL",,"GPS",,,"1569110400000",,,,,,,,,,,,"2001",,,"0",,"0","0","81",,,,"POINT (-122.398152067 37.796186072)","2024 May 28 03:15:57 PM","2024 May 28 03:15:57 PM","Financial District/South Beach","3"
"15682","8848000","MASONIC","MIDBLOCK",,"FULTON","1,2","MCALLISTER","0","RADAR SPEED SIGN",,,,"N/A",,,,"N.A.",,,,,,,,,,,,,,,,,"2010",,,"0",,"0","0","30",,,,"POINT (-122.446572255 37.776305842)","2024 May 28 03:16:47 PM","2024 May 28 03:16:47 PM","Lone Mountain/USF","1"
"15659","20657000","03RD ST","PERRY","OPTICOM",,"6",,"9024300","SIGNAL","MCCAIN","2070-TS2-1","MSF","74",,,"WIRELESS","ALL","YES","GPS","PROXIM","FIRE PREEMPT","1393804800000",,,,,,,,,,,,"2014",,,"0",,"0","0","07",,,"APS 2WIRE GGT (6)","POINT (-122.396841427 37.782119122)","2024 May 28 03:16:47 PM","2024 May 28 03:16:47 PM","South of Market","6"
"15771","23787000","16TH ST","MISSOURI","OPTICOM",,"6,10",,"9087600","SIGNAL","MCCAIN","2070-TS2-1","MSF65-ATC","76",,,,"ALL",,"GPS","FIBER","TSP,FIRE PREEMPT","1590969600000",,,,,,,,,,,,"2020",,,"0",,"0","0","15",,,"APS ENAV 2WIRE 16TH ST (6)","POINT (-122.396897104 37.766429969)","2024 May 28 03:16:47 PM","2024 May 28 03:16:47 PM","Mission Bay","10"
"14804","26527000","LAGUNA","PINE",,,"5",,"9454500","SIGNAL","EAGLE","2070-TS2-1","MSF-TS2-TYPE-1????","73",,,,"ALL",,"GPS",,,"1011312000000",,,,,,,,,,,,"1949",,,"0",,"0","0","63",,,"APS iNS 3WIRE CITYWIDE NEW APS (11)","POINT (-122.428712111 37.788577068)","2024 May 28 03:15:57 PM","2024 May 28 03:15:57 PM","Pacific Heights","5"
"15763","26589000","FILLMORE","O'FARRELL","OPTICOM",,"5",,"9349700","SIGNAL","MCCAIN","2070-TS2-1","MSF","73",,,,"ALL",,"GPS",,"TSP,FIRE PREEMPT","1529539200000",,,,,,,,,,,,"2018",,,"0",,"0","0","31",,,"APS iNS 2WIRE IN-HOUSE (6)","POINT (-122.43270618 37.783292592)","2024 May 28 03:16:47 PM","2024 May 28 03:16:47 PM","Western Addition","5"
"15629","23407000","SANTIAGO","SUNSET",,,"4",,"9532300","SIGNAL","MCCAIN","2070-TS2-1","MSF","37",,,"WIRELESS","ALL","YES","GPS",,"TSP-Planned","1387411200000",,,,,,,,,,,,"2013",,,"0",,"0","0","73",,,"APS ENAV 2WIRE SUNSET (10)","POINT (-122.494573843 37.744091857)","2024 May 28 03:16:47 PM","2024 May 28 03:16:47 PM","Sunset/Parkside","4"
"14930","25109000","MASON","PACIFIC","MECHANICAL",,"3",,"9478500","SIGNAL","EAGLE","2070-TS2-TYPE-1","G","ISOLATED",,,,"ALL",,,,"CABLE CAR PREEMPTION","1241481600000",,,,,,,,,,,,"1965",,,"0",,"0","0","61",,"X",,"POINT (-122.411718938 37.796290765)","2024 May 28 03:15:57 PM","2024 May 28 03:15:57 PM","Chinatown","3"
"14718","23919000","06TH ST","HARRISON","OPTICOM",,"6",,"9043500","SIGNAL","MCCAIN","2070-TS2-1","MSF TALL","75",,,,"ALL",,"GPS","FIBER","TSP,FIRE PREEMPT","1132617600000",,,,,,,,,,,"FUTURE","1955",,,"0",,"0","0","39",,,,"POINT (-122.404070257 37.777272703)","2024 May 28 03:15:57 PM","2024 May 28 03:15:57 PM","South of Market","6"
"15172","27653000","25TH AVE","CALIFORNIA","OPTICOM",,"1",,"9141500","SIGNAL","MCCAIN","2070-TS2-1","MSF","69",,,,"ALL",,"GPS","PROXIM","FIRE PREEMPT","1401753600000",,,,,,,,,,,,"1959",,,"0",,"0","0","11",,,,"POINT (-122.485010944 37.783882235)","2024 May 28 03:15:57 PM","2024 May 28 03:15:57 PM","Outer Richmond","1"
"15495","23964000","22ND ST WEST","POTRERO","OPTICOM",,"9,10",,"9129500","SIGNAL","MCCAIN","2070-TS2-1","MSF","23",,,,"ALL",,"GPS","FIBER,PROXIM","TSP,FIRE PREEMPT","1365638400000",,,,,,,,,,,,"1948",,,"0",,"0","0","67",,,"APS ENAV 2WIRE POTRERO STSCAPE (6)","POINT (-122.406633693 37.756166565)","2024 May 28 03:16:47 PM","2024 May 28 03:16:47 PM","Mission","10"
"14614","24958000","SUTTER","TAYLOR","OPTICOM",,"3",,"9537500","SIGNAL","MCCAIN","2070-TS2-1","MSF","78",,,,"ALL",,"GPS","PROXIM","TSP,FIRE PREEMPT","1303862400000",,,,,,,,,,,,"1957",,,"0",,"0","0","74",,,,"POINT (-122.411885657 37.788807544)","2024 May 28 03:15:57 PM","2024 May 28 03:15:57 PM","Nob Hill","3"
"15592","26362000","BAKER","TURK",,,"2",,"9182700","SIGNAL","ECONOLITE","2070-TS2-TYPE-1","ECONOLITE-MSF-STD","71",,,,"ALL",,"GPS",,,"1229472000000",,,,,,,,,,,,"2008",,,"0",,"0","0","77",,,,"POINT (-122.442053309 37.77924403)","2024 May 28 03:16:47 PM","2024 May 28 03:16:47 PM","Lone Mountain/USF","2"
"15171","27286000","06TH AVE","CLEMENT","OPTICOM",,"1",,"9039000","SIGNAL","MCCAIN","2070-TS2-1","MSF","48","MASTER-GPS",,,"ALL",,"GPS","PROXIM","TSP,FIRE PREEMPT","1459209600000",,,,,,,,,,,,"1961",,,"0",,"0","0","02",,,,"POINT (-122.464425025 37.782939934)","2024 May 28 03:15:57 PM","2024 May 28 03:15:57 PM","Inner Richmond","1"
"14422","24070000","24TH ST","CAPP","OPTICOM",,"9",,"9135200","SIGNAL","ECONOLITE","2070-TS2-TYPE-1","2070-MSF-TS2-TYPE-1","64",,,,"ALL",,"GPS","SIKLU","TSP,FIRE PREEMPT","1031184000000",,,,,,,,,,,,"2002",,,"0",,"0","0","53",,,,"POINT (-122.417357817 37.752305978)","2024 May 28 03:15:57 PM","2024 May 28 03:15:57 PM","Mission","9"
"15872","26451000","CLAYTON","FULTON",,,"1,5",,"0","PENDING BEACON",,,,,,,,,,,,,,,,,,,,,,,,,"0",,,"0",,"0","0",,,,,"POINT (-122.449707827 37.775389942)","2024 May 28 03:16:47 PM","2024 May 28 03:16:47 PM","Lone Mountain/USF","5"
"14465","33541000","FONT","LAKE MERCED",,,"7",,"9355500","SIGNAL","MCCAIN","2070-TS2-1","MSF","39",,,"LOOPS","ALL","YES","GPS",,,"1053561600000",,,,,,,,,,,,"1974",,,"0",,"0","0","44",,,,"POINT (-122.485075178 37.723999727)","2024 May 28 03:15:57 PM","2024 May 28 03:15:57 PM","Lakeshore","7"
"14652","24429000","08TH ST","GROVE",,"HYDE","5,6","MARKET","9056500","SIGNAL","MCCAIN","2070-TS2-1","MSF","01D",,,,"ALL",,"GPS","FIBER",,"1456963200000",,,,,,,,,,,,"1954",,,"0",,"0","0","50",,,"APS 4WIRE PH1 (8)","POINT (-122.414741222 37.778719429)","2024 May 28 03:15:57 PM","2024 May 28 03:15:57 PM","Tenderloin","6"
"15622","23914000","BOARDMAN","BRYANT","OPTICOM",,"6",,"9207300","SIGNAL","MCCAIN","2070-TS2-1","MSF","75",,,,"ALL",,"GPS","12C,PROXIM","TSP,FIRE PREEMPT","1192665600000",,,,,,,,,,,,"2007",,,"0",,"0","0","07",,,,"POINT (-122.403635518 37.775160811)","2024 May 28 03:16:47 PM","2024 May 28 03:16:47 PM","South of Market","6"
"15080","23196000","19TH AVE","SANTIAGO","OPTICOM",,"4,7",,"9110000","SIGNAL","ECONOLITE","2070-TS2-1","332","36",,,"LOOPS","ALL","YES","GPS","FIBER","TSP,FIRE PREEMPT","1249344000000",,,,,,,,,,,,"1946","1(a)",,"50","X","50","0","56",,,"PENDING","POINT (-122.475773242 37.744918718)","2024 May 28 03:15:57 PM","2024 May 28 03:15:57 PM","Sunset/Parkside","7"
"15743","27083000","05TH AVE","IRVING",,,"7",,"0","BEACON - RRFB","JSF","AB-9X07",,"BEACON",,,,"N.A.","YES",,,,,,,,,,,,,,,,"2019",,,"0",,"0","0","46",,,,"POINT (-122.462030541 37.764224838)","2024 May 28 03:16:47 PM","2024 May 28 03:16:47 PM","Inner Sunset","7"
"14942","21897000","CESAR CHAVEZ","GUERRERO",,,"8,9",,"9266500","SIGNAL","ECONOLITE","2070-TS2-1","MSF","24",,"2003 CANDIDATE",,"ALL",,"GPS",,,"1302739200000",,,,,,,,,,,,"1949",,,"0",,"0","0","14",,,"APS 4WIRE CESAR CHAVEZ STSCAPE (8)","POINT (-122.422487364 37.74801345)","2024 May 28 03:15:57 PM","2024 May 28 03:15:57 PM","Mission","8"
"15901","23936000","FALMOUTH","FOLSOM",,,"6",,"0","PENDING SIGNAL",,,,,,,,"PENDING",,,,,,,,,,,,,,,,,"0",,,"0",,"0","0","27",,,"PENDING","POINT (-122.404418038 37.779435389)","2024 May 28 03:16:47 PM","2024 May 28 03:16:47 PM","South of Market","6"
"14459","52261000","GENEVA","I-280 N ON & OFF RAMPS",,,"11",,"0","CALTRANS",,,"332","CALTRANS",,,,"ALL",,,,,,,,,,,,,,,,,"1976","280","X","50",,"50","0","not ours",,,"PENDING","POINT (-122.447751554 37.721155307)","2024 May 28 03:15:57 PM","2024 May 28 03:15:57 PM","Outer Mission","11"
"14593","30748000","MARKET","SOUTH VAN NESS","OPTICOM","VAN NESS","6",,"9475300","SIGNAL","MCCAIN","2070-TS2-1","352i-ATC","16B",,"YES-UPSTEALTH",,"ALL",,"GPS",,"FIRE PREEMPT","1434499200000",,,,,,,,,,,,"1950","101(b)",,"50","X","50","0","50",,,"APS iNS 2WIRE VAN NESS (10)","POINT (-122.419255606 37.775147074)","2024 May 28 03:15:57 PM","2024 May 28 03:15:57 PM","Mission","6"
"15206","26070000","DIVISADERO","GOLDEN GATE","OPTICOM",,"5",,"9298500","SIGNAL","MCCAIN","2070-TS2-1","G","71",,,,"PENDING",,"GPS","WIRELESS","TSP,FIRE PREEMPT","1455753600000",,,,,,,,,,,,"1955",,,"0",,"0","0","34",,,"PENDING","POINT (-122.438552278 37.778724108)","2024 May 28 03:15:57 PM","2024 May 28 03:15:57 PM","Western Addition","5"
"15709","25683000","19TH ST","DOLORES",,,"8",,"9113200","SIGNAL","MCCAIN","2070-TS2-1","MSF","64",,,,"ALL",,"GPS",,,"1504224000000",,,,,,,,,,,,"2017",,,"0",,"0","0","19",,,"APS ENAV 2WIRE CT63 (6)","POINT (-122.425920302 37.759829613)","2024 May 28 03:16:47 PM","2024 May 28 03:16:47 PM","Castro/Upper Market","8"
"14838","25941000","GOUGH","MCALLISTER",,,"5",,"9404500","SIGNAL","MCCAIN","2070-TS2-1","G","49",,,,"ALL",,"GPS","FIBER",,"1250726400000",,,,,,,,,,,,"1953",,,"0",,"0","0","35",,,"APS iNAV 3WIRE GOUGH (8)","POINT (-122.423541307 37.779673586)","2024 May 28 03:15:57 PM","2024 May 28 03:15:57 PM","Western Addition","5"
"15335","25261000","HYDE","WASHINGTON","MECHANICAL",,"3",,"9436500","SIGNAL","EAGLE","2070-TS2-TYPE-1","G","06",,,,"ALL",,"GPS",,"CABLE CAR PREEMPTION","1241049600000",,,,,,,,,,,,"1974",,,"0",,"0","0","81",,,,"POINT (-122.417935758 37.793683785)","2024 May 28 03:15:57 PM","2024 May 28 03:15:57 PM","Russian Hill","3"
"15685","8371201","LINCOLN","MIDBLOCK",,"33RD AVE","4","34TH AVE","9465700","BEACON","RTC",,,"BEACON",,,,"n.a.",,,,,,,,,,,,,,,,,"2015",,,"0",,"0","0","73",,,,"POINT (-122.492540029 37.764814016)","2024 May 28 03:16:47 PM","2024 May 28 03:16:47 PM","Golden Gate Park","4"
"14976","24004000","18TH ST","POTRERO","OPTICOM",,"9,10",,"9100500","SIGNAL","MCCAIN","2070-TS2-1","MSF","23",,,,"ALL",,"GPS","FIBER,PROXIM","TSP,FIRE PREEMPT","1369612800000",,,,,,,,,,,,"1948",,,"0",,"0","0","67",,,,"POINT (-122.407187488 37.761935878)","2024 May 28 03:15:57 PM","2024 May 28 03:15:57 PM","Mission","9"
"15365","26629000","BUSH","STEINER",,,"2,5",,"9240000","SIGNAL","ECONOLITE","2070-TS2-TYPE-1","2070-MSF-TS2-TYPE-1","73","MASTER-GPS",,,"ALL",,"GPS",,,"1076457600000",,,,,,,,,,,,"1949",,,"0",,"0","0","09",,,,"POINT (-122.435105769 37.786810542)","2024 May 28 03:15:57 PM","2024 May 28 03:15:57 PM","Pacific Heights","5"
"15680","8773101","MARKET","MIDBLOCK",,"HATTIE","8","MERRITT (EB)","0","RADAR SPEED SIGN",,,,"N/A",,,,"N.A.",,,,,,,,,,,,,,,,,"0",,,"0",,"0","0",,,,,"POINT (-122.441804649 37.761029489)","2024 May 28 03:16:47 PM","2024 May 28 03:16:47 PM","Castro/Upper Market","8"
"15424","24111000","22ND ST","MISSION","OPTICOM",,"9",,"9127500","SIGNAL","MCCAIN","2070-TS2-1","MSF65-ATC","64",,,,"ALL",,"GPS","PROXIM","TSP,FIRE PREEMPT","1193875200000",,,,,,,,,,,,"1953",,,"0",,"0","0","53",,,,"POINT (-122.418747574 37.755436936)","2024 May 28 03:16:47 PM","2024 May 28 03:16:47 PM","Mission","9"
"14756","26722000","LAGUNA","LOMBARD","OPTICOM",,"2",,"9453000","SIGNAL","MCCAIN","2070-TS2-1","342","13",,"YES-UPSTEALTH",,"ALL",,"GPS","FIBER","TSP,FIRE PREEMPT","1143504000000",,,,,,,,,,,,"1947","480(b)",,"50","X","50","0","47",,,"PENDING","POINT (-122.431115291 37.800469218)","2024 May 28 03:15:57 PM","2024 May 28 03:15:57 PM","Marina","2"
"14764","26704000","NORTH POINT","POLK",,,"2",,"9495500","SIGNAL","MCCAIN","2070-TS2-1","MSF","11A",,,,"ALL",,"GPS","12C",,"1341619200000",,,,,,,,,,,,"1975",,,"0",,"0","0","57",,,"APS ENAV 4WIRE POLK STSCAPE (12)","POINT (-122.423655075 37.805286984)","2024 May 28 03:15:57 PM","2024 May 28 03:15:57 PM","Russian Hill","2"
"15132","27213000","ARGUELLO","BALBOA",,"TURK","1",,"9171500","SIGNAL","MCCAIN","2070-TS2-1","MSF65-ATC","44",,,,"ALL",,"GPS",,,"1459900800000",,,,,,,,,,,,"1969",,,"0",,"0","0","02",,,"APS iNAV 2WIRE ARGUELLO (8)","POINT (-122.45858063 37.777253918)","2024 May 28 03:15:57 PM","2024 May 28 03:15:57 PM","Lone Mountain/USF","1"
"14856","30756000","MARKET","OCTAVIA",,"US-101 ON & OFF RAMPS","6,8",,"9474000","SIGNAL","XXXXX","2070-TS2-1","XXXMSF-TS2-TYPE-1","21",,"YES-UPSTEALTH",,"ALL",,"GPS","FIBER",,"1123718400000",,,,,,,,,,,"YES-NRT ONLY","1950",,,"25","X","75","0","49",,"X",,"POINT (-122.423396761 37.771885645)","2024 May 28 03:15:57 PM","2024 May 28 03:15:57 PM","Mission","8"
"15211","26486000","STANYAN","TURK",,,"1",,"9533500","SIGNAL","MCCAIN","2070-TS2-1","G","44",,,,"PENDING",,"GPS",,,"1537401600000",,,,,,,,,,,,"1965",,,"0",,"0","0","72",,,"PENDING","POINT (-122.455216942 37.777599279)","2024 May 28 03:15:57 PM","2024 May 28 03:15:57 PM","Lone Mountain/USF","1"
"15387","26531000","BUCHANAN","BUSH",,,"5",,"9223000","SIGNAL","ECONOLITE","2070-TS2-TYPE-1","2070-MSF-TS2-TYPE-1","73",,,,"ALL",,"GPS",,,"1076457600000",,,,,,,,,,,,"1949",,,"0",,"0","0","09",,,,"POINT (-122.430168382 37.787440825)","2024 May 28 03:15:57 PM","2024 May 28 03:15:57 PM","Pacific Heights","5"
"14708","24960000","GEARY","JONES","OPTICOM",,"3,5",,"9381000","SIGNAL","ECONOLITE","2070-TS2-TYPE-1","2070-MSF-TS2-TYPE-1","78",,,,"ALL",,"GPS","PROXIM","TSP,FIRE PREEMPT","1109808000000",,,,,,,,,,,,"1967",,,"0",,"0","0","32",,,,"POINT (-122.413161444 37.786729745)","2024 May 28 03:15:57 PM","2024 May 28 03:15:57 PM","Tenderloin","5"
"15050","25824000","15TH ST","CASTRO",,,"8",,"9079000","SIGNAL","EAGLE","2070-TS2-1","MSF","19",,,"LOOPS","SOME PHASES","YES","GPS",,,"1310688000000",,,,,,,,,,,,"1990",,,"0",,"0","0","13",,,,"POINT (-122.435471953 37.765727474)","2024 May 28 03:15:57 PM","2024 May 28 03:15:57 PM","Castro/Upper Market","8"
"14810","25213000","FRANKLIN","GEARY","OPTICOM",,"2",,"9359000","SIGNAL","MCCAIN","2070-TS2-1","MSF","49",,,,"ALL",,"GPS","FIBER,PROXIM","TSP,FIRE PREEMPT","1387238400000",,,,,,,,,,,,"9999",,,"0",,"0","0","28",,,"APS INAV 3WIRE CPMC (12)","POINT (-122.423027553 37.785482244)","2024 May 28 03:15:57 PM","2024 May 28 03:15:57 PM","Western Addition","2"
"15724","33003000","DEL VALE","O'SHAUGHNESSY",,,"7,8",,"0","BEACON - RRFB","JSF",,,"BEACON",,,,"n.a.","YES",,,,,,,,,,,,,,,,"2015",,,"0",,"0","0",,,,,"POINT (-122.44596433 37.741198735)","2024 May 28 03:16:47 PM","2024 May 28 03:16:47 PM","West of Twin Peaks","8"
"15581","27966000","GREAT HIGHWAY","JOHN F KENNEDY",,,"1,4",,"9414200","SIGNAL",,"2070-TS2-TYPE-1","MSF","52",,,"VIDEO","ALL","YES","GPS",,,"1193270400000",,,,,,,,,,,,"2007",,,"0",,"0","0","36",,,,"POINT (-122.510925947 37.770435676)","2024 May 28 03:16:47 PM","2024 May 28 03:16:47 PM","Golden Gate Park","4"
"14521","33647000","BACON","SAN BRUNO","OPTICOM",,"9",,"9177500","SIGNAL","MCCAIN","2070-TS2-1","MSF","ISOLATED",,,,"ALL",,"GPS","PROXIM","TSP,FIRE PREEMPT","1365811200000",,,,,,,,,,,,"1998",,,"0",,"0","0","04",,,,"POINT (-122.40359289 37.727634127)","2024 May 28 03:15:57 PM","2024 May 28 03:15:57 PM","Portola","9"
"15291","23831000","03RD ST","BRYANT","OPTICOM",,"6",,"9013500","SIGNAL","EAGLE","2070-TS2-1","MSF","74",,,,"ALL",,"GPS","PROXIM","TSP,FIRE PREEMPT","1339200000000",,,,,,,,,,,,"1956",,,"0",,"0","0","07",,,,"POINT (-122.395843499 37.781321257)","2024 May 28 03:15:57 PM","2024 May 28 03:15:57 PM","South of Market","6"
"15301","24540000","02ND ST","HOWARD",,,"6",,"9005500","SIGNAL","MCCAIN","2070-TS2-1","MSF","74",,,,"ALL",,"GPS","12C,FIBER",,"1342483200000",,,,,,,,,,,,"1957",,,"0",,"0","0","41",,,"APS ENAV 2WIRE 2ND ST (8)","POINT (-122.398256963 37.78677895)","2024 May 28 03:15:57 PM","2024 May 28 03:15:57 PM","Financial District/South Beach","6"
"15252","30726000","MARKET","SPEAR","OPTICOM",,"3,6",,"9475500","SIGNAL","MCCAIN","2070-TS2-1","MSF","01K",,,,"ALL",,"GPS","FIBER","FIRE PREEMPT","1384387200000",,,,,,,,,,,,"1998",,,"0",,"0","0","50",,"XX","APS 4WIRE MARKET (6)","POINT (-122.395583554 37.793754559)","2024 May 28 03:15:57 PM","2024 May 28 03:15:57 PM","Financial District/South Beach","6"
"15785","21354000","27TH ST","GUERRERO",,,"8,9",,"0","SIGNAL","MCCAIN","2070-TS2-1","MSF65-ATC","24",,,"WIRELESS","ALL","YES","GPS",,,"1608249600000",,,,,,,,,,,,"2020",,,"0",,"0","0","37",,,"APS iNAV 2WIRE CPMC (8)","POINT (-122.422383536 37.747171915)","2024 May 28 03:16:47 PM","2024 May 28 03:16:47 PM","Noe Valley","8"
"14555","20472000","03RD ST","GILMAN","VETAG","PAUL","10",,"9017000","SIGNAL",,"2070-TS2-TYPE-1","2070-MSF-TS2-TYPE-1","28",,,"VIDEO","ALL","YES","GPS","FIBER","TSP","1103673600000",,,,,,,,,,,,"2004",,,"0",,"0","0","75",,,"APS 2WIRE PH1 (10)","POINT (-122.39562276 37.722431604)","2024 May 28 03:15:57 PM","2024 May 28 03:15:57 PM","Bayview Hunters Point","10"
"15778","23650000","18TH ST","MINNESOTA",,,"10",,"0","SIGNAL","MCCAIN","2070-TS2-1","MSF","ISOLATED",,,"WIRELESS","ALL","YES","GPS",,,"1590451200000",,,,,,,,,,,,"2020",,,"0",,"0","0","85",,,"APS iNAV 2WIRE WF PCS (8)","POINT (-122.390698494 37.762925747)","2024 May 28 03:16:47 PM","2024 May 28 03:16:47 PM","Potrero Hill","10"
"15398","25971000","FILLMORE","GOLDEN GATE","OPTICOM",,"5",,"9346500","SIGNAL","EAGLE","2070-TS2-1","G","71",,,,"PENDING",,"GPS","PROXIM","TSP,FIRE PREEMPT","1476489600000",,,,,,,,,,,,"1955",,,"0",,"0","0","34",,,"PENDING","POINT (-122.431951802 37.779564149)","2024 May 28 03:15:57 PM","2024 May 28 03:15:57 PM","Western Addition","5"
"14501","21781000","ALEMANY","SILVER",,,"11",,"9166500","SIGNAL","MCCAIN","2070-TS2-1","MSF","27","MASTER-GPS",,,"ALL",,"GPS",,,"1453248000000",,,,,,,,,,,,"1949",,,"0",,"0","0","01",,,"APS 4WIRE PH2 (6) BOTH ENAV AND NON-ENAV","POINT (-122.433386843 37.729775575)","2024 May 28 03:15:57 PM","2024 May 28 03:15:57 PM","Outer Mission","11"
"14596","24976000","BUSH","POWELL","MECHANICAL",,"3",,"9238500","SIGNAL","ECONOLITE","2070-TS2-TYPE-1","2070-MSF-TS2-TYPE-1","78",,,,"SOME PHASES",,"GPS","FIBER","CABLE CAR PREEMPTION","1080777600000",,,,,,,,,,,,"1949",,,"0",,"0","0","08",,,,"POINT (-122.408786106 37.790159501)","2024 May 28 03:15:57 PM","2024 May 28 03:15:57 PM","Nob Hill","3"
"14525","33663000","ALEMANY","CRESCENT",,"PUTNAM","9","US-101 S OFF RAMP","9161000","SIGNAL","MCCAIN","2070-TS2-1","342","ISOLATED",,,,"ALL",,"GPS",,,"1297036800000",,,,,,,,,,,,"1956","280",,"25","X","75","0","01",,,"APS ENAV 2WIRE CT34 (6)","POINT (-122.410825667 37.734723954)","2024 May 28 03:15:57 PM","2024 May 28 03:15:57 PM","Bernal Heights","9"
"15561","27037000","CLARENDON","LAGUNA HONDA",,,"7",,"9275800","SIGNAL","ECONOLITE","2070-TS2-TYPE-1","2070-MSF-TS2-TYPE-1","34",,,"WIRELESS","ALL","YES","GPS",,,"1115078400000",,,,,,,,,,,,"2005",,,"0",,"0","0","65",,,,"POINT (-122.461523603 37.751503561)","2024 May 28 03:16:47 PM","2024 May 28 03:16:47 PM","West of Twin Peaks","7"
"15805","21705000","ALEMANY","ROUSSEAU",,,"11",,"0","PENDING SIGNAL",,,,"27",,,,"PENDING",,,,"TSP-Planned",,,,,,,,,,,,,"0",,,"0",,"0","0","01",,,,"POINT (-122.429570698 37.731039888)","2024 May 28 03:16:47 PM","2024 May 28 03:16:47 PM","Outer Mission","11"
"14935","27628000","LAKE","PARK PRESIDIO","OPTICOM",,"1",,"9458000","SIGNAL","MCCAIN","2070-TS2-1","352i-ATC","15",,,,"ALL",,"GPS",,"TSP,FIRE PREEMPT","1308700800000",,,,,,,,,,,"YES","1946","1(a)",,"50","X","50","0","62",,,"PENDING","POINT (-122.47262579 37.786314807)","2024 May 28 03:15:57 PM","2024 May 28 03:15:57 PM","Inner Richmond","1"
"14570","33105000","CARGO","MENDELL",,,"10",,"9260500","SIGNAL","EAGLE","2070-TS2-1","G","ISOLATED",,,"WIRELESS(BIKE ONLY)","NONE",,"GPS",,,"1342656000000",,,,,,,,,,,,"1980",,,"0",,"0","67","24",,,,"POINT (-122.38311822 37.743883337)","2024 May 28 03:15:57 PM","2024 May 28 03:15:57 PM","Bayview Hunters Point","10"
"15730","26072000","BRODERICK","MCALLISTER","OPTICOM",,"2,5",,"9218200","SIGNAL","MCCAIN","2070-TS2-1","MSF","71",,,,"ALL",,"GPS",,"TSP,FIRE PREEMPT","1517529600000",,,,,,,,,,,,"2018",,,"0",,"0","0","51",,,"APS ENAV 2WIRE MUNI FORWARD (8)","POINT (-122.440026922 37.777586767)","2024 May 28 03:16:47 PM","2024 May 28 03:16:47 PM","Western Addition","5"
"15630","23366000","SUNSET","YORBA",,,"4",,"9537200","SIGNAL","MCCAIN","2070-TS2-1","G","37",,,"WIRELESS","ALL","YES","GPS",,"TSP-Planned","1406505600000",,,,,,,,,,,,"2014",,,"0",,"0","0","73",,"LAMPING???","APS ENAV 2WIRE PCS2 (7)","POINT (-122.493857077 37.73502785)","2024 May 28 03:16:47 PM","2024 May 28 03:16:47 PM","Sunset/Parkside","4"
"14679","24929000","EDDY","JONES",,,"5",,"9312500","SIGNAL","MCCAIN","2070-TS2-1","MSF","78",,,,"ALL",,"GPS",,,"1462320000000",,,,,,,,,,,,"1969",,,"0",,"0","0","20",,,,"POINT (-122.412595277 37.783932577)","2024 May 28 03:15:57 PM","2024 May 28 03:15:57 PM","Tenderloin","5"
"15598","21773000","MISSION","SANTA ROSA","OPTICOM",,"11",,"9490200","SIGNAL","MCCAIN","2070-TS2-1","MSF65-ATC","26",,,,"ALL",,"GPS","PROXIM","TSP,FIRE PREEMPT","1257465600000",,,,,,,,,,,,"2009",,,"0",,"0","0","54",,,"APS 4WIRE CT59 (6)","POINT (-122.433982356 37.72576179)","2024 May 28 03:16:47 PM","2024 May 28 03:16:47 PM","Outer Mission","11"
"14793","25220000","FRANKLIN","SUTTER",,,"2",,"9366500","SIGNAL","MCCAIN","2070-TS2-1","MSF","49",,,,"ALL",,"GPS","FIBER",,"1387238400000",,,,,,,,,,,,"1953",,,"0",,"0","0","28",,,,"POINT (-122.423403593 37.787339164)","2024 May 28 03:15:57 PM","2024 May 28 03:15:57 PM","Western Addition","2"
"15681","8847000","MASONIC","MIDBLOCK",,"GOLDEN GATE","1,2","MCALLISTER","0","RADAR SPEED SIGN",,,,"N/A",,,,"N.A.",,,,,,,,,,,,,,,,,"2010",,,"0",,"0","0",,,,,"POINT (-122.4467497 37.777188021)","2024 May 28 03:16:47 PM","2024 May 28 03:16:47 PM","Lone Mountain/USF","1"
"15359","26567000","GOUGH","PACIFIC",,,"2",,"9406000","SIGNAL","MCCAIN","2070-TS2-1","MSF","49A",,,,"ALL",,"GPS","FIBER",,"1317081600000",,,,,,,,,,,,"1973",,,"0",,"0","0","35",,,"APS ENAV 2WIRE GOUGH (11)","POINT (-122.426514002 37.794397548)","2024 May 28 03:15:57 PM","2024 May 28 03:15:57 PM","Pacific Heights","2"
"15451","24572000","EMBARCADERO","WASHINGTON","VETAG",,"3",,"9331500","SIGNAL","MCCAIN","2070-TS2-1","MSF","09",,,"WIRELESS&LOOPS","ALL",,"GPS","FIBER,PROXIM","TSP","1289952000000",,,,,,,,,,,,"1991",,,"0",,"0","67","22",,,"APS 4WIRE PH2 (10)","POINT (-122.395405283 37.796682791)","2024 May 28 03:16:47 PM","2024 May 28 03:16:47 PM","Financial District/South Beach","3"
"14926","25027000","JACKSON","STOCKTON","OPTICOM",,"3",,"9440500","SIGNAL","MCCAIN","2070-TS2-1","G","05",,,,"ALL",,"GPS","PROXIM","TSP,FIRE PREEMPT","1362787200000",,,,,,,,,,,,"1967",,,"0",,"0","0","42",,,"APS ENAV 4WIRE PCS2 (8)","POINT (-122.408253202 37.795823706)","2024 May 28 03:15:57 PM","2024 May 28 03:15:57 PM","Chinatown","3"
"15692","21551000","LAWRENCE","MISSION","OPTICOM","OLIVER","11",,"9461700","SIGNAL","MCCAIN","2070-TS2-1","MSF","26",,,"WIRELESS","ALL","YES","GPS","PROXIM","TSP,FIRE PREEMPT","1549497600000",,,,,,,,,,,,"2019",,,"0",,"0","0","54",,,"APS 2WIRE WF NEW (8)","POINT (-122.450883667 37.709412743)","2024 May 28 03:16:47 PM","2024 May 28 03:16:47 PM","Excelsior","11"
"14625","24952000","POST","TAYLOR","OPTICOM",,"3",,"9524500","SIGNAL","EAGLE","2070-TS2-1","MSF","78",,,,"ALL",,"GPS","PROXIM","TSP,FIRE PREEMPT","1280966400000",,,,,,,,,,,,"1957",,,"0",,"0","0","66",,"CAB",,"POINT (-122.411699232 37.787872169)","2024 May 28 03:15:57 PM","2024 May 28 03:15:57 PM","Nob Hill","3"
"15001","24083000","21ST ST","SOUTH VAN NESS","OPTICOM",,"9",,"9124500","SIGNAL","MCCAIN","2070-TS2-1","G","64",,,,"ALL",,"GPS",,"FIRE PREEMPT","1398729600000",,,,,,,,,,,,"1967",,,"0",,"0","0","71",,,,"POINT (-122.416719594 37.757166643)","2024 May 28 03:15:57 PM","2024 May 28 03:15:57 PM","Mission","9"
"14712","23856000","07TH ST","BRANNAN","OPTICOM",,"6",,"9047500","SIGNAL","MCCAIN","2070-TS2-1","MSF","75",,,"WIRELESS","ALL",,"GPS","FIBER,PROXIM","TSP,FIRE PREEMPT","1020729600000",,,,,,,,,,,,"1957",,,"0",,"0","0","05",,,"APS ENAV 4WIRE CT 34 (8)","POINT (-122.403205081 37.773051102)","2024 May 28 03:15:57 PM","2024 May 28 03:15:57 PM","South of Market","6"
"15496","24241000","13TH ST","SOUTH VAN NESS",,"US-101 S ON RAMP","6,9",,"9074000","SIGNAL","MCCAIN","2070-TS2-1","MSF","21",,,,"ALL",,"GPS",,,"1441065600000",,,,,,,,,,,,"1960","101(b)",,"50","X","50","0","71",,,,"POINT (-122.417753193 37.769815079)","2024 May 28 03:16:47 PM","2024 May 28 03:16:47 PM","Mission","6"
"15886","22520000","RANDOLPH","VICTORIA",,,"11",,"0","FUTURE SIGNAL",,,,,,,,"FUTURE",,,,,,,,,,,,,,,,,"0",,,"0",,"0","0",,,,,"POINT (-122.465299721 37.714286977)","2024 May 28 03:16:47 PM","2024 May 28 03:16:47 PM","Oceanview/Merced/Ingleside","11"
"14870","25900000","OAK","WEBSTER",,,"5",,"9502500","SIGNAL","ECONOLITE","2070-TS2-1","2070-MSF-TS2-TYPE-1","16",,,,"ALL",,"GPS","FIBER",,"1010620800000",,,,,,,,,,,,"1955",,,"0",,"0","0","58",,,,"POINT (-122.429178343 37.774181423)","2024 May 28 03:15:57 PM","2024 May 28 03:15:57 PM","Hayes Valley","5"
"15184","26422000","COLE","FELL",,,"5",,"9284000","SIGNAL","ECONOLITE","2070-TS2-TYPE-1","2070-MSF-TS2-TYPE-1","16",,,,"ALL",,"GPS","FIBER",,"1014076800000",,,,,,,,,,,,"1955",,,"0",,"0","0","25",,,"APS 4WIRE PH2 (6)","POINT (-122.450786708 37.772367664)","2024 May 28 03:15:57 PM","2024 May 28 03:15:57 PM","Golden Gate Park","5"
"15272","23603000","HARRISON","MAIN",,,"6",,"9424000","SIGNAL","MCCAIN","2070-TS2-1","MSF65-ATC","74",,,,"ALL",,"GPS",,,"1517270400000",,,,,,,,,,,,"1993",,,"0",,"0","0","39",,,"PENDING","POINT (-122.390319484 37.788134502)","2024 May 28 03:15:57 PM","2024 May 28 03:15:57 PM","Financial District/South Beach","6"
"14509","21379000","GENEVA","PRAGUE","OPTICOM",,"11",,"9392500","SIGNAL","EAGLE","2070-TS2-1","MSF","30",,,"WIRELESS","ALL","YES","GPS","FIBER,PROXIM","TSP,FIRE PREEMPT","1272931200000",,,,,,,,,,,,"1988",,,"0",,"0","0","33",,,,"POINT (-122.431927236 37.712766596)","2024 May 28 03:15:57 PM","2024 May 28 03:15:57 PM","Excelsior","11"
"14853","26045000","GOLDEN GATE","STEINER",,,"5",,"9400500","SIGNAL","MCCAIN","2070-TS2-1","G","71",,,,"PENDING",,"GPS",,,"1458086400000",,,,,,,,,,,,"1955",,,"0",,"0","0","34",,,"PENDING","POINT (-122.433595938 37.779354586)","2024 May 28 03:15:57 PM","2024 May 28 03:15:57 PM","Western Addition","5"
"15826","23444000","41ST AVE","TARAVAL",,,"4",,"0","BEACON - RRFB","JSF","AB-9X07",,"FLASHER",,,,"n.a.","YES",,,,,,,,,,,,,,,,"2021",,,"0",,"0","0","87",,,,"POINT (-122.499262071 37.742007168)","2024 May 28 03:16:47 PM","2024 May 28 03:16:47 PM","Sunset/Parkside","4"
"15197","26342000","HAIGHT","MASONIC","OPTICOM",,"5",,"9422500","SIGNAL","ECONOLITE","2070-TS2-1","G","20",,,,"ALL",,"GPS",,"TSP,FIRE PREEMPT","1323993600000",,,,,,,,,,,,"1954",,,"0",,"0","0","38",,,,"POINT (-122.44534499 37.770210175)","2024 May 28 03:15:57 PM","2024 May 28 03:15:57 PM","Haight Ashbury","5"
"15514","27510000","22ND AVE","FULTON","OPTICOM",,"1",,"9125500","SIGNAL","MCCAIN","2070-TS2-1","MSF","69",,,"LOOPS","ALL","YES","GPS","SIKLU","TSP,FIRE PREEMPT","1367366400000",,,,,,,,,,,,"2001",,,"0",,"0","0","30",,,,"POINT (-122.480978753 37.772716275)","2024 May 28 03:16:47 PM","2024 May 28 03:16:47 PM","Outer Richmond","1"
"15191","26338000","ASHBURY","HAIGHT","OPTICOM",,"5",,"9176000","SIGNAL","EAGLE","2070-TS2-1","G","20",,,,"ALL",,"GPS",,"TSP,FIRE PREEMPT","1275523200000",,,,,,,,,,,,"1997",,,"0",,"0","0","38",,,,"POINT (-122.446933819 37.770007605)","2024 May 28 03:15:57 PM","2024 May 28 03:15:57 PM","Haight Ashbury","5"
"15226","26846000","CALIFORNIA","PRESIDIO","OPTICOM",,"2",,"9254500","SIGNAL","MCCAIN","2070-TS2-1","G","ISOLATED",,,,"PENDING",,"GPS","PROXIM","TSP,FIRE PREEMPT","1440201600000",,,,,,,,,,,,"1955",,,"0",,"0","0","11",,,"PENDING","POINT (-122.44679278 37.787261854)","2024 May 28 03:15:57 PM","2024 May 28 03:15:57 PM","Presidio Heights","2"
"15386","25182000","GEARY","POLK","OPTICOM",,"3,5",,"9385500","SIGNAL","ECONOLITE","2070-TS2-1","2070-MSF-TS2-TYPE-1","78",,,,"ALL",,"GPS","PROXIM","TSP,FIRE PREEMPT","1109721600000",,,,,,,,,,,,"1948",,,"0",,"0","0","64",,,"APS ENAV 2WIRE POLK (9)","POINT (-122.419738734 37.785892901)","2024 May 28 03:15:57 PM","2024 May 28 03:15:57 PM","Tenderloin","5"
"15046","24377000","15TH ST","VALENCIA",,,"9",,"9083000","SIGNAL","MCCAIN","2070-TS2-1","G","64",,,,"ALL",,"GPS",,,"1441152000000",,,,,,,,,,,,"1967",,,"0",,"0","0","79",,,,"POINT (-122.422043813 37.766539576)","2024 May 28 03:15:57 PM","2024 May 28 03:15:57 PM","Mission","9"
"15662","23928000","HARRISON","SHERMAN",,,"6",,"9424300","RADAR SPEED SIGN",,,,"N/A",,,,"N.A.",,,,,,,,,,,,,,,,,"0",,,"0",,"0","0",,,,,"POINT (-122.405476063 37.776161979)","2024 May 28 03:16:47 PM","2024 May 28 03:16:47 PM","South of Market","6"
"15303","24560000","FREMONT","MISSION","OPTICOM",,"6",,"9371000","SIGNAL","ECONOLITE","2070-TS2-TYPE-1","2070-MSF-TS2-TYPE-1","74",,,,"ALL",,"GPS","PROXIM","FIRE PREEMPT","1054684800000",,,,,,,,,,,,"1957",,,"0",,"0","0","52",,,"APS 4WIRE PH1 (8)","POINT (-122.396689695 37.790461068)","2024 May 28 03:15:57 PM","2024 May 28 03:15:57 PM","Financial District/South Beach","6"
"15010","25684000","18TH ST","DOLORES",,,"8",,"9098000","SIGNAL","EAGLE","2070-TS2-1","G","64",,,,"ALL",,"GPS","12C",,"1270598400000",,,,,,,,,,,,"1954",,,"0",,"0","0","19",,,"APS iNS 3WIRE IN-HOUSE (8)","POINT (-122.426076502 37.761427134)","2024 May 28 03:15:57 PM","2024 May 28 03:15:57 PM","Mission","8"
"14433","20227000","03RD ST","HUDSON","VETAG",,"10",,"9018200","SIGNAL",,"2070-TS2-TYPE-1","2070-MSF-TS2-TYPE-1","28",,,"VIDEO","ALL","YES","GPS","FIBER","TSP","1127174400000",,,,,,,,,,,,"2005",,,"0",,"0","0","75",,,"APS 2WIRE PH1 (9)","POINT (-122.388754589 37.740317264)","2024 May 28 03:15:57 PM","2024 May 28 03:15:57 PM","Bayview Hunters Point","10"
"14693","24933000","HYDE","TURK",,,"5",,"9435500","SIGNAL","ECONOLITE","2070-TS2-TYPE-1","2070-MSF-TS2-TYPE-1","78",,,,"ALL",,"GPS","12C",,"1110931200000",,,,,,,,,,,,"1955",,,"0",,"0","0","77",,,"APS iNS 3WIRE QUICKSTRIKE (9)","POINT (-122.415693873 37.782585033)","2024 May 28 03:15:57 PM","2024 May 28 03:15:57 PM","Tenderloin","5"
"15860","24598000","NATOMA","NEW MONTGOMERY",,,"6",,"0","PENDING SIGNAL",,,,"74",,,,"PENDING",,,,,,,,,,,,,,,,,"0",,,"0",,"0","0",,,,"PENDING","POINT (-122.399502163 37.786633543)","2024 May 28 03:16:47 PM","2024 May 28 03:16:47 PM","Financial District/South Beach","6"
"15663","25048000","POWELL","WASHINGTON","MECHANICAL",,"3",,"9526600","SIGNAL","MCCAIN","2070-TS2-1","MSF","ISOLATED",,,,"ALL",,"GPS","PROXIM","CABLE CAR PREEMPTION","1422921600000",,,,,,,,,,,,"2015",,,"0",,"0","0","81",,,"APS ENAV 4WIRE SR2S (8)","POINT (-122.409721579 37.794736825)","2024 May 28 03:16:47 PM","2024 May 28 03:16:47 PM","Chinatown","3"
"15122","27813000","30TH AVE","FULTON","OPTICOM",,"1",,"9152000","SIGNAL","MCCAIN","2070-TS2-1","MSF","55","MASTER-GPS",,"WIRELESS","PENDING","YES","GPS",,"TSP,FIRE PREEMPT","1288656000000",,,,,,,,,,,,"1972",,,"0",,"0","0","30",,,"PENDING","POINT (-122.489539481 37.772325473)","2024 May 28 03:15:57 PM","2024 May 28 03:15:57 PM","Outer Richmond","1"
"15416","25573000","COLUMBUS","LEAVENWORTH",,"NORTH POINT","3",,"0","SIGNAL","MCCAIN","2070-TS2-1","MSF","11A",,,,"ALL",,"GPS","12C",,"1341619200000",,,,,,,,,,,,"1976",,,"0",,"0","0","18",,,,"POINT (-122.418380659 37.805977369)","2024 May 28 03:16:47 PM","2024 May 28 03:16:47 PM","North Beach","3"
"15869","22958000","ALLSTON","CLAREMONT",,,"7",,"0","PENDING BEACON",,,,,,,,,,,,,,,,,,,,,,,,,"0",,,"0",,"0","0",,,,,"POINT (-122.463953417 37.742259444)","2024 May 28 03:16:47 PM","2024 May 28 03:16:47 PM","West of Twin Peaks","7"
"14729","24262000","07TH ST","FOLSOM","OPTICOM",,"6",,"9048500","SIGNAL","MCCAIN","2070-TS2-1","MSF","75",,"YES-UPSTEALTH",,"ALL",,"GPS","FIBER,PROXIM","TSP,FIRE PREEMPT","1129161600000",,,,,,,,,,,,"1956",,,"0",,"0","0","27",,,,"POINT (-122.40784206 37.776746109)","2024 May 28 03:15:57 PM","2024 May 28 03:15:57 PM","South of Market","6"
"15863","184001","03RD ST","TONI STONE",,,"6",,"0","PENDING SIGNAL",,,,"28",,,,"PENDING",,,,,,,,,,,,,,,,,"0",,,"0",,"0","0",,,,"PENDING","POINT (-122.38994321 37.775405845)","2024 May 28 03:16:47 PM","2024 May 28 03:16:47 PM","Mission Bay","6"
"14957","21306000","26TH ST","MISSION","OPTICOM",,"9",,"9147500","SIGNAL","ECONOLITE","2070-TS2-TYPE-1","G","24",,,,"ALL",,"GPS","FIBER,PROXIM","TSP,FIRE PREEMPT","1193270400000",,,,,,,,,,,,"1973",,,"0",,"0","0","53",,,,"POINT (-122.418135252 37.749041287)","2024 May 28 03:15:57 PM","2024 May 28 03:15:57 PM","Mission","9"
"15567","13332000","VISITACION","MIDBLOCK",,"HAHN","10","MANSELL","0","BEACON - RRFB","JSF","AB-9X07",,"BEACON",,,,"n.a.","YES",,,,,,,,,,,,,,,,"2021",,,"0",,"0","0",,,,,"POINT (-122.411477006 37.717706969)","2024 May 28 03:16:47 PM","2024 May 28 03:16:47 PM","McLaren Park","10"
"14617","25089000","PINE","TAYLOR",,,"3",,"9515500","SIGNAL","EAGLE","2070-TS2-1","2070-MSF","78",,,,"ALL",,"GPS","12C",,"1013558400000",,,,,,,,,,,,"1949",,,"0",,"0","0","63",,,,"POINT (-122.412266187 37.790672784)","2024 May 28 03:15:57 PM","2024 May 28 03:15:57 PM","Nob Hill","3"
"14670","24903000","GEARY","POWELL","OPTICOM",,"3",,"9386000","SIGNAL","ECONOLITE","2070-TS2-TYPE-1","2070-MSF-TS2-TYPE-1","78",,,,"ALL",,"GPS","PROXIM","TSP,FIRE PREEMPT","1113350400000",,,,,,,,,,,,"1957",,,"0",,"0","0","32",,,"APS ENAV 4WIRE DPW PROW (8)","POINT (-122.408226726 37.787359262)","2024 May 28 03:15:57 PM","2024 May 28 03:15:57 PM","Financial District/South Beach","3"
"15834","50081000","08TH ST","I-80 W OFF RAMP",,,"6",,"0","FUTURE BEACON",,,,,,,,"n.a.",,,,,,,,,,,,,,,,,"0",,,"0",,"0","0","41",,,,"POINT (-122.407771211 37.773166019)","2024 May 28 03:16:47 PM","2024 May 28 03:16:47 PM","South of Market","6"
"15564","24631000","04TH ST","MINNA",,,"6",,"9031200","SIGNAL","MCCAIN","2070-TS2-1","MSF","75",,,"VIDEO","ALL","YES","GPS","FIBER",,"1033603200000",,,,,,,,,,,,"2002",,,"0",,"0","0","52",,,,"POINT (-122.403711754 37.784044438)","2024 May 28 03:16:47 PM","2024 May 28 03:16:47 PM","Financial District/South Beach","6"
"14456","32904000","GREAT HIGHWAY","SLOAT",,,"4,7",,"9417500","SIGNAL","EAGLE","2070-TS2-TYPE-1","2070-MSF-TS2-TYPE-1","ISOLATED",,,,"ALL","YES",,,,"1029888000000",,,,,,,,,,,,"1974",,,"0",,"0","0","36",,,,"POINT (-122.506717428 37.735469758)","2024 May 28 03:15:57 PM","2024 May 28 03:15:57 PM","Lakeshore","7"
"14482","21517000","ALEMANY","MOUNT VERNON",,,"11",,"9163000","SIGNAL","EAGLE","2070-TS2-1","G","45",,,"WIRELESS","ALL","YES","GPS",,,"1285027200000",,,,,,,,,,,,"1996",,,"0",,"0","0","01",,,,"POINT (-122.44456307 37.716079427)","2024 May 28 03:15:57 PM","2024 May 28 03:15:57 PM","Outer Mission","11"
"15460","24248000","10TH ST","HOWARD",,,"6",,"9067000","SIGNAL","ECONOLITE","2070-TS2-TYPE-1","2070-MSF-TS2-TYPE-1","16B",,"YES-UPSTEALTH",,"ALL",,"GPS","FIBER,PROXIM",,"1128384000000",,,,,,,,,,,,"1948",,,"0",,"0","0","41",,,,"POINT (-122.41436769 37.774043327)","2024 May 28 03:16:47 PM","2024 May 28 03:16:47 PM","South of Market","6"
"14772","26548000","PACIFIC","VAN NESS","OPTICOM",,"2,3",,"9509500","SIGNAL","MCCAIN","2070-TS2-1","352i-ATC","13",,,,"ALL",,"GPS",,"TSP,FIRE PREEMPT","1478908800000",,,,,,,,,,,,"1948","101(b)",,"50","X","50","0","80",,,"APS iNS 2WIRE VAN NESS (9)","POINT (-122.423227147 37.794817355)","2024 May 28 03:15:57 PM","2024 May 28 03:15:57 PM","Russian Hill","3"
"14546","22924000","PORTOLA","SANTA CLARA",,"VICENTE","7",,"9521000","SIGNAL","EAGLE","2070-TS2-1","G","33",,,"WIRELESS","ALL",,"GPS",,,"1253750400000",,,,,,,,,,,,"1951",,,"0",,"0","0","65",,"CAB/CONTR","APS 4WIRE ARRA (4)","POINT (-122.466157327 37.739235831)","2024 May 28 03:15:57 PM","2024 May 28 03:15:57 PM","West of Twin Peaks","7"
"15287","23819000","05TH ST","KING",,,"6",,"9037000","SIGNAL","EAGLE","2070-TS2-1","MSF","09",,"2003 CANDIDATE","WIRELESS","ALL","YES","GPS","FIBER",,"1283385600000",,,,,,,,,,,,"1997","280",,"33","X","67","0","23",,,,"POINT (-122.396261113 37.774577921)","2024 May 28 03:15:57 PM","2024 May 28 03:15:57 PM","Mission Bay","6"
"15076","25827000","DIAMOND","MARKET",,,"8",,"9295500","SIGNAL","MCCAIN","2070-TS2-1","MSF","21",,,,"ALL",,"GPS",,,"1418774400000",,,,,,,,,,,,"1949",,,"0",,"0","0","49",,,,"POINT (-122.437298719 37.761895475)","2024 May 28 03:15:57 PM","2024 May 28 03:15:57 PM","Castro/Upper Market","8"
"15851","23308000","LAKE MERCED","SUNSET",,,"4,7",,"0","FLASHER","JSF","FL-1412",,"FLASHER",,,,"n.a.",,,,,,,,,,,,,,,,,"2021",,,"0",,"0","0",,,,,"POINT (-122.493469933 37.729596663)","2024 May 28 03:16:47 PM","2024 May 28 03:16:47 PM","Lakeshore","4"
"15525","12554101","EMBARCADERO","MIDBLOCK","VETAG","BROADWAY","3","WASHINGTON","9329300","SIGNAL","ECONOLITE","2070-TS2-1","MSF","09",,,,"ALL","YES","GPS","FIBER","TSP","1291248000000",,,,,,,,,,,,"1995",,,"0",,"0","100","22",,,,"POINT (-122.396898769 37.798364188)","2024 May 28 03:16:47 PM","2024 May 28 03:16:47 PM","Financial District/South Beach","3"
"15852","34023000","TRADE WINDS","TREASURE ISLAND",,,"6",,"0","PENDING SIGNAL",,,,,,,,,,,,,,,,,,,,,,,,,"0",,,"0",,"0","0",,,,,"POINT (-122.37245074 37.817314571)","2024 May 28 03:16:47 PM","2024 May 28 03:16:47 PM","Treasure Island","6"
"15544","7210000","ALEMANY","CUT THROUGH",,,"9",,"0","CALTRANS",,,,"CALTRANS",,,,"n.a.",,,"0",,,,,,,,,,,,,,"0","101(a)","X","0",,"0","0","not ours",,,,"POINT (-122.407917736 37.737729506)","2024 May 28 03:16:47 PM","2024 May 28 03:16:47 PM","Portola","9"
"14998","24122000","20TH ST","FOLSOM",,,"9",,"9119000","SIGNAL","EAGLE","2070-TS2-1","G","84",,,,"ALL",,"GPS","12C",,"1269561600000",,,,,,,,,,,,"1958",,,"0",,"0","0","26",,,,"POINT (-122.41469003 37.75889599)","2024 May 28 03:15:57 PM","2024 May 28 03:15:57 PM","Mission","9"
"15135","27462000","18TH AVE","FULTON","OPTICOM",,"1",,"9095500","SIGNAL","MCCAIN","2070-TS2-1","MSF","69",,,"LOOPS","ALL","YES","GPS","SIKLU","TSP,FIRE PREEMPT","1367366400000",,,,,,,,,,,,"1997",,,"0",,"0","0","30",,,,"POINT (-122.476694206 37.772912858)","2024 May 28 03:15:57 PM","2024 May 28 03:15:57 PM","Golden Gate Park","1"
"15878","54182000","MEDICAL CENTER","PARNASSUS",,,"7,8",,"0","SIGNAL (CONTRACTOR MAINTAINED)","MCCAIN","2070-TS2-1","MSF","ISOLATED",,,,"ALL",,,,,"1693526400000",,,,,,,,,,,,"2023",,,"0",,"0","0","72",,,,"POINT (-122.456038896 37.763994844)","2024 May 28 03:16:47 PM","2024 May 28 03:16:47 PM","Inner Sunset","7"
"14518","21743000","MISSION","OCEAN","OPTICOM",,"11",,"9488000","SIGNAL","MCCAIN","2070-TS2-1","MSF65-ATC","26",,,,"ALL",,"GPS","PROXIM","TSP,FIRE PREEMPT","1363478400000",,,,,,,,,,,,"1955",,,"0",,"0","0","54",,,,"POINT (-122.435385086 37.723909403)","2024 May 28 03:15:57 PM","2024 May 28 03:15:57 PM","Outer Mission","11"
"15753","1278800","MADRONE","ULLOA - WB",,,"7",,"0","RADAR SPEED SIGN","SpeedCheck",,,"N/A",,,,"N.A.",,,,,,,,,,,,,,,,,"2016",,,"0",,"0","0",,,,,"POINT (-122.467683831 37.741501988)","2024 May 28 03:16:47 PM","2024 May 28 03:16:47 PM","West of Twin Peaks","7"
"14820","24459000","GROVE","VAN NESS","OPTICOM",,"5",,"9421500","SIGNAL","MCCAIN","2070-TS2-1","352i-ATC","16B",,"YES",,"ALL",,"GPS",,"TSP,FIRE PREEMPT","1455667200000",,,,,,,,,,,,"9999","101(b)",,"50","X","50","0","80",,,"APS iNS 2WIRE VAN NESS (8)","POINT (-122.419883231 37.778251018)","2024 May 28 03:15:57 PM","2024 May 28 03:15:57 PM","Hayes Valley","5"
"14973","24000000","21ST ST","POTRERO","OPTICOM",,"9,10",,"9124000","SIGNAL","MCCAIN","2070-TS2-1","MSF","23","MASTER-GPS",,,"ALL",,"GPS","FIBER,PROXIM","TSP,FIRE PREEMPT","1365811200000",,,,,,,,,,,,"1948",,,"0",,"0","0","67",,,"APS ENAV 2WIRE POTRERO STSCAPE (6)","POINT (-122.406799736 37.757762058)","2024 May 28 03:15:57 PM","2024 May 28 03:15:57 PM","Mission","10"
"14619","24995000","CLAY","STOCKTON","OPTICOM",,"3",,"9281000","SIGNAL","MCCAIN","2070-TS2-1","G","05",,,,"ALL",,"GPS","PROXIM","TSP,FIRE PREEMPT","1355011200000",,,,,,,,,,,,"1958",,,"0",,"0","0","16",,,"APS iNS 3WIRE QUICKSTRIKE (9)","POINT (-122.407903302 37.794060297)","2024 May 28 03:15:57 PM","2024 May 28 03:15:57 PM","Chinatown","3"
"15798","19285000","NB I-280 SAN JOSE OFF RAMP","MIDBLOCK",,"EAST OF SAN JOSE","8",,"0","CALTRANS - RADAR SPEED SIGN","RU2 SYSTEMS RU2 Fast 250",,,"N/A",,,,"N.A.",,,,,,,,,,,,,,,,,"2014","280","X","100",,"0","0",,,,,"POINT (-122.433157653 37.732536438)","2024 May 28 03:16:47 PM","2024 May 28 03:16:47 PM","Outer Mission","8"
"15384","26501000","GOUGH","POST","OPTICOM",,"2,5",,"9407500","SIGNAL","MCCAIN","2070-TS2-1","MSF","49",,,,"ALL",,"GPS","FIBER,PROXIM","TSP,FIRE PREEMPT","1317168000000",,,,,,,,,,,,"1953",,,"0",,"0","0","35",,,"APS ENAV 2WIRE GOUGH (11)","POINT (-122.424858423 37.786196428)","2024 May 28 03:15:57 PM","2024 May 28 03:15:57 PM","Japantown","5"
"14812","26592000","FILLMORE","POST","OPTICOM",,"5",,"9350500","SIGNAL","MCCAIN","2070-TS2-1","MSF","73",,,,"ALL",,"GPS","PROXIM","TSP,FIRE PREEMPT","1433808000000",,,,,,,,,,,,"1957",,,"0",,"0","0","66",,,,"POINT (-122.433083398 37.78515094)","2024 May 28 03:15:57 PM","2024 May 28 03:15:57 PM","Japantown","5"
"14559","20239000","03RD ST","EVANS","VETAG",,"10",,"9015000","SIGNAL",,"2070-TS2-1","2070-MSF-TS2-TYPE-1","28",,,"VIDEO","ALL","YES","GPS","FIBER","TSP","1147737600000",,,,,,,,,,,,"1948",,,"0",,"0","0","75",,,"APS 2WIRE PH1 (11)","POINT (-122.387926351 37.742703154)","2024 May 28 03:15:57 PM","2024 May 28 03:15:57 PM","Bayview Hunters Point","10"
"15215","26844000","MASONIC","PINE","OPTICOM","PRESIDIO","2",,"9482500","SIGNAL","EAGLE","2070-TS2-TYPE-1","2070-MSF-TS2-TYPE-1","73",,,,"ALL",,"GPS","PROXIM","FIRE PREEMPT","1020124800000",,,,,,,,,,,"FUTURE","1949",,,"0",,"0","0","63",,,,"POINT (-122.446610466 37.786302298)","2024 May 28 03:15:57 PM","2024 May 28 03:15:57 PM","Presidio Heights","2"
"15154","27541000","23RD AVE","GEARY","OPTICOM",,"1",,"9130000","SIGNAL","EAGLE","2070-TS2-1","MSF","15",,,,"ALL",,"GPS","PROXIM","TSP,FIRE PREEMPT","1341705600000",,,,,,,,,,,,"1996",,,"0",,"0","0","31",,,,"POINT (-122.482591528 37.780189472)","2024 May 28 03:15:57 PM","2024 May 28 03:15:57 PM","Outer Richmond","1"
"15694","23367000","SUNSET","WAWONA",,,"4",,"9537100","SIGNAL","MCCAIN","2070-TS2-1","MSF","37",,,"WIRELESS","ALL","YES","GPS",,"TSP-Planned","1452729600000",,,,,,,,,,,,"2016",,,"0",,"0","0","73",,,"APS ENAV 2WIRE CT62 (10)","POINT (-122.494053818 37.736635087)","2024 May 28 03:16:47 PM","2024 May 28 03:16:47 PM","Sunset/Parkside","4"
"15688","22156000","DETROIT","MONTEREY",,,"7",,"0","BEACON - RRFB","JSF","AB-9X07",,"BEACON",,,,"N.A.","YES",,,,,,,,,,,,,,,,"2017",,,"0",,"0","0",,,,,"POINT (-122.444299965 37.731518304)","2024 May 28 03:16:47 PM","2024 May 28 03:16:47 PM","West of Twin Peaks","7"
"15209","26372000","CENTRAL","FULTON","OPTICOM",,"2,5",,"9263500","SIGNAL","EAGLE","2070-TS2-1","MSF","16C",,,,"ALL",,"GPS","PROXIM","TSP,FIRE PREEMPT","1344038400000",,,,,,,,,,,,"1978",,,"0",,"0","0","30",,,,"POINT (-122.444779891 37.776016592)","2024 May 28 03:15:57 PM","2024 May 28 03:15:57 PM","Lone Mountain/USF","5"
"15597","26800000","DIVISADERO","ELLIS","OPTICOM",,"5",,"9296300","SIGNAL","EAGLE","2070-TS2-TYPE-1","2070-MSF-TS2-TYPE-1","71",,,,"ALL",,"GPS","PROXIM","TSP,FIRE PREEMPT","1239235200000",,,,,,,,,,,,"2009",,,"0",,"0","0","20",,,,"POINT (-122.439113936 37.781520353)","2024 May 28 03:16:47 PM","2024 May 28 03:16:47 PM","Western Addition","5"
"15139","27243000","05TH AVE","BALBOA",,,"1",,"9032500","SIGNAL","MCCAIN","2070-TS2-1","MSF","43",,,,"SOME PHASES",,"GPS",,,"1559779200000",,,,,,,,,,,,"1974",,,"0",,"0","0","02",,,,"POINT (-122.462940789 37.777282735)","2024 May 28 03:15:57 PM","2024 May 28 03:15:57 PM","Inner Richmond","1"
"15244","26920000","CALIFORNIA","LAUREL","OPTICOM",,"2",,"9250000","SIGNAL","MCCAIN","2070-TS2-1","G","14",,,,"ALL",,"GPS","PROXIM","TSP,FIRE PREEMPT","1405382400000",,,,,,,,,,,,"1955",,,"0",,"0","0","11",,,"APS ENAV 2WIRE LAUREL VILLAGE (8)","POINT (-122.450118442 37.786837659)","2024 May 28 03:15:57 PM","2024 May 28 03:15:57 PM","Presidio Heights","2"
"14975","24019000","MARIPOSA","POTRERO","OPTICOM",,"9,10",,"9472500","SIGNAL","MCCAIN","2070-TS2-1","MSF","23",,,,"ALL",,"GPS","PROXIM","TSP,FIRE PREEMPT","1368489600000",,,,,,,,,,,,"1948",,,"0",,"0","0","67",,,,"POINT (-122.407304848 37.763187802)","2024 May 28 03:15:57 PM","2024 May 28 03:15:57 PM","Mission","10"
"15369","26609000","FILLMORE","PINE","OPTICOM",,"2,5",,"9350000","SIGNAL","EAGLE","2070-TS2-TYPE-1","2070-MSF-TS2-TYPE-1","73",,,,"ALL",,"GPS","PROXIM","TSP-Planned,FIRE PREEMPT","1012348800000",,,,,,,,,,,,"1949",,,"0",,"0","0","63",,,,"POINT (-122.433647124 37.787950272)","2024 May 28 03:15:57 PM","2024 May 28 03:15:57 PM","Pacific Heights","2"
"14884","25475000","BEACH","EMBARCADERO","VETAG/WIRELESS","GRANT","3",,"9201500","SIGNAL","ECONOLITE","2070-TS2-1","MSF","10",,,"WIRELESS","ALL",,"GPS",,"TSP","1299715200000",,,,,,,,,,,,"1996",,,"0",,"0","50","22",,,,"POINT (-122.409050495 37.808110754)","2024 May 28 03:15:57 PM","2024 May 28 03:15:57 PM","North Beach","3"
"14761","26973000","LOMBARD","SCOTT","OPTICOM",,"2",,"9467000","SIGNAL","ECONOLITE","2070-TS2-1","CTSF-TS2-1","13",,"YES-UPSTEALTH","LOOPS (NOT USED)","ALL",,"GPS","FIBER","TSP,FIRE PREEMPT","1150848000000",,,,,,,,,,,,"1947","480(b)",,"50","X","50","0","47",,,"PENDING","POINT (-122.440977561 37.799212367)","2024 May 28 03:15:57 PM","2024 May 28 03:15:57 PM","Marina","2"
"14830","26618000","GEARY","SCOTT","OPTICOM",,"5",,"9386500","SIGNAL","MCCAIN","2070-TS2-1","MSF72","72",,,,"ALL",,,"FIBER","TSP,FIRE PREEMPT","1338595200000",,,,,,,,,,,,"1961",,,"0",,"0","0","31",,,"APS iNS 2WIRE GEARY RAPID (11)","POINT (-122.437847944 37.783717638)","2024 May 28 03:15:57 PM","2024 May 28 03:15:57 PM","Western Addition","5"
"15539","183000","03RD ST","TERRY FRANCOIS",,,"6",,"0","MESSAGE SIGN",,,"N/A","3RD ST BRIDGE",,,,"n.a.",,,,,,,,,,,,,,,,,"1999",,,"0",,"0","0","n.a.",,,,"POINT (-122.390048198 37.776499641)","2024 May 28 03:16:47 PM","2024 May 28 03:16:47 PM","Mission Bay","6"
"15406","25916000","FELL","GOUGH","OPTICOM",,"5",,"9339000","SIGNAL","ECONOLITE","2070-TS2-TYPE-1","MSF","16B",,,,"ALL",,"GPS","FIBER","FIRE PREEMPT","1008028800000",,,,,,,,,,,,"1948",,,"0",,"0","0","35",,,,"POINT (-122.422787634 37.775949863)","2024 May 28 03:16:47 PM","2024 May 28 03:16:47 PM","Hayes Valley","5"
"15468","6436205","GREAT HIGHWAY","PACHECO",,,"4",,"9416500","SIGNAL","MCCAIN","2070-TS2-1","G","38",,,,"ALL",,"GPS",,,"1363564800000",,,,,,,,,,,,"1989",,,"0",,"0","0","36",,,"FUTURE","POINT (-122.508411665 37.749085124)","2024 May 28 03:16:47 PM","2024 May 28 03:16:47 PM","Sunset/Parkside","4"
"14454","22840000","LAGUNA HONDA","PORTOLA",,,"7",,"9456000","SIGNAL","ECONOLITE","2070-TS2-1","2070-G","33",,,,"ALL",,"GPS",,,,,,,,,,,,,,,"1951",,,"0",,"0","0","65",,,,"POINT (-122.455271075 37.743048665)","2024 May 28 03:15:57 PM","2024 May 28 03:15:57 PM","West of Twin Peaks","7"
"14630","25294000","CALIFORNIA","LARKIN",,,"3",,"9249500","SIGNAL","MCCAIN","2070-TS2-1","G","78",,,,"PENDING",,"GPS",,,"1458604800000",,,,,,,,,,,,"1950",,,"0",,"0","0","45",,,"PENDING","POINT (-122.419036211 37.790788054)","2024 May 28 03:15:57 PM","2024 May 28 03:15:57 PM","Nob Hill","3"
"15229","26822000","BRODERICK","CALIFORNIA","OPTICOM",,"2",,"9216500","SIGNAL","MCCAIN","2070-TS2-1","G","73",,,,"ALL",,"GPS","PROXIM","TSP,FIRE PREEMPT","1433376000000",,,,,,,,,,,,"1974",,,"0",,"0","0","11",,,,"POINT (-122.442109525 37.787855573)","2024 May 28 03:15:57 PM","2024 May 28 03:15:57 PM","Pacific Heights","2"
"15101","27183000","KEZAR","MARTIN LUTHER KING JR",,,"5,7",,"9450000","SIGNAL","ECONOLITE","2070-TS2-1","G","65",,,,"ALL",,"GPS","FIBER",,"1241654400000",,,,,,,,,,,,"1974",,,"0",,"0","0","72",,,,"POINT (-122.458637161 37.7672)","2024 May 28 03:15:57 PM","2024 May 28 03:15:57 PM","Golden Gate Park","7"
"15508","2805000","BAYSHORE","US-101 N OFF RAMP",,,"9,10",,"9198000","CALTRANS",,,"N/A","CALTRANS",,,,"ALL",,,,,,,,,,,,,,,,,"0","101(a)","X","33",,"67","0","not ours",,,,"POINT (-122.404299457 37.73225997)","2024 May 28 03:16:47 PM","2024 May 28 03:16:47 PM","Portola","9"
"14581","23834000","04TH ST","BRYANT","OPTICOM","I-80 E OFF RAMP","6",,"9028000","SIGNAL","ECONOLITE","2070-TS2-TYPE-1","2070-MSF-TS2-TYPE-1","02",,"2003 CANDIDATE",,"ALL",,"GPS","FIBER,PROXIM","TSP,FIRE PREEMPT","1139270400000",,,,,,,,,,,,"1968","80(a)",,"20","X","80","0","07",,,"APS iNS 3WIRE CENTRAL SUBWAY (11)","POINT (-122.39805994 37.779566911)","2024 May 28 03:15:57 PM","2024 May 28 03:15:57 PM","South of Market","6"
"14600","25014000","CLAY","POWELL","OPTICOM,MECHANICAL",,"3",,"9280000","SIGNAL","MCCAIN","2070-TS2-1","MSF","ISOLATED",,,,"ALL",,"GPS","PROXIM","TSP,CABLE CAR PREEMPT","1367366400000",,,,,,,,,,,,"1996",,,"0",,"0","0","16",,,,"POINT (-122.409541048 37.793851929)","2024 May 28 03:15:57 PM","2024 May 28 03:15:57 PM","Nob Hill","3"
"15331","25026000","STOCKTON","WASHINGTON","OPTICOM",,"3",,"9536000","SIGNAL","MCCAIN","2070-TS2-1","352i-ATC","05",,,,"ALL",,"GPS","PROXIM","TSP,FIRE PREEMPT","1362787200000",,,,,,,,,,,,"1951",,,"0",,"0","0","81",,,"APS iNS 3WIRE CENTRAL SUBWAY (8)","POINT (-122.408079101 37.794940687)","2024 May 28 03:15:57 PM","2024 May 28 03:15:57 PM","Chinatown","3"
"15565","23633000","CESAR CHAVEZ","CONNECTICUT",,,"10",,"9264800","SIGNAL","EAGLE","2070-TS2-TYPE-1","2070-MSF-TS2-TYPE-1","50","TBC MASTER",,"WIRELESS","ALL","YES","GPS",,,"1035417600000",,,,,,,,,,,,"2003",,,"0",,"0","0","14",,,,"POINT (-122.396273544 37.7497456)","2024 May 28 03:16:47 PM","2024 May 28 03:16:47 PM","Bayview Hunters Point","10"
"14577","24691000","FRONT","SACRAMENTO",,,"3",,"9373000","SIGNAL","MCCAIN","2070-TS2-1","MSF","78",,,,"ALL",,"GPS",,,"1437523200000",,,,,,,,,,,,"1980",,,"0",,"0","0","69",,,"APS iNS 3WIRE CITYWIDE NEW APS (8)","POINT (-122.398970254 37.794284415)","2024 May 28 03:15:57 PM","2024 May 28 03:15:57 PM","Financial District/South Beach","3"
"15348","26693000","FRANKLIN","GREENWICH",,,"2",,"9360500","SIGNAL","MCCAIN","2070-TS2-1","MSF","49C","MASTER-GPS",,,"ALL",,"GPS","FIBER",,"1407369600000",,,,,,,,,,,,"1964",,,"0",,"0","0","29",,,,"POINT (-122.426001249 37.800206249)","2024 May 28 03:15:57 PM","2024 May 28 03:15:57 PM","Marina","2"
"14612","24979000","PINE","STOCKTON","OPTICOM",,"3",,"9515000","SIGNAL","EAGLE","2070-TS2-1","2070-MSF","78",,,,"ALL",,"GPS","PROXIM","FIRE PREEMPT","1007510400000",,,,,,,,,,,,"1949",,,"0",,"0","0","63",,,,"POINT (-122.407322928 37.791298136)","2024 May 28 03:15:57 PM","2024 May 28 03:15:57 PM","Financial District/South Beach","3"
"15586","33519000","HERBST","LAKE MERCED",,"SKYLINE","7",,"0","CALTRANS",,,,"CALTRANS",,,"LOOPS","ALL","YES",,,,,,,,,,,,,,,,"2010","35(a)","X","50",,"50","0","not ours",,,"PENDING","POINT (-122.499058977 37.73157607)","2024 May 28 03:16:47 PM","2024 May 28 03:16:47 PM","Lakeshore","7"
"15109","27374000","19TH AVE","CROSSOVER","OPTICOM","LINCOLN","4,7",,"9102500","SIGNAL","ECONOLITE","2070-TS2-1","332","36",,"2003 CANDIDATE","WIRELESS&LOOPS","ALL",,"GPS","FIBER","FIRE PREEMPT","1237420800000",,,,,,,,,,,,"1946","1(a)",,"50","X","50","0","56",,,"APS ENAV 2WIRE 19thAV (8)","POINT (-122.477308395 37.765447987)","2024 May 28 03:15:57 PM","2024 May 28 03:15:57 PM","Sunset/Parkside","4"
"15055","24170000","16TH ST","MISSION","OPTICOM",,"9",,"9087500","SIGNAL","MCCAIN","2070-TS2-1","MSF65-ATC","64",,,,"ALL",,"GPS","FIBER,PROXIM","FIRE PREEMPT","1194998400000",,,,,,,,,,,,"1953",,,"0",,"0","0","53",,,"APS 4WIRE PH1 (8)","POINT (-122.419668973 37.765051337)","2024 May 28 03:15:57 PM","2024 May 28 03:15:57 PM","Mission","9"
"15701","22095000","DELANO","GENEVA","OPTICOM",,"11",,"9294950","SIGNAL","MCCAIN","2070-TS2-1","MSF","58",,,"WIRELESS","ALL","YES","GPS","PROXIM","TSP,FIRE PREEMPT","1535587200000",,,,,,,,,,,,"2018",,,"0",,"0","0","33",,,"APS ENAV 2WIRE WF NEW (8)","POINT (-122.445127873 37.720086705)","2024 May 28 03:16:47 PM","2024 May 28 03:16:47 PM","Outer Mission","11"
"14440","20485000","03RD ST","WALLACE","VETAG",,"10",,"9026300","SIGNAL",,"2070-TS2-TYPE-1","2070-MSF-TS2-TYPE-1","28",,,"VIDEO","ALL","YES","GPS","FIBER","TSP","1107388800000",,,,,,,,,,,,"2005",,,"0",,"0","0","75",,,"APS 2WIRE PH1 (9)","POINT (-122.39289942 37.72848958)","2024 May 28 03:15:57 PM","2024 May 28 03:15:57 PM","Bayview Hunters Point","10"
"15754","52239000","OCEAN","I-280 S OFF RAMP",,,"7,11",,"9503000","BEACON","JSF",,,"BEACON",,,,"n.a.","YES",,,,,,,,,,,,,,,,"2017","280",,"33","X","67","0",,,,,"POINT (-122.44917813 37.723002938)","2024 May 28 03:16:47 PM","2024 May 28 03:16:47 PM","Oceanview/Merced/Ingleside","11"
"15736","25999000","HAIGHT","PIERCE","OPTICOM",,"5",,"0","SIGNAL","MCCAIN","2070-ATC","MSF65-ATC","20",,,,"ALL",,"GPS","FIBER","TSP,FIRE PREEMPT","1610064000000",,,,,,,,,,,,"2021",,,"0",,"0","0","38",,,"APS iNS 2WIRE LOWER HAIGHT (8)","POINT (-122.433734772 37.771688274)","2024 May 28 03:16:47 PM","2024 May 28 03:16:47 PM","Haight Ashbury","5"
"15339","25202000","LARKIN","SUTTER",,,"3",,"9461000","SIGNAL","MCCAIN","2070-TS2-1","MSF","78",,,,"ALL",,"GPS","PROXIM",,"1447891200000",,,,,,,,,,,,"9999",,,"0",,"0","0","45",,,,"POINT (-122.418465027 37.787966286)","2024 May 28 03:15:57 PM","2024 May 28 03:15:57 PM","Nob Hill","3"
"14950","24063000","24TH ST","SOUTH VAN NESS","OPTICOM",,"9",,"9139000","SIGNAL","MCCAIN","2070-TS2-1","MSF","64",,,,"ALL",,"GPS",,"FIRE PREEMPT","1395878400000",,,,,,,,,,,,"1954",,,"0",,"0","0","71",,,"APS ENAV 2WIRE WALKFIRST PCS (8)","POINT (-122.41626551 37.752372789)","2024 May 28 03:15:57 PM","2024 May 28 03:15:57 PM","Mission","9"
"14522","33636000","ALEMANY","CONGDON",,"JUSTIN","11",,"9160500","SIGNAL","ECONOLITE","2070-TS2-1","G","27",,,"WIRELESS&LOOPS","SOME PHASES","YES","GPS",,,"1313625600000",,,,,,,,,,,,"1973",,,"0",,"0","0","01",,,,"POINT (-122.426161766 37.731168532)","2024 May 28 03:15:57 PM","2024 May 28 03:15:57 PM","Excelsior","11"
"15842","27866000","39TH AVE","FULTON",,,"1",,"0","PENDING SIGNAL",,,,"55",,,,"PENDING",,,,"TSP-Planned",,,,,,,,,,,,,"0",,,"0",,"0","0","30",,,"PENDING","POINT (-122.499183042 37.771885393)","2024 May 28 03:16:47 PM","2024 May 28 03:16:47 PM","Outer Richmond","1"
"15249","26974000","DIVISADERO","LOMBARD","OPTICOM",,"2",,"9300000","SIGNAL","MCCAIN","2070-TS2-1","352i-ATC","13",,"YES-UPSTEALTH","LOOPS (NOT USED)","ALL",,"GPS","FIBER","TSP,FIRE PREEMPT","1156809600000",,,,,,,,,,,,"1947","480(b)",,"50","X","50","0","47",,,"PENDING","POINT (-122.442647897 37.79900005)","2024 May 28 03:15:57 PM","2024 May 28 03:15:57 PM","Marina","2"
"15159","27854000","33RD AVE","GEARY","OPTICOM",,"1",,"9155000","SIGNAL","EAGLE","2070-TS2-1","MSF","69",,,,"ALL",,"GPS","PROXIM","TSP,FIRE PREEMPT","1341705600000",,,,,,,,,,,,"1959",,,"0",,"0","0","31",,,,"POINT (-122.493297257 37.779688369)","2024 May 28 03:15:57 PM","2024 May 28 03:15:57 PM","Outer Richmond","1"
"15068","32977000","CORBETT","MARKET",,"PORTOLA","8",,"9290000","SIGNAL","MCCAIN","2070-TS2-1","MSF","21",,,,"SOME PHASES",,"GPS",,,"1508889600000",,,,,,,,,,,,"1985",,,"0",,"0","0","49",,,,"POINT (-122.443347263 37.750082609)","2024 May 28 03:15:57 PM","2024 May 28 03:15:57 PM","Noe Valley","8"
"14933","24881000","BAY","EMBARCADERO","VETAG",,"3",,"9189500","SIGNAL","ECONOLITE","2070-TS2-1","MSF","09",,"YES-UPSTEALTH","WIRELESS","ALL","YES","GPS","FIBER","TSP","1297814400000",,,,,,,,,,,,"1976",,,"0",,"0","67","22",,,,"POINT (-122.405658968 37.806673549)","2024 May 28 03:15:57 PM","2024 May 28 03:15:57 PM","North Beach","3"
"15063","24129000","19TH ST","SOUTH VAN NESS","OPTICOM",,"9",,"9115500","SIGNAL","MCCAIN","2070-TS2-1","MSF","64",,,,"ALL",,"GPS",,"FIRE PREEMPT","1439856000000",,,,,,,,,,,,"1975",,,"0",,"0","0","71",,,,"POINT (-122.417025815 37.760367023)","2024 May 28 03:15:57 PM","2024 May 28 03:15:57 PM","Mission","9"
"14485","33411000","JUNIPERO SERRA","MERCEDES",,"WINSTON","7",,"9447000","SIGNAL","MCCAIN","2070-TS2-1","MSF","53",,,"WIRELESS&LOOPS","ALL","YES","GPS","FIBER",,"1058745600000",,,,,,,,,,,,"1951",,,"0",,"0","0","43",,,,"POINT (-122.472056885 37.72682405)","2024 May 28 03:15:57 PM","2024 May 28 03:15:57 PM","West of Twin Peaks","7"
"14623","25091000","CALIFORNIA","JONES","MECHANICAL",,"3",,"9248000","SIGNAL","MCCAIN","2070-TS2-1","MSF","78",,,,"ALL",,"GPS",,"CABLE CAR PREEMPTION","1428364800000",,,,,,,,,,,,"1972",,,"0",,"0","0","10",,,"APS ENAV 2WIRE WALKFIRST PCS (8)","POINT (-122.414107303 37.791416479)","2024 May 28 03:15:57 PM","2024 May 28 03:15:57 PM","Nob Hill","3"
"14767","26544000","FRANKLIN","JACKSON",,,"2",,"9362000","SIGNAL","MCCAIN","2070-TS2-1","MSF","49A","MASTER-GPS",,,"ALL",,"GPS","FIBER",,"1389744000000",,,,,,,,,,,,"1964",,,"0",,"0","0","29",,,,"POINT (-122.424694144 37.793726022)","2024 May 28 03:15:57 PM","2024 May 28 03:15:57 PM","Pacific Heights","2"
"15217","26836000","GEARY","MASONIC","OPTICOM",,"2",,"9384000","SIGNAL","MCCAIN","2070-TS2-1","MSF72","15",,"YES-UPSTEALTH",,"ALL",,,"FIBER,PROXIM","TSP,FIRE PREEMPT","1083628800000",,,,,,,,,,,,"1947",,,"0",,"0","0","31",,,"APS ENAV 4WIRE PCS2 (14)","POINT (-122.447301514 37.782391642)","2024 May 28 03:15:57 PM","2024 May 28 03:15:57 PM","Lone Mountain/USF","2"
"15073","26106000","GLENDALE","MARKET",,,"8",,"9394000","SIGNAL","MCCAIN","2070-TS2-1","MSF","21",,,,"NONE",,"GPS",,,"1508889600000",,,,,,,,,,,,"1985",,,"0",,"0","0","49",,,,"POINT (-122.44221955 37.756639161)","2024 May 28 03:15:57 PM","2024 May 28 03:15:57 PM","Twin Peaks","8"
"15032","24171000","15TH ST","MISSION","OPTICOM",,"9",,"9081500","SIGNAL","MCCAIN","2070-TS2-1","MSF","64",,,,"ALL",,"GPS","PROXIM","TSP,FIRE PREEMPT","1194998400000",,,,,,,,,,,,"1953",,,"0",,"0","0","53",,,,"POINT (-122.419825234 37.766673602)","2024 May 28 03:15:57 PM","2024 May 28 03:15:57 PM","Mission","9"
"14651","30742000","07TH ST","CHARLES J BRENHAM",,"MARKET","5,6",,"9050000","SIGNAL","EAGLE","2070-TS2-1","MSF","01D","MASTER-GPS",,,"ALL",,"GPS","12C,FIBER,PROXIM",,"1310428800000",,,,,,,,,,,,"1953",,,"0",,"0","0","50",,,"APS 4WIRE IN-HOUSE (8)","POINT (-122.412512256 37.780478512)","2024 May 28 03:15:57 PM","2024 May 28 03:15:57 PM","South of Market","6"
"15689","22285000","MALTA","O'SHAUGHNESSY",,,"7,8",,"9471700","BEACON - RRFB","JSF","AB-9X07",,"BEACON",,,,"N.A.","YES",,,,,,,,,,,,,,,,"2017",,,"0",,"0","0",,,,,"POINT (-122.443602236 37.736502584)","2024 May 28 03:16:47 PM","2024 May 28 03:16:47 PM","Glen Park","8"
"15039","24390000","GOUGH","MCCOPPIN","OPTICOM","OTIS","6",,"9405000","SIGNAL","MCCAIN","2070-TS2-1","MSF","21",,,,"ALL",,"GPS",,"TSP,FIRE PREEMPT","1374105600000",,,,,,,,,,,,"1995",,,"0",,"0","0","35",,,"APS iNS 3WIRE QUICKSTRIKE (6)","POINT (-122.420344368 37.77177025)","2024 May 28 03:15:57 PM","2024 May 28 03:15:57 PM","Mission","6"
"14787","26536000","SACRAMENTO","VAN NESS","OPTICOM,TRANSIT BUTTON",,"2,3",,"9529500","SIGNAL","MCCAIN","2070-TS2-1","352i-ATC","49E",,,,"ALL",,"GPS","FIBER","TSP,FIRE PREEMPT,TRANSIT PREEMPT","1478908800000",,,,,,,,,,,,"1948","101(b)",,"50","X","50","0","80",,,"APS iNS 2WIRE VAN NESS (9)","POINT (-122.422514944 37.791288891)","2024 May 28 03:15:57 PM","2024 May 28 03:15:57 PM","Nob Hill","3"
"15070","22865000","DEWEY","LAGUNA HONDA",,"WOODSIDE","7",,"9295000","SIGNAL","MCCAIN","2070-TS2-1","MSF","34","MASTER-GPS",,,"ALL",,"GPS","FIBER",,"1416873600000",,,,,,,,,,,,"1954",,,"0",,"0","0","65",,,"APS ENAV 4WIRE CT34 (13)","POINT (-122.459174375 37.74728632)","2024 May 28 03:15:57 PM","2024 May 28 03:15:57 PM","West of Twin Peaks","7"
"14457","23384000","SUNSET","TARAVAL","VETAG",,"4",,"9536500","SIGNAL","MCCAIN","2070-TS2-1","MSF","37",,,,"ALL",,"GPS",,"TSP","1375488000000",,,,,,,,,,,,"1965",,,"0",,"0","0","73",,,,"POINT (-122.494443285 37.742225027)","2024 May 28 03:15:57 PM","2024 May 28 03:15:57 PM","Sunset/Parkside","4"
"15354","25316000","PACIFIC","POLK","OPTICOM",,"3",,"9507500","SIGNAL","MCCAIN","2070-TS2-1","MSF","78",,,,"ALL",,"GPS",,"FIRE PREEMPT","1283904000000",,,,,,,,,,,,"1973",,,"0",,"0","0","64",,,"APS ENAV 2WIRE POLK (8)","POINT (-122.421582756 37.795027346)","2024 May 28 03:15:57 PM","2024 May 28 03:15:57 PM","Russian Hill","3"
"14988","25623000","22ND ST","GUERRERO",,,"8,9",,"9127000","SIGNAL","MCCAIN","2070-TS2-1","G","64",,,,"ALL",,"GPS",,,"1433289600000",,,,,,,,,,,,"1953",,,"0",,"0","0","37",,,,"POINT (-122.423181 37.755169794)","2024 May 28 03:15:57 PM","2024 May 28 03:15:57 PM","Mission","8"
"14896","25461000","BAY","POWELL","OPTICOM",,"3",,"9194500","SIGNAL","ECONOLITE","2070-TS2-1","G","11A",,,,"ALL",,"GPS","PROXIM","TSP,FIRE PREEMPT","1313539200000",,,,,,,,,,,,"1956",,,"0",,"0","0","03",,,,"POINT (-122.411950088 37.805824931)","2024 May 28 03:15:57 PM","2024 May 28 03:15:57 PM","North Beach","3"
"14842","25185000","FRANKLIN","TURK",,,"2",,"9367000","SIGNAL","MCCAIN","2070-TS2-1","MSF","49",,,,"ALL",,"GPS","FIBER",,"1382400000000",,,,,,,,,,,,"9999",,,"0",,"0","0","28",,,,"POINT (-122.422286646 37.781751804)","2024 May 28 03:15:57 PM","2024 May 28 03:15:57 PM","Western Addition","2"
"15239","27562000","ARGUELLO","EUCLID","OPTICOM",,"1,2",,"9173000","SIGNAL","MCCAIN","2070-TS2-1","MSF","66",,,,"ALL",,"GPS","PROXIM","FIRE PREEMPT","1405555200000",,,,,,,,,,,,"1970",,,"0",,"0","0","02",,,"APS iNAV 2WIRE ARGUELLO (6)","POINT (-122.459044553 37.783826604)","2024 May 28 03:15:57 PM","2024 May 28 03:15:57 PM","Presidio Heights","2"
"15859","34148000","SOUTH GATE","MIDBLOCK",,"HILLCREST","6","I-80 E OFF RAMP & MACALLA","0","PENDING SIGNAL",,,,,,,,"PENDING",,,,,,,,,,,,,,,,,"0",,,"0",,"0","0",,,,,"POINT (-122.363369475 37.810543039)","2024 May 28 03:16:47 PM","2024 May 28 03:16:47 PM","Treasure Island","6"
"15793","19999000","OWENS","MIDBLOCK",,"16TH ST","6","MARIPOSA (UCSF GARAGE)","9506700","SIGNAL","MCCAIN","2070-TS2-1","MSF","ISOLATED",,,"WIRELESS","ALL","YES","GPS",,,"1529107200000",,,,,,,,,,,,"2018",,,"0",,"0","0","67",,,"APS ENAV 2WIRE MISSION BAY (6)","POINT (-122.392439978 37.765723057)","2024 May 28 03:16:47 PM","2024 May 28 03:16:47 PM","Potrero Hill","6"
"15839","21694000","CASTLE MANOR","MAYNARD",,"MISSION","11",,"0","PENDING SIGNAL",,,,"67",,,,"PENDING",,,,"TSP-Planned",,,,,,,,,,,,,"0",,,"0",,"0","0",,,,"PENDING","POINT (-122.430809256 37.729227846)","2024 May 28 03:16:47 PM","2024 May 28 03:16:47 PM","Excelsior","11"
"15484","9751000","OAK","MIDBLOCK","FH BUTTON","FRANKLIN","5","GOUGH","9499500","SIGNAL","ECONOLITE","2070-TS2-1","MSF","16B",,,,"ALL","YES","GPS",,"FIRE PREEMPT","1320796800000",,,,,,,,,,,,"1997",,,"0",,"0","0","58",,,,"POINT (-122.421769676 37.7751268)","2024 May 28 03:16:47 PM","2024 May 28 03:16:47 PM","Hayes Valley","5"
"15828","3242201","BROTHERHOOD WB","MIDBLOCK",,"CHURCH ACCESS RD (800-898)","7",,"0","RADAR SPEED SIGN","SpeedCheck",,,"N/A",,,,"N.A.",,,,,,,,,,,,,,,,,"2020",,,"0",,"0","0",,,,,"POINT (-122.477876791 37.714580816)","2024 May 28 03:16:47 PM","2024 May 28 03:16:47 PM","Lakeshore","7"
"15149","27289000","09TH AVE","GEARY","OPTICOM",,"1",,"9057500","SIGNAL","ECONOLITE","2070-TS2-TYPE-1","MSF","15",,,,"ALL",,"GPS","PROXIM","TSP,FIRE PREEMPT","1082505600000",,,,,,,,,,,,"1958",,,"0",,"0","0","31",,,,"POINT (-122.467487652 37.780879715)","2024 May 28 03:15:57 PM","2024 May 28 03:15:57 PM","Inner Richmond","1"
"14661","24893000","CYRIL MAGNIN","EDDY","OPTICOM",,"3",,"9292000","SIGNAL","MCCAIN","2070-TS2-1","MSF","01D",,,,"ALL",,"GPS","PROXIM","FIRE PREEMPT","1383264000000",,,,,,,,,,,,"1982",,,"0",,"0","0","20",,,,"POINT (-122.408493158 37.78445273)","2024 May 28 03:15:57 PM","2024 May 28 03:15:57 PM","Tenderloin","3"
"15329","25073000","CALIFORNIA","MASON","MECHANICAL",,"3",,"9252000","SIGNAL","ECONOLITE","2070-TS2-1","MSF","78",,,,"ALL",,"GPS",,"CABLE CAR PREEMPTION","1327622400000",,,,,,,,,,,,"1966",,,"0",,"0","0","11",,,,"POINT (-122.410817534 37.791834629)","2024 May 28 03:15:57 PM","2024 May 28 03:15:57 PM","Nob Hill","3"
"14876","24436000","HAYES","POLK",,,"6",,"9426000","SIGNAL","ECONOLITE","2070-TS2-1","MSF","01D",,"YES-UPSTEALTH",,"ALL",,"GPS",,,"1112659200000",,,,,,,,,,,"YES","1953",,,"0",,"0","0","64",,,,"POINT (-122.418043167 37.777511711)","2024 May 28 03:15:57 PM","2024 May 28 03:15:57 PM","Tenderloin","6"
"14606","24996000","SACRAMENTO","STOCKTON","OPTICOM",,"3",,"9529000","SIGNAL","MCCAIN","2070-TS2-1","G","05",,,,"ALL",,"GPS","PROXIM","FIRE PREEMPT","1355011200000",,,,,,,,,,,,"1961",,,"0",,"0","0","69",,,"APS iNS 3WIRE QUICKSTRIKE (8)","POINT (-122.407727186 37.793178302)","2024 May 28 03:15:57 PM","2024 May 28 03:15:57 PM","Chinatown","3"
"14971","23963000","23RD ST","POTRERO","OPTICOM",,"9,10",,"9133000","SIGNAL","MCCAIN","2070-TS2-1","MSF","23",,,,"ALL",,"GPS","FIBER,PROXIM","TSP,FIRE PREEMPT","1196294400000",,,,,,,,,,,,"1948",,,"0",,"0","0","67",,,"APS ENAV 2WIRE POTRERO STSCAPE (6)","POINT (-122.406480459 37.754564212)","2024 May 28 03:15:57 PM","2024 May 28 03:15:57 PM","Mission","9"
"14429","20250000","03RD ST","MARIN","VETAG",,"10",,"9021700","SIGNAL","ECONOLITE","2070-TS2-1","2070-MSF-TS2-TYPE-1","28",,,"VIDEO","ALL","YES","GPS","FIBER","HEAVY RAIL,BRIDGE PREEMPT, TRANSIT PREEMPT","1133222400000",,,,,,,,,,,,"2006",,,"0",,"0","0","75",,,"APS 2WIRE PH1 (8)","POINT (-122.387456311 37.749004759)","2024 May 28 03:15:57 PM","2024 May 28 03:15:57 PM","Bayview Hunters Point","10"
"14689","24431000","GOLDEN GATE","HYDE",,,"5",,"9395500","SIGNAL","ECONOLITE","2070-TS2-TYPE-1","2070-MSF-TS2-TYPE-1","78",,,,"ALL",,"GPS","PROXIM",,"1112054400000",,,,,,,,,,,,"1955",,,"0",,"0","0","34",,,,"POINT (-122.415505179 37.781654262)","2024 May 28 03:15:57 PM","2024 May 28 03:15:57 PM","Tenderloin","5"
"15118","27154000","09TH AVE","IRVING","VETAG",,"7",,"9058000","SIGNAL","ECONOLITE","2070-TS2-TYPE-1","G","56","TBC MASTER",,,"ALL",,"YES","FIBER","TRANSIT PREEMPT","1211500800000",,,,,,,,,,,,"1954",,,"0",,"0","0","46",,,"APS 4WIRE PH2 (8)","POINT (-122.466310621 37.764036989)","2024 May 28 03:15:57 PM","2024 May 28 03:15:57 PM","Inner Sunset","7"
"15328","24751000","CALIFORNIA","GRANT","MECHANICAL",,"3",,"9247000","SIGNAL","EAGLE","2070-TS2-TYPE-1","2070-MSF-TS2-TYPE-1","ISOLATED",,,,"ALL",,,,"CABLE CAR PREEMPTION","1085011200000",,,,,,,,,,,,"1969",,,"0",,"0","0","10",,,,"POINT (-122.405938119 37.792450752)","2024 May 28 03:15:57 PM","2024 May 28 03:15:57 PM","Financial District/South Beach","3"
"15801","34190000","16TH ST","TERRY FRANCOIS",,,"6,10",,"9089300","SIGNAL","MCCAIN","2070-TS2-1","MSF TALL","ISOLATED",,,"VIDEO (GRIDSMART with Performance Module)","ALL","YES","GPS","FIBER",,"1567123200000",,,,,,,,,,,,"2019",,,"0",,"0","100","15",,,"APS ENAV 2WIRE WARRIORS (6)","POINT (-122.385933169 37.767026952)","2024 May 28 03:16:47 PM","2024 May 28 03:16:47 PM","Mission Bay","6"
"14725","23946000","06TH ST","HOWARD",,,"6",,"9044000","SIGNAL","MCCAIN","2070-TS2-1","352i-ATC","75",,,,"ALL",,"GPS","FIBER",,"1336435200000",,,,,,,,,,,,"1956",,,"0",,"0","0","41",,,"APS iNS 2WIRE 6TH ST STREETSCAPE (8)","POINT (-122.407159488 37.779738905)","2024 May 28 03:15:57 PM","2024 May 28 03:15:57 PM","South of Market","6"
"15036","24206000","10TH ST","HARRISON",,,"6",,"9066500","SIGNAL","MCCAIN","2070-TS2-1","MSF","16B",,"YES-UPSTEALTH",,"ALL",,"GPS","PROXIM",,"1431388800000",,,,,,,,,,,,"1948",,,"0",,"0","0","39",,,,"POINT (-122.411277937 37.771578677)","2024 May 28 03:15:57 PM","2024 May 28 03:15:57 PM","South of Market","6"
"14632","24910000","STOCKTON","SUTTER","OPTICOM",,"3",,"9535000","SIGNAL","ECONOLITE","2070-TS2-1","MSF","78",,,,"ALL",,"GPS","12C,PROXIM","TSP,FIRE PREEMPT","1299628800000",,,,,,,,,,,,"1954",,,"0",,"0","0","74",,"CAB/CONT",,"POINT (-122.406956987 37.789433682)","2024 May 28 03:15:57 PM","2024 May 28 03:15:57 PM","Financial District/South Beach","3"
"14595","24703000","CLAY","SANSOME","OPTICOM",,"3",,"9280500","SIGNAL","MCCAIN","2070-TS2-1","MSF","78",,,,"ALL",,"GPS","PROXIM","TSP,FIRE PREEMPT","1431561600000",,,,,,,,,,,,"1967",,,"0",,"0","0","16",,,,"POINT (-122.401487581 37.794839499)","2024 May 28 03:15:57 PM","2024 May 28 03:15:57 PM","Chinatown","3"
"14541","22232000","FOERSTER","MONTEREY",,,"7",,"9353000","SIGNAL","EAGLE","2070-TS2-TYPE-1","G","32","MASTER",,,"ALL",,,"12C",,"1237593600000",,,,,,,,,,,,"1950",,,"0",,"0","0","55",,,"APS ENAV 4WIRE PCS3 (8)","POINT (-122.448866265 37.731542959)","2024 May 28 03:15:57 PM","2024 May 28 03:15:57 PM","West of Twin Peaks","7"
"14791","26611000","CALIFORNIA","FILLMORE","OPTICOM",,"2",,"9245000","SIGNAL","MCCAIN","2070-TS2-1","MSF","73",,,,"ALL",,"GPS","PROXIM","TSP,FIRE PREEMPT","1431475200000",,,,,,,,,,,,"1956",,,"0",,"0","0","11",,,,"POINT (-122.433839654 37.788906284)","2024 May 28 03:15:57 PM","2024 May 28 03:15:57 PM","Pacific Heights","2"
"15791","32891000","36TH AVE","SLOAT",,,"4",,"0","CALTRANS - HAWK",,,,"CALTRANS",,,,"ALL","YES",,,,,,,,,,,,,,,,"2018","35(b)","X","100",,"0","0","not ours",,,"APS HAWK","POINT (-122.493345444 37.73400853)","2024 May 28 03:16:47 PM","2024 May 28 03:16:47 PM","Sunset/Parkside","4"
"14672","24905000","CYRIL MAGNIN","O'FARRELL","OPTICOM",,"3,5",,"9293000","SIGNAL","MCCAIN","2070-TS2-1","G","78",,,,"ALL",,"GPS","PROXIM","TSP,FIRE PREEMPT","1350172800000",,,,,,,,,,,,"1973",,,"0",,"0","0","60",,,,"POINT (-122.408941028 37.786295916)","2024 May 28 03:15:57 PM","2024 May 28 03:15:57 PM","Tenderloin","5"
"14873","30069000","LAGUNA","OAK",,,"5",,"9454000","SIGNAL","ECONOLITE","2070-TS2-1","MSF-TS2-1-TALL","16",,,,"ALL",,"GPS","FIBER",,"1077148800000",,,,,,,,,,,,"1955",,,"0",,"0","0","58",,,"APS ENAV 2WIRE OCTAVIA BULB (8)","POINT (-122.425888498 37.774598786)","2024 May 28 03:15:57 PM","2024 May 28 03:15:57 PM","Hayes Valley","5"
"15700","27862000","37TH AVE","FULTON","OPTICOM",,"1",,"9156700","SIGNAL","MCCAIN","2070-TS2-1","MSF","55",,,"WIRELESS","ALL","YES","GPS",,"TSP,FIRE PREEMPT","1509580800000",,,,,,,,,,,,"2017",,,"0",,"0","0","30",,,"APS ENAV 2WIRE CT63 (6)","POINT (-122.497046822 37.771982947)","2024 May 28 03:16:47 PM","2024 May 28 03:16:47 PM","Golden Gate Park","1"
"15548","23785000","07TH ST","16TH ST",,"MISSISSIPPI","6,10",,"9047300","SIGNAL",,"2070-TS2-TYPE-1","2070-MSF-TS2-TYPE-1","ISOLATED",,"YES-UPSTEALTH",,"ALL",,"GPS","FIBER",,"1141516800000",,,,,,,,,,,,"2006",,,"0",,"0","0","85",,,"PENDING","POINT (-122.395060544 37.76654457)","2024 May 28 03:16:47 PM","2024 May 28 03:16:47 PM","Mission Bay","10"
"14897","25473000","BAY","MASON",,,"3",,"9193000","SIGNAL","MCCAIN","2070-TS2-1","G","11A",,,,"ALL",,"GPS",,,"1458777600000",,,,,,,,,,,,"1971",,,"0",,"0","0","03",,,,"POINT (-122.413604168 37.80561848)","2024 May 28 03:15:57 PM","2024 May 28 03:15:57 PM","North Beach","3"
"14740","24597000","02ND ST","MISSION","OPTICOM",,"6",,"9007000","SIGNAL","MCCAIN","2070-TS2-1","MSF","74",,,,"ALL",,"GPS","FIBER,PROXIM","FIRE PREEMPT","1054684800000",,,,,,,,,,,,"1957",,,"0",,"0","0","52",,"Colicky","APS ENAV 2WIRE 2ND ST (8)","POINT (-122.399798024 37.78800716)","2024 May 28 03:15:57 PM","2024 May 28 03:15:57 PM","Financial District/South Beach","6"
"15831","8673101","MANSELL EB","MIDBLOCK",,"JOHN F SHELLEY DR EAST","9,10","JOHN F SHELLEY DR WEST","0","RADAR SPEED SIGN","SpeedCheck",,,"N/A",,,,"N.A.",,,,,,,,,,,,,,,,,"2020",,,"0",,"0","0",,,,,"POINT (-122.416697045 37.718358181)","2024 May 28 03:16:47 PM","2024 May 28 03:16:47 PM","McLaren Park","9"
"14908","30039000","BROADWAY","SANSOME",,,"3",,"9214500","SIGNAL","MCCAIN","2070-TS2-1","MSF","07A",,,,"ALL",,"GPS",,,"1407369600000",,,,,,,,,,,,"1959",,,"0",,"0","0","06",,,,"POINT (-122.402228639 37.798429702)","2024 May 28 03:15:57 PM","2024 May 28 03:15:57 PM","Financial District/South Beach","3"
"15585","9942000","OLYMPIA","MIDBLOCK","FH BUTTON","CLARENDON","7",,"9506200","BEACON",,,,"BEACON",,,,"n.a.",,,,"FIRE PREEMPT",,,,,,,,,,,,,"0",,,"0",,"0","0",,,,,"POINT (-122.45636042 37.751421065)","2024 May 28 03:16:47 PM","2024 May 28 03:16:47 PM","Twin Peaks","7"
"15014","25865000","DOLORES","MARKET",,,"8",,"9305000","SIGNAL","MCCAIN","2070-TS2-1","MSF","21","MASTER-GPS",,,"ALL",,"GPS","FIBER",,"1167609600000",,,,,,,,,,,,"1990",,,"0",,"0","0","49",,,"APS iNAV 3WIRE UPPER MARKET (4)","POINT (-122.42685829 37.769042389)","2024 May 28 03:15:57 PM","2024 May 28 03:15:57 PM","Castro/Upper Market","8"
"15317","21589000","ALEMANY","SICKLES",,,"11",,"9166000","SIGNAL","MCCAIN","2070-TS2-1","G","ISOLATED",,,,"PENDING",,"GPS",,,"1449014400000",,,,,,,,,,,,"1958",,,"0",,"0","0","01",,,"PENDING","POINT (-122.454885126 37.710478553)","2024 May 28 03:15:57 PM","2024 May 28 03:15:57 PM","Outer Mission","11"
"14443","20457000","03RD ST","EGBERT","VETAG",,"10",,"9014900","SIGNAL",,"2070-TS2-TYPE-1","2070-MSF-TS2-TYPE-1","28",,,"VIDEO","ALL","YES","GPS","FIBER","TSP,HEAVY RAIL PREEMPT","1106611200000",,,,,,,,,,,,"2005",,,"0",,"0","0","75",,,,"POINT (-122.394926152 37.723972564)","2024 May 28 03:15:57 PM","2024 May 28 03:15:57 PM","Bayview Hunters Point","10"
"14816","25186000","EDDY","VAN NESS","OPTICOM",,"2,5",,"9316500","SIGNAL","MCCAIN","2070-TS2-1","352I-ATC","49D",,,,"ALL",,"GPS",,"FIRE PREEMPT","1478908800000",,,,,,,,,,,,"1948","101(b)",,"50","X","50","0","80",,,"APS iNS 2WIRE VAN NESS (10)","POINT (-122.420817003 37.782894122)","2024 May 28 03:15:57 PM","2024 May 28 03:15:57 PM","Tenderloin","5"
"15706","24543000","02ND ST","NATOMA",,,"6",,"9007300","SIGNAL","MCCAIN","2070-TS2-1","MSF","74",,,"VIDEO (GRIDSMART)","ALL","YES","GPS",,,"1553212800000",,,,,,,,,,,,"2019",,,"0",,"0","0","41",,,"APS ENAV 2WIRE 2ND ST (4)","POINT (-122.3987896 37.787203463)","2024 May 28 03:16:47 PM","2024 May 28 03:16:47 PM","Financial District/South Beach","6"
"14970","23953000","24TH ST","POTRERO","OPTICOM",,"9,10",,"9138500","SIGNAL","MCCAIN","2070-TS2-1","MSF","23",,,"WIRELESS","ALL",,"GPS","FIBER,PROXIM","TSP,FIRE PREEMPT","1266278400000",,,,,,,,,,,,"1948",,,"0",,"0","0","67",,,"APS ENAV 2WIRE POTRERO STSCAPE (8)","POINT (-122.406336238 37.75300403)","2024 May 28 03:15:57 PM","2024 May 28 03:15:57 PM","Mission","9"
"14885","30766000","BEACH","HYDE","MECHANICAL",,"2,3",,"9202000","SIGNAL","ECONOLITE","2070-TS2-1","MSF","ISOLATED",,,,"ALL",,,"FIBER","CABLE CAR PREEMPTION","1299801600000",,,,,,,,,,,,"1976",,,"0",,"0","0","57",,,,"POINT (-122.420559965 37.806657733)","2024 May 28 03:15:57 PM","2024 May 28 03:15:57 PM","Russian Hill","2"
"15381","25210000","BUSH","POLK","OPTICOM",,"3",,"9238000","SIGNAL","MCCAIN","2070-TS2-1","MSF","78",,,,"ALL",,"GPS","FIBER","FIRE PREEMPT","1079568000000",,,,,,,,,,,,"1949",,,"0",,"0","0","64",,,"APS ENAV 4WIRE POLK (8)","POINT (-122.420306882 37.788699046)","2024 May 28 03:15:57 PM","2024 May 28 03:15:57 PM","Nob Hill","3"
"15407","25918000","GOUGH","HAYES",,,"5",,"9403000","SIGNAL","MCCAIN","2070-TS2-1","MSF","16B",,,,"ALL",,"GPS","FIBER",,"1236643200000",,,,,,,,,,,,"1952",,,"0",,"0","0","35",,,"APS ENAV 4WIRE CT33 (8)","POINT (-122.422978149 37.776883527)","2024 May 28 03:16:47 PM","2024 May 28 03:16:47 PM","Hayes Valley","5"
"14947","25614000","24TH ST","DOLORES",,,"8",,"9136000","SIGNAL","MCCAIN","2070-TS2-1","G","64",,,,"ALL",,"GPS",,,"1485216000000",,,,,,,,,,,,"1953",,,"0",,"0","0","19",,,"APS ENAV 4WIRE CT34 (8)","POINT (-122.425152542 37.751841785)","2024 May 28 03:15:57 PM","2024 May 28 03:15:57 PM","Mission","8"
"15280","23803000","02ND ST","BRANNAN",,,"6",,"9003500","SIGNAL","EAGLE","2070-TS2-1","MSF","74",,,,"ALL",,"GPS","PROXIM",,"1032393600000",,,,,,,,,,,,"1956",,,"0",,"0","0","05",,"CK CAB/CONT","APS ENAV 2WIRE 2ND ST (8)","POINT (-122.392077449 37.78184617)","2024 May 28 03:15:57 PM","2024 May 28 03:15:57 PM","Financial District/South Beach","6"
"14879","26002000","OAK","PIERCE",,,"5",,"9500500","SIGNAL","ECONOLITE","2070-TS2-1","2070-MSF-TS2-TYPE-1","16",,,,"ALL",,"GPS","FIBER",,"1011744000000",,,,,,,,,,,,"1955",,,"0",,"0","0","58",,,,"POINT (-122.434109011 37.773549377)","2024 May 28 03:15:57 PM","2024 May 28 03:15:57 PM","Hayes Valley","5"
"15824","20596000","MANSELL","SOMERSET",,,"9,10",,"0","BEACON - RRFB","JSF","AB-9X07",,"BEACON",,,,"n.a.","YES",,,,,,,,,,,,,,,,"2020",,,"0",,"0","0",,,,,"POINT (-122.40500937 37.720508681)","2024 May 28 03:16:47 PM","2024 May 28 03:16:47 PM","Portola","9"
"15606","20241000","EVANS","PHELPS",,,"10",,"9333800","SIGNAL",,"2070-TS2-TYPE-1","2070-MSF-TS2-TYPE-1","28",,,"VIDEO","ALL","YES",,,,"1161648000000",,,,,,,,,,,,"2006",,,"0",,"0","0","24",,,"APS 2WIRE PH1 (8)","POINT (-122.388455029 37.742980617)","2024 May 28 03:16:47 PM","2024 May 28 03:16:47 PM","Bayview Hunters Point","10"
"14743","26764000","BAY","CERVANTES","OPTICOM","FILLMORE","2",,"9188500","SIGNAL","MCCAIN","2070-TS2-1","MSF","11",,,,"ALL",,"GPS","PROXIM","FIRE PREEMPT","1415059200000",,,,,,,,,,,,"1950",,,"0",,"0","0","03",,,,"POINT (-122.436693348 37.802628424)","2024 May 28 03:15:57 PM","2024 May 28 03:15:57 PM","Marina","2"
"14994","24106000","23RD ST","VALENCIA",,,"9",,"9134000","SIGNAL","MCCAIN","2070-TS2-1","G","22",,,,"ALL",,"GPS",,,"1536796800000",,,,,,,,,,,,"1974",,,"0",,"0","0","79",,,,"POINT (-122.420812136 37.753703094)","2024 May 28 03:15:57 PM","2024 May 28 03:15:57 PM","Mission","9"
"15762","27804000","41ST AVE","CHAIN OF LAKES",,"LINCOLN","4",,"9156900","FLASHER","JSF",,,"FLASHER",,,,"N.A.",,,,,,,,,,,,,,,,,"2017",,,"0",,"0","0","73",,,,"POINT (-122.500830596 37.764406141)","2024 May 28 03:16:47 PM","2024 May 28 03:16:47 PM","Sunset/Parkside","4"
"14766","26754000","BAY","LAGUNA",,,"2",,"9191500","SIGNAL","MCCAIN","2070-TS2-1","MSF","11",,,,"SOME PHASES",,"GPS",,,"1467158400000",,,,,,,,,,,,"1953",,,"0",,"0","0","03",,,,"POINT (-122.431679369 37.803266736)","2024 May 28 03:15:57 PM","2024 May 28 03:15:57 PM","Marina","2"
"15096","27143000","07TH AVE","JUDAH",,,"7",,"9045500","SIGNAL","MCCAIN","2070-TS2-1","MSF","35","MASTER-GPS",,,"ALL",,"GPS",,,"1489536000000",,,,,,,,,,,,"1954",,,"0",,"0","0","46",,,,"POINT (-122.464042006 37.762268849)","2024 May 28 03:15:57 PM","2024 May 28 03:15:57 PM","Inner Sunset","7"
"14631","24911000","BUSH","STOCKTON","OPTICOM",,"3",,"9240500","SIGNAL","ECONOLITE","2070-TS2-TYPE-1","2070-MSF-TS2-TYPE-1","78",,,,"ALL",,"GPS","FIBER,PROXIM","FIRE PREEMPT","1080777600000",,,,,,,,,,,,"1949",,,"0",,"0","0","08",,,,"POINT (-122.407131716 37.79036847)","2024 May 28 03:15:57 PM","2024 May 28 03:15:57 PM","Financial District/South Beach","3"
"14622","25088000","CALIFORNIA","TAYLOR",,,"3",,"9257000","SIGNAL","MCCAIN","2070-TS2-1","MSF","78",,,,"ALL",,"GPS",,,"1368576000000",,,,,,,,,,,,"1967",,,"0",,"0","0","10",,,"APS ENAV 4WIRE WF PCS (8)","POINT (-122.412460881 37.791627075)","2024 May 28 03:15:57 PM","2024 May 28 03:15:57 PM","Nob Hill","3"
"15833","22464000","GOETHE","SAN JOSE",,,"11",,"0","CALTRANS - HAWK",,,,"CALTRANS",,,,"ALL","YES",,,,,,,,,,,,,,,,"2020","82","X","100",,"0","0","not ours",,,"APS HAWK","POINT (-122.458834222 37.708425526)","2024 May 28 03:16:47 PM","2024 May 28 03:16:47 PM","Outer Mission","11"
"15220","26621000","DIVISADERO","GEARY","OPTICOM",,"2,5",,"9298000","SIGNAL","MCCAIN","2070-TS2-1","MSF72","72",,"2003 CANDIDATE",,"ALL",,"GPS","FIBER","FIRE PREEMPT","1338681600000",,,,,,,,,,,,"1961",,,"0",,"0","0","31",,,"APS iNS 2WIRE GEARY RAPID (11)","POINT (-122.439480381 37.783308488)","2024 May 28 03:15:57 PM","2024 May 28 03:15:57 PM","Japantown","5"
"15233","26826000","BAKER","PINE",,,"2",,"9182000","SIGNAL","EAGLE","2070-TS2-TYPE-1","2070-MSF-TS2-TYPE-1","73",,,,"ALL",,"GPS",,,"1013558400000",,,,,,,,,,,,"1949",,,"0",,"0","0","63",,,,"POINT (-122.443559779 37.786690919)","2024 May 28 03:15:57 PM","2024 May 28 03:15:57 PM","Pacific Heights","2"
"15748","8776104","MARKET","MIDBLOCK",,"ARGENT","8","ROMAIN","0","RADAR SPEED SIGN",,,,"N/A",,,,"N.A.",,,,,,,,,,,,,,,,,"2009",,,"0",,"0","0",,,,,"POINT (-122.441993984 37.754217456)","2024 May 28 03:16:47 PM","2024 May 28 03:16:47 PM","Twin Peaks","8"
"15116","28106000","CROSSOVER","PARK PRESIDIO BYPASS",,,"1",,"9291500","SIGNAL","EAGLE","2070-TS2-1","352i-ATC","15",,,,"n.a.",,"GPS",,"TSP-Planned","1263427200000",,,,,,,,,,,,"1946","1(a)",,"67","X","33","0","56",,,,"POINT (-122.479503962 37.771268575)","2024 May 28 03:15:57 PM","2024 May 28 03:15:57 PM","Golden Gate Park","1"
"15127","26347000","FELL","MASONIC",,,"5",,"9340500","SIGNAL","ECONOLITE","2070-TS2-TYPE-1","MSF","16",,,,"ALL",,"GPS","FIBER","TSP-Planned","1017705600000",,,,,,,,,,,"YES; FUTURE EXPANSION","1954",,,"0",,"0","0","25",,,"APS 4WIRE PH2 (8)","POINT (-122.445902366 37.772995406)","2024 May 28 03:15:57 PM","2024 May 28 03:15:57 PM","Lone Mountain/USF","5"
"15430","27149000","07TH AVE","IRVING",,,"7",,"9045000","SIGNAL","MCCAIN","2070-TS2-1","MSF","35",,,,"ALL",,"GPS",,,"1341100800000",,,,,,,,,,,,"1954",,,"0",,"0","0","46",,,,"POINT (-122.464172023 37.76413087)","2024 May 28 03:16:47 PM","2024 May 28 03:16:47 PM","Inner Sunset","7"
"15512","20656000","BAYSHORE","SILVER","OPTICOM",,"9,10",,"9200300","SIGNAL","ECONOLITE","2070-TS2-1","MSF","86",,,"WIRELESS","ALL","YES","GPS","PROXIM","FIRE PREEMPT","1210118400000",,,,,,,,,,,,"1955","101(a)",,"0","X","100","0","04",,,"APS iNS 2WIRE CALTRANS APS (8)","POINT (-122.404656542 37.732948835)","2024 May 28 03:16:47 PM","2024 May 28 03:16:47 PM","Bayview Hunters Point","10"
"15616","26640000","CALIFORNIA","PIERCE","OPTICOM",,"2",,"9253300","SIGNAL","MCCAIN","2070-TS2-1","MSF","73",,,,"ALL",,"GPS","PROXIM","TSP,FIRE PREEMPT","1337817600000",,,,,,,,,,,,"2012",,,"0",,"0","0","11",,,,"POINT (-122.437129195 37.788487862)","2024 May 28 03:16:47 PM","2024 May 28 03:16:47 PM","Pacific Heights","2"
"14446","20466000","03RD ST","KEY","VETAG",,"10",,"9019800","SIGNAL",,"2070-TS2-TYPE-1","2070-MSF-TS2-TYPE-1","28",,,"WIRELESS","ALL","YES","GPS","FIBER","TSP","1107302400000",,,,,,,,,,,,"2005",,,"0",,"0","0","75",,,,"POINT (-122.396954352 37.719476579)","2024 May 28 03:15:57 PM","2024 May 28 03:15:57 PM","Bayview Hunters Point","10"
"15595","26928000","GEARY","SPRUCE","OPTICOM",,"2",,"9386700","SIGNAL","ECONOLITE","2070-TS2-TYPE-1","2070-MSF-TS2-TYPE-1","15",,,,"ALL",,"GPS","FIBER,PROXIM","TSP,FIRE PREEMPT","1231372800000",,,,,,,,,,,,"2009",,,"0",,"0","0","31",,,,"POINT (-122.453170388 37.781717428)","2024 May 28 03:16:47 PM","2024 May 28 03:16:47 PM","Presidio Heights","2"
"15522","6268000","GOLDEN GATE","MIDBLOCK",,"GOUGH","5","LAGUNA","9398500","PENDING SIGNAL - FLASHER",,,"STD","71",,,,"n.a.",,,,,,,,,,,,,,,,,"1955",,,"0",,"0","0","34",,,,"POINT (-122.425331042 37.780407774)","2024 May 28 03:16:47 PM","2024 May 28 03:16:47 PM","Western Addition","5"
"14919","25030000","GRANT","JACKSON",,,"3",,"9410500","SIGNAL","MCCAIN","2070-TS2-1","MSF65-ATC","04",,,,"SOME PHASES",,"GPS",,,"1669766400000",,,,,,,,,,,,"1973",,,"0",,"0","0","42",,,,"POINT (-122.406652352 37.79602475)","2024 May 28 03:15:57 PM","2024 May 28 03:15:57 PM","Chinatown","3"
"15295","30018000","ESSEX","HARRISON","LOOPS","I-80 W ON RAMP","6",,"9332000","SIGNAL","MCCAIN","2070-TS2-1","342","74",,,"LOOPS","ALL",,,,"ACTUATED TRANSIT PHASE","1353974400000",,,,,,,,,,,,"1998","80(a)",,"25","X","75","0","39",,,"APS iNS 3WIRE CALTRANS APS (4)","POINT (-122.394099272 37.785149309)","2024 May 28 03:15:57 PM","2024 May 28 03:15:57 PM","Financial District/South Beach","6"
"14563","20213000","03RD ST","MCKINNON","VETAG",,"10",,"9022500","SIGNAL",,"2070-TS2-TYPE-1","2070-MSF-TS2-TYPE-1","28",,,,"ALL",,"GPS","FIBER","TSP","1102982400000",,,,,,,,,,,,"1948",,,"0",,"0","0","75",,,,"POINT (-122.390145051 37.736390195)","2024 May 28 03:15:57 PM","2024 May 28 03:15:57 PM","Bayview Hunters Point","10"
"15316","23572000","03RD ST","MARIPOSA","VETAG",,"6,10",,"9022000","SIGNAL","ECONOLITE","2070-TS2-TYPE-1","2070-MSF-TS2-TYPE-1","28",,,"VIDEO (GRIDSMART with Performance Module)","ALL",,"GPS","FIBER","TSP","1080691200000",,,,,,,,,,,,"1949",,,"0",,"0","0","75",,,"APS 2WIRE PH1 (10)","POINT (-122.388851283 37.764321835)","2024 May 28 03:15:57 PM","2024 May 28 03:15:57 PM","Potrero Hill","10"
"15415","25512000","HYDE","UNION","MECHANICAL",,"3",,"9436000","SIGNAL","ECONOLITE","2070-TS2-1","MSF","ISOLATED",,,,"NONE",,"GPS",,"CABLE CAR PREEMPTION","1325116800000",,,,,,,,,,,,"1984",,,"0",,"0","0","64",,,,"POINT (-122.419048779 37.799198439)","2024 May 28 03:16:47 PM","2024 May 28 03:16:47 PM","Russian Hill","3"
"15625","26440000","PAGE","STANYAN",,,"5",,"9509700","SIGNAL","MCCAIN","2070-TS2-1","G","17",,,,"ALL",,"GPS",,,"1337817600000",,,,,,,,,,,,"2012",,,"0",,"0","0","72",,,"APS ENAV 4WIRE CT60 (6)","POINT (-122.453726227 37.77009808)","2024 May 28 03:16:47 PM","2024 May 28 03:16:47 PM","Golden Gate Park","5"
"14494","22585000","OCEAN","PLYMOUTH","VETAG",,"7,11",,"9503500","SIGNAL","EAGLE","2070-TS2-1","2070-MSF-TS2-TYPE-1","31",,,,"ALL",,"GPS",,"TSP","1042070400000",,,,,,,,,,,,"1965",,,"0",,"0","0","59",,,,"POINT (-122.456516016 37.723963817)","2024 May 28 03:15:57 PM","2024 May 28 03:15:57 PM","Oceanview/Merced/Ingleside","11"
"15490","23126000","LAKE MERCED","MIDDLEFIELD",,,"4,7",,"9456500","SIGNAL","MCCAIN","2070-TS2-1","MSF","ISOLATED",,,"WIRELESS&LOOPS","ALL","YES","GPS",,"TSP-Planned","1351555200000",,,,,,,,,,,,"1999",,,"0",,"0","0","44",,,"APS ENAV 2WIRE (5)","POINT (-122.486552072 37.729585011)","2024 May 28 03:16:47 PM","2024 May 28 03:16:47 PM","Sunset/Parkside","4"
"15465","6436201","GREAT HIGHWAY","VICENTE",,,"4",,"9418500","SIGNAL","MCCAIN","2070-TS2-1","G","38",,,,"ALL",,"GPS",,,"1395964800000",,,,,,,,,,,,"1988",,,"0",,"0","0","36",,,"FUTURE","POINT (-122.506984557 37.737950503)","2024 May 28 03:16:47 PM","2024 May 28 03:16:47 PM","Sunset/Parkside","4"
"15240","26948000","CALIFORNIA","MAPLE","OPTICOM","PARKER","2",,"9251500","SIGNAL","ECONOLITE","2070-TS2-1","G","14",,,,"ALL","YES","GPS","PROXIM","FIRE PREEMPT","1318464000000",,,,,,,,,,,,"1955",,,"0",,"0","0","11",,,,"POINT (-122.455049758 37.78620878)","2024 May 28 03:15:57 PM","2024 May 28 03:15:57 PM","Presidio Heights","2"
"15752","1278700","MADRONE","ULLOA - EB",,,"7",,"0","RADAR SPEED SIGN","SpeedCheck",,,"N/A",,,,"N.A.",,,,,,,,,,,,,,,,,"2016",,,"0",,"0","0",,,,,"POINT (-122.467568582 37.741500031)","2024 May 28 03:16:47 PM","2024 May 28 03:16:47 PM","West of Twin Peaks","7"
"15573","23784000","16TH ST","OWENS","OPTICOM",,"6",,"9087700","SIGNAL","MCCAIN","2070-TS2-1","MSF","68","MASTER-GPS",,"VIDEO","ALL","YES","GPS","PROXIM","FIRE PREEMPT","1163548800000",,,,,,,,,,,,"2006",,,"0",,"0","0","67",,,"PENDING","POINT (-122.393000952 37.766671276)","2024 May 28 03:16:47 PM","2024 May 28 03:16:47 PM","Mission Bay","6"
"15393","25176000","EDDY","POLK",,,"5",,"9315500","SIGNAL","MCCAIN","2070-TS2-1","MSF","78",,,,"ALL",,"GPS",,,"1308009600000",,,,,,,,,,,,"1962",,,"0",,"0","0","64",,,"APS ENAV 2WIRE POLK (9)","POINT (-122.419181704 37.7831014)","2024 May 28 03:15:57 PM","2024 May 28 03:15:57 PM","Tenderloin","5"
"14739","24632000","04TH ST","MISSION","OPTICOM",,"6",,"9031500","SIGNAL","MCCAIN","2070-TS2-1","MSF","75",,"2003 CANDIDATE",,"ALL",,"GPS","PROXIM","FIRE PREEMPT","1081468800000",,,,,,,,,,,,"1956",,,"0",,"0","0","52",,,"APS 4WIRE PH2 (8)","POINT (-122.404266873 37.784478745)","2024 May 28 03:15:57 PM","2024 May 28 03:15:57 PM","South of Market","6"
"14825","25966000","GOLDEN GATE","WEBSTER",,,"5",,"9401500","SIGNAL","MCCAIN","2070-TS2-1","MSF","71",,,,"ALL",,"GPS",,,"1458086400000",,,,,,,,,,,,"1955",,,"0",,"0","0","34",,,"APS ENAV 2WIRE WEBSTER (8)","POINT (-122.430233236 37.779782794)","2024 May 28 03:15:57 PM","2024 May 28 03:15:57 PM","Western Addition","5"
"15655","54093000","04TH ST","GENE FRIEND",,,"6",,"9029800","SIGNAL","ECONOLITE","2070-TS2-1","G","ISOLATED",,,,"ALL","YES",,,,"1288310400000",,,,,,,,,,,,"2010",,,"0",,"0","0","23",,,"APS 4WIRE ENAV MISSION BAY (4)","POINT (-122.39098041 37.76871918)","2024 May 28 03:16:47 PM","2024 May 28 03:16:47 PM","Mission Bay","6"
"15322","21837000","DOLORES","RANDALL","TRACK CIRCUIT","SAN JOSE","8,9",,"9305500","SIGNAL","ECONOLITE","2070-TS2-1","2070-MSF-TS2-TYPE-1","24",,"YES-UPSTEALTH",,"ALL",,"GPS",,"TRANSIT PREEMPT","1188432000000",,,,,,,,,,,,"1950",,,"0",,"0","0","70",,,"APS iNS 3WIRE CITYWIDE NEW APS (12)","POINT (-122.424147155 37.73986923)","2024 May 28 03:15:57 PM","2024 May 28 03:15:57 PM","Bernal Heights","8"
"15089","27694000","ORTEGA","SUNSET",,,"4",,"9506500","SIGNAL","MCCAIN","2070-TS2-1","G","37",,,"LOOPS (NOT USED)","ALL",,"GPS",,"TSP-Planned","1406764800000",,,,,,,,,,,,"1996",,,"0",,"0","0","73",,,,"POINT (-122.49509826 37.751544767)","2024 May 28 03:15:57 PM","2024 May 28 03:15:57 PM","Sunset/Parkside","4"
"15441","26036000","BRODERICK","OAK",,,"5",,"9218500","SIGNAL","ECONOLITE","2070-TS2-TYPE-1","2070-MSF-TS2-TYPE-1","16",,,,"ALL",,"GPS","FIBER",,"1014854400000",,,,,,,,,,,,"1955",,,"0",,"0","0","58",,,,"POINT (-122.439088601 37.772921982)","2024 May 28 03:16:47 PM","2024 May 28 03:16:47 PM","Haight Ashbury","5"
"15007","24358000","12TH ST","MISSION","OPTICOM,TRANSIT BUTTON","OTIS","6","SOUTH VAN NESS","9072000","SIGNAL","MCCAIN","2070-TS2-1","352i-ATC","ISOLATED",,,"VIDEO (GRIDSMART)","ALL",,"GPS","FIBER","FIRE PREEMPT,TRANSIT PREEMPT","1051920000000",,,,,,,,,,,,"1955","101(b)",,"50","X","50","0","52",,,"APS iNS 2WIRE VAN NESS (12)","POINT (-122.418618216 37.773053454)","2024 May 28 03:15:57 PM","2024 May 28 03:15:57 PM","Mission","6"
"15190","26053000","DIVISADERO","HAYES","OPTICOM",,"5",,"9299500","SIGNAL","ECONOLITE","2070-TS2-1","G","16",,,,"ALL",,"GPS","WIRELESS","TSP,FIRE PREEMPT","1326844800000",,,,,,,,,,,,"1967",,,"0",,"0","0","40",,,,"POINT (-122.437798747 37.774991948)","2024 May 28 03:15:57 PM","2024 May 28 03:15:57 PM","Hayes Valley","5"
"15751","2183101","ALEMANY - EB","MIDBLOCK",,"RAMSELL","7","VICTORIA","0","RADAR SPEED SIGN","SpeedCheck",,,"N/A",,,,"N.A.",,,,,,,,,,,,,,,,,"2016",,,"0",,"0","0","01",,,,"POINT (-122.465548616 37.711707511)","2024 May 28 03:16:47 PM","2024 May 28 03:16:47 PM","Oceanview/Merced/Ingleside","7"
"15262","23589000","02ND ST","KING","VETAG",,"6",,"9006000","SIGNAL","ECONOLITE","2070-TS2-1","MSF","09",,"YES-UPSTEALTH","WIRELESS&LOOPS","ALL","No","GPS","FIBER","TSP","1134604800000",,,,,,,,,,,,"1994",,,"0",,"0","0","23",,"LATER","APS 4WIRE PH1 (9)","POINT (-122.389590167 37.779850479)","2024 May 28 03:15:57 PM","2024 May 28 03:15:57 PM","Mission Bay","6"
"14574","24675000","BATTERY","CALIFORNIA","OPTICOM",,"3",,"9184000","SIGNAL","MCCAIN","2070-TS2-1","MSF","78",,,,"ALL",,"GPS",,"FIRE PREEMPT","1464307200000",,,,,,,,,,,,"1953",,,"0",,"0","0","10",,,,"POINT (-122.399958736 37.793209102)","2024 May 28 03:15:57 PM","2024 May 28 03:15:57 PM","Financial District/South Beach","3"
"15087","27333000","19TH AVE","ORTEGA","OPTICOM",,"4,7",,"9108000","SIGNAL","ECONOLITE","2070-TS2-1","332","36",,,"LOOPS","ALL","YES","GPS","FIBER","TSP,FIRE PREEMPT","1242691200000",,,,,,,,,,,,"1946","1(a)",,"50","X","50","0","56",,,"PENDING","POINT (-122.47629224 37.752378599)","2024 May 28 03:15:57 PM","2024 May 28 03:15:57 PM","Sunset/Parkside","7"
"14938","22435000","PORTOLA","TWIN PEAKS",,,"7,8",,"9521500","SIGNAL","PEEK","2070-TS2-1","MSF","33A",,,"VIDEO (GRIDSMART)","PENDING","NO",,"12C",,"1223337600000",,,,,,,,,,,,"1969",,,"0",,"0","0","65",,"PED/PPB?","PENDING","POINT (-122.450852983 37.745825831)","2024 May 28 03:15:57 PM","2024 May 28 03:15:57 PM","Glen Park","8"
"15462","9095000","MISSION","MIDBLOCK","OPTICOM","03RD ST","6","04TH ST","9486500","SIGNAL","MCCAIN","2070-TS2-1","MSF","74",,,,"ALL",,"GPS","PROXIM","TSP,FIRE PREEMPT","1352678400000",,,,,,,,,,,,"1994",,,"100","X","0","0","52",,,"APS 4WIRE IN-HOUSE (2)","POINT (-122.403085142 37.785367207)","2024 May 28 03:16:47 PM","2024 May 28 03:16:47 PM","Financial District/South Beach","6"
"15546","24542000","01ST ST","MINNA",,"TRANSBAY TERMINAL","6",,"9002500","SIGNAL","MCCAIN","2070-TS2-1","MSF TALL","74",,,"VIDEO (GRIDSMART)","ALL","YES","GPS",,,"999907200000",,,,,,,,,,,,"2001",,,"0",,"0","0","52",,,"APS ENAV 2WIRE TRANSBAY (8)","POINT (-122.397034795 37.789332652)","2024 May 28 03:16:47 PM","2024 May 28 03:16:47 PM","Financial District/South Beach","6"
"15144","27225000","ANZA","ARGUELLO",,,"1,2",,"9167500","SIGNAL","MCCAIN","2070-TS2-1","MSF65-ATC","44",,,,"ALL",,"GPS",,,"1574121600000",,,,,,,,,,,,"1968",,,"0",,"0","0","02",,,"APS iNAV 2WIRE ARGUELLO (8)","POINT (-122.458731623 37.779333159)","2024 May 28 03:15:57 PM","2024 May 28 03:15:57 PM","Lone Mountain/USF","2"
"14732","24299000","08TH ST","HOWARD","OPTICOM",,"6",,"9056000","SIGNAL","MCCAIN","2070-TS2-1","MSF","75",,"YES-UPSTEALTH",,"ALL",,"GPS","FIBER,PROXIM","TSP,FIRE PREEMPT","1128470400000",,,,,,,,,,,,"1956",,,"0",,"0","0","41",,,,"POINT (-122.411606113 37.776221356)","2024 May 28 03:15:57 PM","2024 May 28 03:15:57 PM","South of Market","6"
"14911","24768000","BROADWAY","MONTGOMERY",,,"3",,"9213000","SIGNAL","MCCAIN","2070-TS2-1","MSF","07A",,,,"ALL",,"GPS",,,"1358985600000",,,,,,,,,,,,"1962",,,"0",,"0","0","06",,,,"POINT (-122.403863018 37.798222972)","2024 May 28 03:15:57 PM","2024 May 28 03:15:57 PM","North Beach","3"
"14690","24440000","GOLDEN GATE","LARKIN",,,"5",,"9397000","SIGNAL","MCCAIN","2070-TS2-1","MSF","78",,,,"ALL",,"GPS","PROXIM",,"1458172800000",,,,,,,,,,,,"1955",,,"0",,"0","0","45",,,,"POINT (-122.417145612 37.781447495)","2024 May 28 03:15:57 PM","2024 May 28 03:15:57 PM","Tenderloin","5"
"14436","20660000","03RD ST","NEWCOMB","VETAG",,"10",,"9023600","SIGNAL",,"2070-TS2-TYPE-1","2070-MSF-TS2-TYPE-1","28",,,"VIDEO","ALL",,"GPS","FIBER","TSP",,,,,,,,,,,,,"2005",,,"0",,"0","0","75",,,"APS 2WIRE PH1 (10)","POINT (-122.390416264 37.735590521)","2024 May 28 03:15:57 PM","2024 May 28 03:15:57 PM","Bayview Hunters Point","10"
"15025","25676000","19TH ST","GUERRERO",,,"8,9",,"9114000","SIGNAL","MCCAIN","2070-TS2-1","MSF","64",,,,"ALL",,"GPS",,,"1443052800000",,,,,,,,,,,,"1979",,,"0",,"0","0","37",,,"APS ENAV 2WIRE WALKFIRST PCS (8)","POINT (-122.423641307 37.759967376)","2024 May 28 03:15:57 PM","2024 May 28 03:15:57 PM","Mission","9"
"15286","23798000","04TH ST","KING","VETAG,TRACK CIRCUIT",,"6",,"9031000","SIGNAL","ECONOLITE","2070-TS2-1","350i-ATC","09",,"2003 CANDIDATE","VIDEO","ALL","No","GPS","FIBER","TSP,TRANSIT PREEMPT","1042156800000",,,,,,,,,,,,"1997",,,"0",,"0","0","23",,,"APS 2WIRE PH1 (11)","POINT (-122.39403507 37.776332923)","2024 May 28 03:15:57 PM","2024 May 28 03:15:57 PM","Mission Bay","6"
"15687","23782000","04TH ST","16TH ST","OPTICOM",,"6",,"9026500","SIGNAL",,"2070-TS2-TYPE-1","2070-MSF-TS2-TYPE-1","68",,,"VIDEO","ALL","YES","GPS","PROXIM","TSP,FIRE PREEMPT","1163548800000",,,,,,,,,,,,"2007",,,"0",,"0","0","76",,,"PENDING","POINT (-122.39079717 37.766802442)","2024 May 28 03:16:47 PM","2024 May 28 03:16:47 PM","Mission Bay","6"
"14946","21901000","CESAR CHAVEZ","DOLORES",,,"8",,"9265000","SIGNAL","EAGLE","2070-TS2-1","G","ISOLATED",,,,"ALL",,,,,"1275004800000",,,,,,,,,,,,"1990",,,"0",,"0","0","19",,,,"POINT (-122.424768281 37.747830304)","2024 May 28 03:15:57 PM","2024 May 28 03:15:57 PM","Noe Valley","8"
"14960","21337000","FAIR","MISSION","OPTICOM","VALENCIA","9",,"9337000","SIGNAL","MCCAIN","2070-TS2-1","MSF","25",,,,"ALL",,"GPS","PROXIM","TSP,FIRE PREEMPT","1361577600000",,,,,,,,,,,,"1954",,,"0",,"0","0","54",,,,"POINT (-122.419885764 37.745595097)","2024 May 28 03:15:57 PM","2024 May 28 03:15:57 PM","Bernal Heights","9"
"14659","24326000","GOLDEN GATE","JONES","OPTICOM",,"5",,"9396000","SIGNAL","ECONOLITE","2070-TS2-TYPE-1","2070-MSF-TS2-TYPE-1","01D",,,,"ALL",,"GPS","PROXIM","FIRE PREEMPT","1112054400000",,,,,,,,,,,,"1955",,,"0",,"0","0","34",,,"APS iNS 3WIRE QUICKSTRIKE (8)","POINT (-122.412220735 37.782073068)","2024 May 28 03:15:57 PM","2024 May 28 03:15:57 PM","Tenderloin","5"
"15170","27555000","25TH AVE","CLEMENT",,,"1",,"9142000","SIGNAL","MCCAIN","2070-TS2-1","G","69",,,,"PENDING",,"GPS",,"TSP-Planned","1485302400000",,,,,,,,,,,,"1959",,,"0",,"0","0","78",,,"PENDING","POINT (-122.484874258 37.782025494)","2024 May 28 03:15:57 PM","2024 May 28 03:15:57 PM","Outer Richmond","1"
"15575","23566000","19TH ST","ILLINOIS","VETAG",,"10",,"0","SIGNAL","MCCAIN","2070-TS2-1","MSF","28",,,"WIRELESS","ALL","YES","GPS",,"TRANSIT PREEMPT","1569542400000",,,,,,,,,,,,"2019",,,"0",,"0","0","85",,,"APS ENAV 2WIRE MISSION BAY LOOP (9)","POINT (-122.387690005 37.761826479)","2024 May 28 03:16:47 PM","2024 May 28 03:16:47 PM","Potrero Hill","10"
"15481","4971000","DRUMM","MIDBLOCK",,"CLAY","3","SACRAMENTO","9308000","SIGNAL","MCCAIN","2070-TS2-1","G","78",,,,"ALL",,"GPS",,,"1396396800000",,,,,,,,,,,,"1986",,,"0",,"0","0","16",,,,"POINT (-122.396656435 37.795007538)","2024 May 28 03:16:47 PM","2024 May 28 03:16:47 PM","Financial District/South Beach","3"
"15556","27587000","04TH AVE","CALIFORNIA","OPTICOM",,"1",,"9026600","SIGNAL","ECONOLITE","2070-TS2-TYPE-1","2070-MSF-TS2-TYPE-1","14A",,,,"ALL",,"GPS","PROXIM","TSP,FIRE PREEMPT","1106092800000",,,,,,,,,,,,"2005",,,"0",,"0","0","11",,,"APS iNS 3WIRE CITYWIDE NEW APS (10)","POINT (-122.462441447 37.785266061)","2024 May 28 03:16:47 PM","2024 May 28 03:16:47 PM","Inner Richmond","1"
"15538","7832202","KING","MIDBLOCK",,"02ND ST","6","03RD ST","9451500","MESSAGE SIGN",,,"N/A","3RD ST BRIDGE",,,,"n.a.",,,,,,,,,,,,,,,,,"2000",,,"0",,"0","0","n.a.",,,,"POINT (-122.391192628 37.778751046)","2024 May 28 03:16:47 PM","2024 May 28 03:16:47 PM","Mission Bay","6"
"14582","23887000","05TH ST","BRANNAN","OPTICOM",,"6",,"9034000","SIGNAL","MCCAIN","2070-TS2-1","MSF","75",,,"WIRELESS","ALL",,"GPS","PROXIM","FIRE PREEMPT","1036022400000",,,,,,,,,,,,"1957",,,"0",,"0","0","05",,,,"POINT (-122.39875545 37.776568383)","2024 May 28 03:15:57 PM","2024 May 28 03:15:57 PM","South of Market","6"
"15547","22516000","ALEMANY","ARCH",,"WORCESTER","7",,"9159800","SIGNAL","ECONOLITE","2070-TS2-TYPE-1","2070-MSF-TS2-TYPE-1","ISOLATED",,,"WIRELESS","ALL","YES",,,,"1049760000000",,,,,,,,,,,,"2003",,,"0",,"0","0","01",,,,"POINT (-122.467027528 37.711494975)","2024 May 28 03:16:47 PM","2024 May 28 03:16:47 PM","Oceanview/Merced/Ingleside","7"
"14545","22921000","CLAREMONT","PORTOLA",,,"7",,"9275000","SIGNAL","EAGLE","2070-TS2-TYPE-1","G","33",,,,"ALL",,"GPS",,,"1237334400000",,,,,,,,,,,,"1997",,,"0",,"0","0","65",,,,"POINT (-122.465237442 37.739686646)","2024 May 28 03:15:57 PM","2024 May 28 03:15:57 PM","West of Twin Peaks","7"
"15056","24372000","14TH ST","MISSION","OPTICOM",,"9",,"9077500","SIGNAL","MCCAIN","2070-TS2-1","MSF65-ATC","64",,,,"ALL",,"GPS","PROXIM","TSP,FIRE PREEMPT","1195084800000",,,,,,,,,,,,"1953",,,"0",,"0","0","53",,,,"POINT (-122.419981512 37.768273653)","2024 May 28 03:15:57 PM","2024 May 28 03:15:57 PM","Mission","9"
"15737","26034000","BRODERICK","HAIGHT","OPTICOM",,"5",,"0","SIGNAL","MCCAIN","2070-ATC","MSF65-ATC","20",,,,"ALL",,"GPS",,"TSP,FIRE PREEMPT","1605571200000",,,,,,,,,,,,"2020",,,"0",,"0","0","38",,,"APS iNS 2WIRE LOWER HAIGHT (8)","POINT (-122.438709125 37.771056495)","2024 May 28 03:16:47 PM","2024 May 28 03:16:47 PM","Haight Ashbury","5"
"15638","24168000","16TH ST","CAPP","OPTICOM",,"9",,"9084300","SIGNAL","MCCAIN","2070-TS2-1","MSF","64",,,,"ALL",,"GPS","PROXIM","FIRE PREEMPT","1414627200000",,,,,,,,,,,,"2014",,,"0",,"0","0","53",,,"APS 4WIRE CT61 (8)","POINT (-122.418698426 37.765109955)","2024 May 28 03:16:47 PM","2024 May 28 03:16:47 PM","Mission","9"
"14633","24909000","POWELL","SUTTER","OPTICOM,MECHANICAL",,"3",,"9526500","SIGNAL","MCCAIN","2070-TS2-1","MSF","78",,,,"ALL",,"GPS","PROXIM","CABLE CAR PREEMPTION,FIRE PREEMPT","1410912000000",,,,,,,,,,,,"1954",,,"0",,"0","0","74",,"CAB","APS iNAV 3WIRE CITYWIDE NEW APS (10)","POINT (-122.408595045 37.789225615)","2024 May 28 03:15:57 PM","2024 May 28 03:15:57 PM","Nob Hill","3"
"14892","25479000","BEACH","POWELL","VETAG",,"3",,"9203500","SIGNAL","ECONOLITE","2070-TS2-1","MSF","10",,,,"ALL",,"GPS",,"TRANSIT PREEMPT","1327449600000",,,,,,,,,,,,"1998",,,"0",,"0","0","57",,,,"POINT (-122.412329557 37.807690494)","2024 May 28 03:15:57 PM","2024 May 28 03:15:57 PM","North Beach","3"
"14682","24925000","EDDY","TAYLOR",,,"5",,"9316000","SIGNAL","MCCAIN","2070-TS2-1","MSF","78",,,,"ALL",,"GPS",,,"1462320000000",,,,,,,,,,,,"1958",,,"0",,"0","0","20",,,,"POINT (-122.410951618 37.784141012)","2024 May 28 03:15:57 PM","2024 May 28 03:15:57 PM","Tenderloin","5"
"14601","24701000","SACRAMENTO","SANSOME","OPTICOM",,"3",,"9528500","SIGNAL","MCCAIN","2070-TS2-1","MSF","78",,,,"ALL",,"GPS","PROXIM","TSP,FIRE PREEMPT","1437609600000",,,,,,,,,,,,"1967",,,"0",,"0","0","69",,"CAB",,"POINT (-122.401314505 37.793987063)","2024 May 28 03:15:57 PM","2024 May 28 03:15:57 PM","Chinatown","3"
"15670","27968000","47TH AVE","FULTON","OPTICOM",,"1",,"9157600","SIGNAL","MCCAIN","2070-TS2-1","MSF","55",,,"WIRELESS","ALL","YES","GPS",,"TSP,FIRE PREEMPT","1444089600000",,,,,,,,,,,,"2015",,,"0",,"0","0","30",,,"APS ENAV 2WIRE TSI (8)","POINT (-122.507750666 37.771495034)","2024 May 28 03:16:47 PM","2024 May 28 03:16:47 PM","Outer Richmond","1"
"14493","22223000","LEE","OCEAN",,,"7,11",,"9465500","SIGNAL","EAGLE","2070-TS2-1","MSF","31",,,,"ALL",,"GPS",,,"1046908800000",,,,,,,,,,,,"1986",,,"0",,"0","0","59",,,"APS iNAV 3WIRE CITYWIDE NEW APS (9)","POINT (-122.454115754 37.723457007)","2024 May 28 03:15:57 PM","2024 May 28 03:15:57 PM","West of Twin Peaks","11"
"14441","20493000","03RD ST","ARMSTRONG","VETAG",,"10",,"9011400","SIGNAL",,"2070-TS2-TYPE-1","2070-MSF-TS2-TYPE-1","28",,,"VIDEO","ALL","YES","GPS","FIBER","TSP,HEAVY RAIL PREEMPT","1104969600000",,,,,,,,,,,,"2005",,,"0",,"0","0","75",,,,"POINT (-122.393570157 37.726979833)","2024 May 28 03:15:57 PM","2024 May 28 03:15:57 PM","Bayview Hunters Point","10"
"15142","27475000","ANZA","PARK PRESIDIO","OPTICOM",,"1",,"9168500","SIGNAL","ECONOLITE","2070-TS2-1","332","15",,,"VIDEO (GRIDSMART)","ALL","YES","GPS",,"TSP,FIRE PREEMPT","1238025600000",,,,,,,,,,,,"1946","1(a)",,"50","X","50","0","62",,,"APS iNS 2WIRE CALTRANS APS (9)","POINT (-122.472173618 37.778728022)","2024 May 28 03:15:57 PM","2024 May 28 03:15:57 PM","Inner Richmond","1"
"15105","27087000","06TH AVE","LINCOLN",,,"7",,"9041000","SIGNAL","ECONOLITE","2070-TS2-1","G","65",,,,"ALL",,"GPS","FIBER",,"1242259200000",,,,,,,,,,,,"1969",,,"0",,"0","0","46",,,,"POINT (-122.463233169 37.766056721)","2024 May 28 03:15:57 PM","2024 May 28 03:15:57 PM","Inner Sunset","7"
"15140","28013000","48TH AVE","EL CAMINO DEL MAR","OPTICOM INFRARED","POINT LOBOS","1",,"1580","SIGNAL","ECONOLITE","2070-TS2-1","G","ISOLATED",,,"WIRELESS","SOME PHASES","YES","GPS",,"TSP","1248307200000",,,,,,,,,,,,"1951",,,"0",,"0","0","31",,,,"POINT (-122.50943294 37.77985107)","2024 May 28 03:15:57 PM","2024 May 28 03:15:57 PM","Outer Richmond","1"
"14944","24088000","24TH ST","MISSION","OPTICOM",,"9",,"9138000","SIGNAL","MCCAIN","2070-TS2-1","MSF","64",,,,"ALL",,"GPS","PROXIM","TSP,FIRE PREEMPT","1195516800000",,,,,,,,,,,,"1953",,,"0",,"0","0","53",,,"APS iNS 3WIRE QUICKSTRIKE (8)","POINT (-122.418445271 37.752239455)","2024 May 28 03:15:57 PM","2024 May 28 03:15:57 PM","Mission","9"
"14450","21893000","29TH ST","DOLORES",,,"8",,"9150500","SIGNAL","EAGLE","2070-TS2-1","G","ISOLATED",,,,"ALL",,,,,"1269216000000",,,,,,,,,,,,"1971",,,"0",,"0","0","19",,,,"POINT (-122.424384863 37.743838216)","2024 May 28 03:15:57 PM","2024 May 28 03:15:57 PM","Noe Valley","8"
"14676","24942000","O'FARRELL","TAYLOR","OPTICOM",,"3,5",,"9498000","SIGNAL","MCCAIN","2070-TS2-1","MSF","78",,,,"ALL",,"GPS","PROXIM","TSP,FIRE PREEMPT","1337385600000",,,,,,,,,,,,"1950",,,"0",,"0","0","60",,,,"POINT (-122.411325581 37.785996236)","2024 May 28 03:15:57 PM","2024 May 28 03:15:57 PM","Tenderloin","3"
"14637","24724000","BUSH","KEARNY","OPTICOM",,"3",,"9233500","SIGNAL","ECONOLITE","2070-TS2-TYPE-1","2070-MSF-TS2-TYPE-1","78",,,,"ALL",,"GPS","FIBER,PROXIM","FIRE PREEMPT","1090886400000",,,,,,,,,,,,"1949",,,"0",,"0","0","08",,,"APS iNS 3WIRE QUICKSTRIKE (10))","POINT (-122.404030724 37.790760096)","2024 May 28 03:15:57 PM","2024 May 28 03:15:57 PM","Financial District/South Beach","3"
"14751","26706000","FRANCISCO","VAN NESS","OPTICOM",,"2",,"9358000","SIGNAL","MCCAIN","2070-TS2-1","352i-ATC","13",,,,"ALL",,"GPS",,"TSP,FIRE PREEMPT","1478908800000",,,,,,,,,,,,"1948","101(b)",,"50","X","50","0","80",,,"APS iNS 2WIRE VAN NESS (8)","POINT (-122.424918804 37.803205508)","2024 May 28 03:15:57 PM","2024 May 28 03:15:57 PM","Russian Hill","2"
"14902","25533000","BAY","COLUMBUS",,"JONES","3",,"9189000","SIGNAL","EAGLE","2070-TS2-TYPE-1","2070-MSF-TS2-TYPE-1","11A",,,,"ALL",,"GPS","12C",,"1034035200000",,,,,,,,,,,,"1953",,,"0",,"0","0","03",,,,"POINT (-122.417226194 37.80516965)","2024 May 28 03:15:57 PM","2024 May 28 03:15:57 PM","Russian Hill","3"
"15904","23947000","HOWARD","MARY",,,"6",,"0",,,,,,,,,,,,,,,,,,,,,,,,,,"0",,,"0",,"0","0",,,,,"POINT (-122.405705525 37.780873428)","2024 May 28 03:16:47 PM","2024 May 28 03:16:47 PM","South of Market","6"
"14713","23872000","08TH ST","BRANNAN","OPTICOM",,"6",,"9054000","SIGNAL","MCCAIN","2070-TS2-1","MSF","75",,,,"ALL",,"GPS","PROXIM","FIRE PREEMPT","1018915200000",,,,,,,,,,,,"1957",,,"0",,"0","0","05",,,"APS iNS 3WIRE CITYWIDE NEW APS (8)","POINT (-122.405424735 37.771296353)","2024 May 28 03:15:57 PM","2024 May 28 03:15:57 PM","South of Market","6"
"14835","25958000","FULTON","LAGUNA",,,"5",,"9375000","SIGNAL","MCCAIN","2070-TS2-1","G","71",,,,"PENDING",,"GPS","PROXIM",,"1456876800000",,,,,,,,,,,,"1978",,,"0",,"0","0","30",,,"PENDING","POINT (-122.426641498 37.778328564)","2024 May 28 03:15:57 PM","2024 May 28 03:15:57 PM","Hayes Valley","5"
"14984","24186000","15TH ST","POTRERO","OPTICOM",,"6,9",,"9082000","SIGNAL","MCCAIN","2070-TS2-1","MSF","77",,,"WIRELESS","ALL","YES","GPS","PROXIM","FIRE PREEMPT","1367020800000",,,,,,,,,,,,"1948",,,"0",,"0","0","67",,,"APS ENAV 2WIRE POTRERO (8)","POINT (-122.407685033 37.767081982)","2024 May 28 03:15:57 PM","2024 May 28 03:15:57 PM","Mission","9"
"14852","26048000","STEINER","TURK",,,"5",,"9534500","SIGNAL","MCCAIN","2070-TS2-1","G","71",,,,"FUTURE",,"GPS",,,"1442966400000",,,,,,,,,,,,"1955",,,"0",,"0","0","77",,"CAB/CONT","FUTURE","POINT (-122.433784545 37.780286694)","2024 May 28 03:15:57 PM","2024 May 28 03:15:57 PM","Western Addition","5"
"15518","25480000","NORTH POINT","POWELL","OPTICOM",,"3",,"9495700","SIGNAL","ECONOLITE","2070-TS2-1","ECONOLITE-MSF-STD","11A",,,,"ALL",,"GPS","FIBER,PROXIM","TSP,FIRE PREEMPT","1043798400000",,,,,,,,,,,,"2003",,,"0",,"0","0","57",,,,"POINT (-122.412141424 37.806758082)","2024 May 28 03:16:47 PM","2024 May 28 03:16:47 PM","North Beach","3"
"14857","30758000","BUCHANAN","DUBOCE","POLICE PANEL SWITCH","MARKET","8",,"9224000","SIGNAL","EAGLE","2070-TS2-1","MSF","21",,"YES-UPSTEALTH",,"ALL",,"GPS","FIBER","TRANSIT PREEMPT","1305244800000",,,,,,,,,,,,"9999",,,"0",,"0","0","49",,,,"POINT (-122.426309439 37.769602597)","2024 May 28 03:15:57 PM","2024 May 28 03:15:57 PM","Mission","8"
"15433","26376000","HAYES","MASONIC",,,"5",,"9425500","SIGNAL","MCCAIN","2070-TS2-1","MSF","16C",,,,"ALL",,"GPS","PROXIM","TSP-Planned","1424736000000",,,,,,,,,,,,"1962",,,"0",,"0","0","40",,,,"POINT (-122.446091727 37.773935372)","2024 May 28 03:16:47 PM","2024 May 28 03:16:47 PM","Lone Mountain/USF","5"
"15635","26245000","CLARENDON","PANORAMA",,,"7",,"9276100","SIGNAL","ECONOLITE","2070-TS2-TYPE-1","G","ISOLATED",,,"WIRELESS","ALL","YES",,,,"1291852800000",,,,,,,,,,,,"2010",,,"0",,"0","0","65",,,"APS ENAV 4WIRE SR2S (5)","POINT (-122.455537383 37.753774435)","2024 May 28 03:16:47 PM","2024 May 28 03:16:47 PM","Inner Sunset","7"
"15212","26481000","PARKER","TURK",,,"1",,"9510000","SIGNAL","MCCAIN","2070-TS2-1","MSF65-ATC","44",,,,"SOME PHASES",,"GPS",,,"1674086400000",,,,,,,,,,,,"1975",,,"0",,"0","0","77",,,,"POINT (-122.453384996 37.777826863)","2024 May 28 03:15:57 PM","2024 May 28 03:15:57 PM","Lone Mountain/USF","1"
"15486","11010101","BAKER","CHESTNUT","OPTICOM","RICHARDSON","2",,"9179000","SIGNAL","ECONOLITE","2070-TS2-1","CTSF","13",,"YES-UPSTEALTH","WIRELESS","ALL","YES","GPS","FIBER","TSP,FIRE PREEMPT","1156809600000",,,,,,,,,,,,"1947","480(b)",,"50","X","50","0","47",,,"PENDING","POINT (-122.445965372 37.799580911)","2024 May 28 03:16:47 PM","2024 May 28 03:16:47 PM","Marina","2"
"14858","30755000","MARKET","VALENCIA",,,"6",,"9476500","SIGNAL","ECONOLITE","2070-TS2-1","MSF","21",,,,"ALL",,"GPS","FIBER",,"1301616000000",,,,,,,,,,,,"1995",,,"0",,"0","0","49",,"X","APS 4WIRE MARKET (6)","POINT (-122.42261969 37.772502817)","2024 May 28 03:15:57 PM","2024 May 28 03:15:57 PM","Mission","6"
"14839","26489000","ELLIS","FRANKLIN",,,"2",,"9317500","SIGNAL","MCCAIN","2070-TS2-1","MSF","49",,,,"ALL",,"GPS","FIBER",,"1382572800000",,,,,,,,,,,,"1953",,,"0",,"0","0","28",,,,"POINT (-122.422652544 37.783619097)","2024 May 28 03:15:57 PM","2024 May 28 03:15:57 PM","Western Addition","2"
"14421","25255000","HYDE","SACRAMENTO","OPTICOM,MECHANICAL",,"3",,"9434800","SIGNAL","ECONOLITE","2070-TS2-TYPE-1","2070-MSF-TS2-TYPE-1","78",,,,"ALL",,"GPS","PROXIM","CABLE CAR PREEMPTION,FIRE PREEMPT","1055462400000",,,,,,,,,,,,"2003",,,"0",,"0","0","64",,,,"POINT (-122.417582222 37.791922862)","2024 May 28 03:15:57 PM","2024 May 28 03:15:57 PM","Nob Hill","3"
"14859","30753000","GOUGH","HAIGHT",,"MARKET","6",,"9402500","SIGNAL","ECONOLITE","2070-TS2-1","MSF","21",,"2003 CANDIDATE","WIRELESS","ALL",,"GPS",,,"1247011200000",,,,,,,,,,,"FUTURE","1955",,,"0",,"0","0","49",,,"APS ENAV 4WIRE HAIGHT TWO-WAY (16)","POINT (-122.422229368 37.773151744)","2024 May 28 03:15:57 PM","2024 May 28 03:15:57 PM","Hayes Valley","6"
"14799","26521000","BUSH","OCTAVIA",,,"2,5",,"9237000","SIGNAL","ECONOLITE","2070-TS2-TYPE-1","2070-MSF-TS2-TYPE-1","73","MASTER-GPS",,,"ALL",,"GPS",,,"1076544000000",,,,,,,,,,,,"1949",,,"0",,"0","0","09",,,,"POINT (-122.426864643 37.787862443)","2024 May 28 03:15:57 PM","2024 May 28 03:15:57 PM","Pacific Heights","5"
"15837","26590001","FILLMORE","GEARY (SOUTH)","OPTICOM",,"5",,"9346000","SIGNAL","MCCAIN","2070-TS2-1","MSF72","73",,,,"ALL",,"GPS",,"TSP,FIRE PREEMPT","1612310400000",,,,,,,,,,,,"1976",,,"0",,"0","0","31",,,,"POINT (-122.432889139 37.784226843)","2024 May 28 03:16:47 PM","2024 May 28 03:16:47 PM","Western Addition","5"
"15562","25909000","OCTAVIA","PAGE",,,"5,6",,"9505800","SIGNAL",,"2070-TS2-1","2070-MSF-T????","21",,"YES-UPSTEALTH",,"ALL",,"GPS","FIBER",,"1123027200000",,,,,,,,,,,,"2005",,,"0",,"0","0","86",,,,"POINT (-122.423947062 37.773889239)","2024 May 28 03:16:47 PM","2024 May 28 03:16:47 PM","Hayes Valley","6"
"14753","26699000","FRANKLIN","LOMBARD","OPTICOM",,"2",,"9362500","SIGNAL","ECONOLITE","2070-TS2-TYPE-1","CTSF","13","MASTER-GPS","YES-UPSTEALTH","WIRELESS","ALL",,"GPS","FIBER_HUB","TSP,FIRE PREEMPT","1137628800000",,,,,,,,,,,"FUTURE","1948","480(b)",,"50","X","50","0","29",,,"PENDING","POINT (-122.426180044 37.801095455)","2024 May 28 03:15:57 PM","2024 May 28 03:15:57 PM","Marina","2"
"15012","25706000","16TH ST","DOLORES",,,"8",,"9085000","SIGNAL","MCCAIN","2070-TS2-1","G","64",,,,"ALL",,"GPS","PROXIM",,"1439942400000",,,,,,,,,,,,"1951",,,"0",,"0","0","19",,,"PENDING","POINT (-122.426381708 37.764645688)","2024 May 28 03:15:57 PM","2024 May 28 03:15:57 PM","Mission","8"
"14523","20770000","SAN BRUNO","SILVER","OPTICOM",,"9",,"9530000","SIGNAL","ECONOLITE","2070-TS2-1","SYNCH-CTSF","86","MASTER",,"WIRELESS","ALL","YES","GPS","PROXIM","FIRE PREEMPT","1210291200000",,,,,,,,,,,,"1967",,,"0",,"0","0","04",,"LAMPING ASS","APS iNS 2WIRE CALTRANS APS (9)","POINT (-122.405607549 37.732438658)","2024 May 28 03:15:57 PM","2024 May 28 03:15:57 PM","Portola","9"
"15174","27599000","08TH AVE","CALIFORNIA","OPTICOM",,"1",,"9052000","SIGNAL","MCCAIN","2070-TS2-1","MSF","14A",,,,"ALL",,"GPS","PROXIM","TSP,FIRE PREEMPT","1428537600000",,,,,,,,,,,,"1974",,,"0",,"0","0","11",,,,"POINT (-122.466694443 37.784715523)","2024 May 28 03:15:57 PM","2024 May 28 03:15:57 PM","Inner Richmond","1"
"15905","7033000","HOWARD","MIDBLOCK",,"01ST ST","6","MALDEN","0","FUTURE SIGNAL",,,,,,,,"FUTURE",,,,,,,,,,,,,,,,,"0",,,"0",,"0","0","41",,,"FUTURE","POINT (-122.397464682 37.787389987)","2024 May 28 03:16:47 PM","2024 May 28 03:16:47 PM","Financial District/South Beach","6"
"14719","23938000","04TH ST","FOLSOM",,,"6",,"9029500","SIGNAL","MCCAIN","2070-TS2-1","MSF","75",,,,"ALL",,"GPS","FIBER",,"1132012800000",,,,,,,,,,,,"1956",,,"0",,"0","0","27",,,,"POINT (-122.401159719 37.782024267)","2024 May 28 03:15:57 PM","2024 May 28 03:15:57 PM","South of Market","6"
"15033","25727000","15TH ST","CHURCH","OVERHEAD CONTACT PAN,OPTICOM",,"8",,"9079500","SIGNAL","MCCAIN","2070-TS2-1","MSF","79",,,,"ALL",,"GPS","PROXIM","TSP-Planned,FIRE PREEMPT,TRANSIT PREEMPT","1373500800000",,,,,,,,,,,,"1972",,,"0",,"0","0","15",,,,"POINT (-122.428819147 37.766130013)","2024 May 28 03:15:57 PM","2024 May 28 03:15:57 PM","Castro/Upper Market","8"
"15017","25701000","15TH ST","GUERRERO",,,"8,9",,"9080500","SIGNAL","MCCAIN","2070-TS2-1","MSF","64","MASTER-GPS",,,"ALL",,"GPS","12C",,"1433376000000",,,,,,,,,,,,"1990",,,"0",,"0","0","37",,,"APS iNS 3WIRE CITYWIDE NEW APS (10)","POINT (-122.424258114 37.766405767)","2024 May 28 03:15:57 PM","2024 May 28 03:15:57 PM","Mission","8"
"14750","26696000","LOMBARD","VAN NESS","OPTICOM",,"2,3",,"9468000","SIGNAL","MCCAIN","2070-TS2-1","352i-ATC","13","MASTER-GPS","YES","VIDEO (GRIDSMART)","ALL","YES","GPS","12C","TSP,FIRE PREEMPT","1478908800000",,,,,,,,,,,,"1948","101(b)",,"50","X","50","0","80",,,"APS iNS 2WIRE VAN NESS (10)","POINT (-122.424538325 37.80130372)","2024 May 28 03:15:57 PM","2024 May 28 03:15:57 PM","Marina","3"
"14504","21772000","ALEMANY","SANTA ROSA",,,"11",,"9165000","SIGNAL","MCCAIN","2070-TS2-1","G","27",,,,"SOME PHASES",,"GPS",,,"1534896000000",,,,,,,,,,,,"1949",,,"0",,"0","0","01",,,,"POINT (-122.435990945 37.72671922)","2024 May 28 03:15:57 PM","2024 May 28 03:15:57 PM","Outer Mission","11"
"14697","25166000","GEARY","HYDE","OPTICOM",,"3,5",,"9380500","SIGNAL","ECONOLITE","2070-TS2-TYPE-1","2070-MSF-TS2-TYPE-1","78",,,,"ALL",,"GPS","PROXIM","TSP,FIRE PREEMPT","1112745600000",,,,,,,,,,,,"1967",,,"0",,"0","0","32",,,,"POINT (-122.416449123 37.786310218)","2024 May 28 03:15:57 PM","2024 May 28 03:15:57 PM","Tenderloin","3"
"15324","22795000","OCEAN","SAN FERNANDO",,,"7",,"9504000","SIGNAL","EAGLE","2070-TS2-1","2070-MSF-TS2-TYPE-1","31","MASTER-GPS",,"LOOPS (NOT USED)","ALL",,"GPS","TWISTED PAIR",,"1040342400000",,,,,,,,,,,,"1998",,,"0",,"0","0","59",,,,"POINT (-122.470110426 37.730308468)","2024 May 28 03:15:57 PM","2024 May 28 03:15:57 PM","West of Twin Peaks","7"
"14788","26605000","CALIFORNIA","WEBSTER",,,"2",,"9258500","SIGNAL","MCCAIN","2070-TS2-1","G","73",,,,"ALL",,"GPS","PROXIM",,"1431561600000",,,,,,,,,,,,"1985",,,"0",,"0","0","11",,,"APS ENAV 2WIRE WEBSTER (8)","POINT (-122.432196679 37.789115231)","2024 May 28 03:15:57 PM","2024 May 28 03:15:57 PM","Pacific Heights","2"
"14702","25148000","EDDY","LARKIN",,,"5",,"9313500","SIGNAL","EAGLE","2070-TS2-1","G","78",,,,"ALL",,"GPS",,,"1308096000000",,,,,,,,,,,,"1955",,,"0",,"0","0","45",,,,"POINT (-122.417528774 37.783310889)","2024 May 28 03:15:57 PM","2024 May 28 03:15:57 PM","Tenderloin","5"
"15297","24527000","FREMONT","HOWARD",,,"6",,"9370500","SIGNAL","MCCAIN","2070-TS2-1","MSF","74",,,,"ALL",,"GPS","FIBER",,"1332288000000",,,,,,,,,,,,"1957",,,"0",,"0","0","41",,,"APS 4WIRE ARRA (8)","POINT (-122.395150932 37.789234699)","2024 May 28 03:15:57 PM","2024 May 28 03:15:57 PM","Financial District/South Beach","6"
"14978","24001000","20TH ST","POTRERO","OPTICOM",,"9,10",,"9121000","SIGNAL","MCCAIN","2070-TS2-1","MSF","23",,,,"ALL",,"GPS","FIBER,PROXIM","TSP,FIRE PREEMPT","1365811200000",,,,,,,,,,,,"1948",,,"0",,"0","0","67",,,"APS ENAV 2WIRE POTRERO STSCAPE (6)","POINT (-122.406946873 37.759365489)","2024 May 28 03:15:57 PM","2024 May 28 03:15:57 PM","Mission","10"
"14923","25057000","BROADWAY","STOCKTON","OPTICOM",,"3",,"9215000","SIGNAL","ECONOLITE","2070-TS2-1","MSF","07A",,"2003 CANDIDATE",,"ALL",,"GPS","PROXIM","TSP,FIRE PREEMPT","1210032000000",,,,,,,,,,,,"1952",,,"0",,"0","0","06",,,,"POINT (-122.408618845 37.797627562)","2024 May 28 03:15:57 PM","2024 May 28 03:15:57 PM","Chinatown","3"
"14586","24514000","FOLSOM","HAWTHORNE",,,"6",,"9354000","SIGNAL","MCCAIN","2070-TS2-1","MSF","74",,,,"ALL",,"GPS",,,"1416700800000",,,,,,,,,,,,"1972",,,"0",,"0","0","27",,,,"POINT (-122.397811613 37.784666586)","2024 May 28 03:15:57 PM","2024 May 28 03:15:57 PM","Financial District/South Beach","6"
"14487","21750000","ALEMANY","ONONDAGA",,,"11",,"9164000","SIGNAL","MCCAIN","2070-TS2-1","MSF","27",,,,"ALL",,"GPS",,,"1488931200000",,,,,,,,,,,,"1949",,,"0",,"0","0","01",,,"APS ENAV 4WIRE SR2S (8)","POINT (-122.43864176 37.721626384)","2024 May 28 03:15:57 PM","2024 May 28 03:15:57 PM","Outer Mission","11"
"15261","23606000","HARRISON","SPEAR",,,"6",,"9424500","SIGNAL","MCCAIN","2070-TS2-1","MSF65-ATC","74",,,,"ALL",,"GPS",,,"1309392000000",,,,,,,,,,,,"1996",,,"0",,"0","0","39",,,"PENDING","POINT (-122.389428942 37.78883778)","2024 May 28 03:15:57 PM","2024 May 28 03:15:57 PM","Financial District/South Beach","6"
"14532","20308000","BAYSHORE","VISITACION","VETAG,OPTICOM",,"10",,"9200500","SIGNAL","ECONOLITE","2070-TS2-TYPE-1","2070-MSF-TS2-TYPE-1","28",,,"VIDEO","ALL","YES","GPS","FIBER","TSP,FIRE PREEMPT","1087948800000",,,,,,,,,,,,"9999",,,"0",,"0","0","04",,,,"POINT (-122.404226037 37.710409217)","2024 May 28 03:15:57 PM","2024 May 28 03:15:57 PM","Bayview Hunters Point","10"
"15312","23551000","03RD ST","23RD ST","VETAG",,"10",,"9010500","SIGNAL","ECONOLITE","2070-TS2-TYPE-1","2070-MSF-TS2-TYPE-1","28",,,"VIDEO","ALL","YES","GPS","FIBER","TSP","1127347200000",,,,,,,,,,,,"1949",,,"0",,"0","0","75",,,"APS 2WIRE PH1 (10)","POINT (-122.38800112 37.755389885)","2024 May 28 03:15:57 PM","2024 May 28 03:15:57 PM","Potrero Hill","10"
"15179","26200000","17TH ST","CLAYTON",,,"8",,"9091500","SIGNAL","EAGLE","2070-TS2-1","G","18","MASTER",,,"ALL",,"GPS",,,"1275523200000",,,,,,,,,,,,"1969",,,"0",,"0","0","49",,,,"POINT (-122.446783404 37.761781414)","2024 May 28 03:15:57 PM","2024 May 28 03:15:57 PM","Haight Ashbury","8"
"15247","26627000","BUSH","SCOTT",,,"2,5",,"9239500","SIGNAL","ECONOLITE","2070-TS2-TYPE-1","2070-MSF-TS2-TYPE-1","73",,,,"ALL",,"GPS",,,"1076371200000",,,,,,,,,,,,"1949",,,"0",,"0","0","09",,,,"POINT (-122.438393884 37.786391675)","2024 May 28 03:15:57 PM","2024 May 28 03:15:57 PM","Pacific Heights","2"
"14802","26519000","LAGUNA","SUTTER","OPTICOM",,"5",,"9455500","SIGNAL","MCCAIN","2070-TS2-1","MSF","73",,,,"PENDING",,"GPS","PROXIM","TSP,FIRE PREEMPT","1464220800000",,,,,,,,,,,,"1971",,,"0",,"0","0","74",,,"PENDING","POINT (-122.428335613 37.786712656)","2024 May 28 03:15:57 PM","2024 May 28 03:15:57 PM","Japantown","5"
"14854","26042000","FULTON","STEINER",,,"5",,"9378000","SIGNAL","MCCAIN","2070-TS2-1","G","71",,,,"PENDING",,"GPS",,,"1459814400000",,,,,,,,,,,,"1975",,,"0",,"0","0","30",,,"PENDING","POINT (-122.433218738 37.777490367)","2024 May 28 03:15:57 PM","2024 May 28 03:15:57 PM","Western Addition","5"
"14848","24461000","FRANKLIN","GROVE",,,"5",,"9361000","SIGNAL","MCCAIN","2070-TS2-1","MSF","16B",,,,"ALL",,"GPS","FIBER",,"1381881600000",,,,,,,,,,,,"9999",,,"0",,"0","0","28",,,"APS ENAV 2WIRE FRANKLIN (8)","POINT (-122.421520698 37.778020761)","2024 May 28 03:15:57 PM","2024 May 28 03:15:57 PM","Hayes Valley","5"
"14566","20498000","03RD ST","BAYVIEW","VETAG","REVERE","10",,"9012000","SIGNAL",,"2070-TS2-TYPE-1","2070-MSF-TS2-TYPE-1","28",,,"VIDEO","ALL",,"GPS","FIBER","TSP","1105574400000",,,,,,,,,,,,"1948",,,"0",,"0","0","75",,,"APS 2WIRE PH1 (10)","POINT (-122.391521351 37.732431908)","2024 May 28 03:15:57 PM","2024 May 28 03:15:57 PM","Bayview Hunters Point","10"
"14843","24476000","FRANKLIN","GOLDEN GATE",,,"2,5",,"9359500","SIGNAL","MCCAIN","2070-TS2-1","MSF","49",,,,"ALL",,"GPS","FIBER",,"1348531200000",,,,,,,,,,,"FUTURE","1959",,,"0",,"0","0","28",,,,"POINT (-122.422086793 37.780821048)","2024 May 28 03:15:57 PM","2024 May 28 03:15:57 PM","Western Addition","2"
"14910","24760000","PACIFIC","SANSOME",,,"3",,"9508500","SIGNAL","MCCAIN","2070-TS2-1","MSF","78",,,,"ALL",,"GPS",,,"1423094400000",,,,,,,,,,,,"1973",,,"0",,"0","0","61",,,,"POINT (-122.402040983 37.797504944)","2024 May 28 03:15:57 PM","2024 May 28 03:15:57 PM","Chinatown","3"
"15037","24233000","10TH ST","FOLSOM","OPTICOM",,"6",,"9066000","SIGNAL","EAGLE","2070-TS2-1","MSF","16B",,"YES-UPSTEALTH",,"ALL",,"GPS","PROXIM","TSP,FIRE PREEMPT","1264550400000",,,,,,,,,,,,"1948",,,"0",,"0","0","27",,,,"POINT (-122.412824227 37.77281216)","2024 May 28 03:15:57 PM","2024 May 28 03:15:57 PM","South of Market","6"
"15895","34173000","CHANNEL","CORINNE WOODS",,,"6",,"0","PENDING SIGNAL",,,,"ISOLATED",,,,"PENDING",,,,,,,,,,,,,,,,,"0",,,"0",,"0","0","23",,,,"POINT (-122.393639922 37.772727985)","2024 May 28 03:16:47 PM","2024 May 28 03:16:47 PM","Mission Bay","6"
"15501","11935000","SILVER","MIDBLOCK",,"REVERE","10","THOMAS","9533200","BEACON",,,"N/A","BEACON",,,,"n.a.",,,,,,,,,,,,,,,,,"1997",,,"0",,"0","0","04",,,,"POINT (-122.399547141 37.735966404)","2024 May 28 03:16:47 PM","2024 May 28 03:16:47 PM","Bayview Hunters Point","10"
"14411","24798000","BROADWAY","DAVIS",,,"3",,"9210300","SIGNAL","MCCAIN","2070-TS2-1","G","09",,,,"ALL",,"GPS",,,"1443225600000",,,,,,,,,,,,"2001",,,"0",,"0","50","06",,,,"POINT (-122.398695702 37.798880967)","2024 May 28 03:15:57 PM","2024 May 28 03:15:57 PM","Financial District/South Beach","3"
"14962","20824000","CESAR CHAVEZ","KANSAS",,,"10",,"9268000","SIGNAL","EAGLE","2070-TS2-1","MSF","ISOLATED",,,"WIRELESS&LOOPS","ALL","YES",,,,"1256601600000",,,,,,,,,,,,"1991",,,"0",,"0","0","14",,,,"POINT (-122.402061634 37.749396679)","2024 May 28 03:15:57 PM","2024 May 28 03:15:57 PM","Bayview Hunters Point","10"
"15626","24279000","FOLSOM","RUSS","OPTICOM",,"6",,"9354900","SIGNAL","MCCAIN","2070-TS2-1","G","75",,,"WIRELESS","ALL","YES","GPS","PROXIM","TSP,FIRE PREEMPT","1334102400000",,,,,,,,,,,,"2012",,,"0",,"0","0","27",,,"APS ENAV 4WIRE CT60 (6)","POINT (-122.40672447 37.777628934)","2024 May 28 03:16:47 PM","2024 May 28 03:16:47 PM","South of Market","6"
"15019","25690000","17TH ST","GUERRERO",,,"8,9",,"9093000","SIGNAL","MCCAIN","2070-TS2-1","MSF","64","MASTER-GPS",,,"ALL",,"GPS","12C",,"1443052800000",,,,,,,,,,,,"1958",,,"0",,"0","0","37",,,,"POINT (-122.423959243 37.763167824)","2024 May 28 03:15:57 PM","2024 May 28 03:15:57 PM","Mission","9"
"15678","5674000","FOLSOM","MIDBLOCK",,"LANGTON","6","HALLAM","9354800","RADAR SPEED SIGN",,,,"N/A",,,,"N.A.",,,,,,,,,,,,,,,,,"0",,,"0",,"0","0",,,,,"POINT (-122.408622319 37.776128448)","2024 May 28 03:16:47 PM","2024 May 28 03:16:47 PM","South of Market","6"
"14795","26508000","CALIFORNIA","GOUGH",,,"2",,"9246500","SIGNAL","MCCAIN","2070-TS2-1","MSF65-ATC","49",,,,"ALL",,"GPS","FIBER,PROXIM",,"1317254400000",,,,,,,,,,,,"9999",,,"0",,"0","0","35",,,"APS ENAV 2WIRE GOUGH (12)","POINT (-122.425616053 37.789951885)","2024 May 28 03:15:57 PM","2024 May 28 03:15:57 PM","Pacific Heights","2"
"14644","24685000","CALIFORNIA","SANSOME",,,"3",,"9255000","SIGNAL","MCCAIN","2070-TS2-1","G","78",,,,"ALL",,"GPS",,,"1418083200000",,,,,,,,,,,,"1957",,,"0",,"0","0","10",,,,"POINT (-122.401126342 37.793060301)","2024 May 28 03:15:57 PM","2024 May 28 03:15:57 PM","Financial District/South Beach","3"
"14642","24726000","MONTGOMERY","PINE",,,"3",,"9493500","SIGNAL","MCCAIN","2070-TS2-1","G","78",,,,"ALL",,"GPS",,,"1447027200000",,,,,,,,,,,,"1954",,,"0",,"0","0","63",,,,"POINT (-122.40257133 37.791898939)","2024 May 28 03:15:57 PM","2024 May 28 03:15:57 PM","Financial District/South Beach","3"
"15624","23418000","QUINTARA","SUNSET",,,"4",,"9527300","SIGNAL","ECONOLITE","2070-TS2-1","MSF","37","MASTER",,"WIRELESS","ALL","YES","GPS",,"TSP-Planned","1327536000000",,,,,,,,,,,,"2012",,,"0",,"0","0","73",,,"APS ENAV 2WIRE SUNSET (10)","POINT (-122.494836748 37.747817122)","2024 May 28 03:16:47 PM","2024 May 28 03:16:47 PM","Sunset/Parkside","4"
"15760","26586000","ELLIS","FILLMORE",,,"5",,"0","PENDING BEACON",,,,,,,,"n.a.",,,,,,,,,,,,,,,,,"0",,,"0",,"0","0",,,,,"POINT (-122.432515383 37.782349635)","2024 May 28 03:16:47 PM","2024 May 28 03:16:47 PM","Western Addition","5"
"15400","25965000","FILLMORE","FULTON","OPTICOM",,"5",,"9345500","SIGNAL","MCCAIN","2070-TS2-1","MSF","71",,,,"PENDING",,"GPS","PROXIM","FIRE PREEMPT","1520467200000",,,,,,,,,,,,"1956",,,"0",,"0","0","30",,,"PENDING","POINT (-122.431574642 37.777699925)","2024 May 28 03:15:57 PM","2024 May 28 03:15:57 PM","Hayes Valley","5"
"15596","26909000","BLAKE","GEARY","OPTICOM",,"2",,"9207200","SIGNAL","ECONOLITE","2070-TS2-1","MSF","15",,,,"ALL",,"GPS","FIBER,PROXIM","TSP,FIRE PREEMPT","1246924800000",,,,,,,,,,,,"2009",,,"0",,"0","0","31",,,,"POINT (-122.45111986 37.781984116)","2024 May 28 03:16:47 PM","2024 May 28 03:16:47 PM","Lone Mountain/USF","2"
"15165","27557000","27TH AVE","GEARY","OPTICOM",,"1",,"9149000","SIGNAL","ECONOLITE","2070-TS2-1","MSF","69",,,,"ALL",,"GPS","PROXIM","TSP,FIRE PREEMPT","1323216000000",,,,,,,,,,,,"1988",,,"0",,"0","0","31",,,,"POINT (-122.486878047 37.77999354)","2024 May 28 03:15:57 PM","2024 May 28 03:15:57 PM","Outer Richmond","1"
"15810","33614000","09TH ST","DIVISION",,"SAN BRUNO","6",,"0","PENDING SIGNAL",,,,"ISOLATED",,,,"PENDING",,,,,,,,,,,,,,,,,"0",,,"0",,"0","0","05",,,,"POINT (-122.406213363 37.769462546)","2024 May 28 03:16:47 PM","2024 May 28 03:16:47 PM","Mission","6"
"14476","33722000","PLYMOUTH","SAGAMORE",,"SAN JOSE","11","SICKLES","9517000","SIGNAL","ECONOLITE","2070-TS2-1","MSF-XXXX","51","MASTER",,,"ALL",,"GPS",,,"1174953600000",,,,,,,,,,,,"1979","280",,"50","X","50","0","70",,"click","APS iNS 3WIRE CALTRANS APS (12)","POINT (-122.455592237 37.711476666)","2024 May 28 03:15:57 PM","2024 May 28 03:15:57 PM","Oceanview/Merced/Ingleside","11"
"15698","25525000","COLUMBUS","FRANCISCO",,,"3",,"9285700","SIGNAL","MCCAIN","2070-TS2-1","MSF","11A",,,,"ALL",,"GPS",,,"1514505600000",,,,,,,,,,,,"2017",,,"0",,"0","0","18",,,"APS 2WIRE CT63 (8)","POINT (-122.416051423 37.804355946)","2024 May 28 03:16:47 PM","2024 May 28 03:16:47 PM","Russian Hill","3"
"14418","24515000","HARRISON","HAWTHORNE",,,"6",,"9423800","SIGNAL","EAGLE","2070-TS2-1","MSF-?","74",,,,"ALL",,"GPS",,,"1028678400000",,,,,,,,,,,,"2002",,,"0",,"0","0","39",,,,"POINT (-122.396262401 37.783440753)","2024 May 28 03:15:57 PM","2024 May 28 03:15:57 PM","Financial District/South Beach","6"
"15268","24546000","EMBARCADERO","HOWARD","VETAG",,"6",,"9327000","SIGNAL","ECONOLITE","2070-TS2-TYPE-1","2070-MSF-TS2-TYPE-1","09",,"YES-UPSTEALTH","LOOPS","ALL",,"GPS","FIBER_HUB","TSP","1136937600000",,,,,,,,,,,,"1979",,,"0",,"0","100","23",,,"APS iNAV 2WIRE POLARA-LIGHTHOUSE (10)","POINT (-122.391095976 37.792436064)","2024 May 28 03:15:57 PM","2024 May 28 03:15:57 PM","Financial District/South Beach","6"
"15792","23163000","21ST AVE","SLOAT",,,"4",,"0","CALTRANS - HAWK",,,,"CALTRANS",,,,"ALL","YES",,,,,,,,,,,,,,,,"2018","35(b)","X","100",,"0","0","not ours",,,"APS HAWK","POINT (-122.477080829 37.734617663)","2024 May 28 03:16:47 PM","2024 May 28 03:16:47 PM","Sunset/Parkside","4"
"14535","20298000","ARLETA","BAYSHORE","VETAG,OPTICOM","SAN BRUNO","10",,"9175000","SIGNAL","ECONOLITE","2070-TS2-TYPE-1","2070-MSF-TS2-TYPE-1","28",,"YES-UPSTEALTH","VIDEO","ALL","YES","GPS","FIBER","TSP,FIRE PREEMPT","1088640000000",,,,,,,,,,,,"1952",,,"0",,"0","0","04",,,"APS 4WIRE PH1 (11)","POINT (-122.402459479 37.712179486)","2024 May 28 03:15:57 PM","2024 May 28 03:15:57 PM","Visitacion Valley","10"
"15808","21702000","ADMIRAL","MISSION",,,"11",,"0","PENDING SIGNAL",,,,"67",,,,"PENDING",,,,,,,,,,,,,,,,,"0",,,"0",,"0","0",,,,"PENDING","POINT (-122.430181237 37.729859826)","2024 May 28 03:16:47 PM","2024 May 28 03:16:47 PM","Excelsior","11"
"15608","27486000","15TH AVE","GEARY","OPTICOM",,"1",,"9078800","SIGNAL","ECONOLITE","2070-TS2-1","MSF","15",,,,"ALL",,"GPS","PROXIM","TSP,FIRE PREEMPT","1246924800000",,,,,,,,,,,,"2009",,,"0",,"0","0","31",,,,"POINT (-122.47398247 37.780575382)","2024 May 28 03:16:47 PM","2024 May 28 03:16:47 PM","Outer Richmond","1"
"15741","26430000","HAIGHT","SHRADER","OPTICOM",,"5",,"0","SIGNAL","MCCAIN","2070-ATC","MSF65-ATC","20","MASTER-TBC",,,"ALL",,"GPS",,"TSP,FIRE PREEMPT","1620172800000",,,,,,,,,,,,"2021",,,"0",,"0","0","38",,,"APS iNS 2WIRE UPPER HAIGHT (8)","POINT (-122.451865727 37.769378664)","2024 May 28 03:16:47 PM","2024 May 28 03:16:47 PM","Haight Ashbury","5"
"15083","23411000","RIVERA","SUNSET",,,"4",,"9527500","SIGNAL","MCCAIN","2070-TS2-1","MSF","37",,,,"ALL",,"GPS",,"TSP-Planned","1366070400000",,,,,,,,,,,,"1965",,,"0",,"0","0","73",,,"APS ENAV 4WIRE SUNSET PCS (8)","POINT (-122.494705713 37.745951542)","2024 May 28 03:15:57 PM","2024 May 28 03:15:57 PM","Sunset/Parkside","4"
"14699","25147000","LARKIN","TURK",,,"5",,"9461500","SIGNAL","ECONOLITE","2070-TS2-1","MSF","78",,,,"ALL",,"GPS",,,"1303171200000",,,,,,,,,,,,"1955",,,"0",,"0","0","45",,,,"POINT (-122.417338881 37.782378943)","2024 May 28 03:15:57 PM","2024 May 28 03:15:57 PM","Tenderloin","5"
"15052","24335000","15TH ST","FOLSOM",,,"9",,"9080000","SIGNAL","MCCAIN","2070-TS2-1","MSF","64",,,,"SOME PHASES",,"GPS",,,"1371081600000",,,,,,,,,,,,"1982",,,"0",,"0","0","26",,,,"POINT (-122.415462128 37.766937056)","2024 May 28 03:15:57 PM","2024 May 28 03:15:57 PM","Mission","9"
"15151","27500000","17TH AVE","GEARY","OPTICOM",,"1",,"9090000","SIGNAL","EAGLE","2070-TS2-1","MSF","15",,,,"ALL",,"GPS","PROXIM","TSP,FIRE PREEMPT","1341619200000",,,,,,,,,,,,"1959",,,"0",,"0","0","31",,,"APS ENAV 2WIRE PCS3 (8)","POINT (-122.476169189 37.78047585)","2024 May 28 03:15:57 PM","2024 May 28 03:15:57 PM","Outer Richmond","1"
"15113","27441000","CROSSOVER","MARTIN LUTHER KING JR",,,"4,7",,"9291000","SIGNAL","MCCAIN","2070-TS2-1","352i-ATC","36",,,,"ALL",,"GPS",,"TSP-Planned","1352505600000",,,,,,,,,,,,"1946","1(a)",,"50","X","50","0","56",,,"APS ENAV 4WIRE 19thAV (6)","POINT (-122.47736283 37.766062487)","2024 May 28 03:15:57 PM","2024 May 28 03:15:57 PM","Golden Gate Park","4"
"15257","24568000","CALIFORNIA","DAVIS",,,"3",,"9243500","SIGNAL","MCCAIN","2070-TS2-1","G","78",,,,"ALL",,"GPS",,,"1440374400000",,,,,,,,,,,,"1958",,,"0",,"0","0","10",,,,"POINT (-122.397608333 37.793508604)","2024 May 28 03:15:57 PM","2024 May 28 03:15:57 PM","Financial District/South Beach","3"
"15766","33860000","BEALE","NATOMA",,"TRANSBAY TERMINAL","6",,"9206700","SIGNAL","MCCAIN","2070-TS2-1","MSF","74",,,,"ALL",,"GPS",,,"1561852800000",,,,,,,,,,,,"2019",,,"0",,"0","0","41",,,"APS ENAV 2WIRE TRANSBAY (6)","POINT (-122.394813592 37.790355018)","2024 May 28 03:16:47 PM","2024 May 28 03:16:47 PM","Financial District/South Beach","6"
"14515","21359000","CARTER","GENEVA","OPTICOM","WALBRIDGE","10,11",,"9262000","SIGNAL","ECONOLITE","2070-TS2-1","MSF","70","MASTER-GPS",,"WIRELESS","ALL","YES","GPS","FIBER,PROXIM","TSP,FIRE PREEMPT","1200528000000",,,,,,,,,,,,"1987",,,"0",,"0","0","33",,,,"POINT (-122.423353436 37.70925095)","2024 May 28 03:15:57 PM","2024 May 28 03:15:57 PM","Excelsior","11"
"14711","23854000","07TH ST","TOWNSEND","OPTICOM",,"6",,"9051500","SIGNAL","MCCAIN","2070-TS2-1","MSF","75",,,,"ALL",,"GPS","FIBER,PROXIM","TSP,FIRE PREEMPT","1337644800000",,,,,,,,,,,,"1965",,,"0",,"0","0","76",,,"APS 4WIRE PH2 (8)","POINT (-122.401656681 37.771817126)","2024 May 28 03:15:57 PM","2024 May 28 03:15:57 PM","Mission Bay","6"
"15779","24602000","MISSION","SHAW",,,"6",,"9490400","SIGNAL","MCCAIN","2070-TS2-1","MSF","74",,,,"ALL","YES","GPS",,,"1541635200000",,,,,,,,,,,,"2018",,,"0",,"0","0","52",,,"APS ENAV 2WIRE TRANSBAY (2)","POINT (-122.398564293 37.788981173)","2024 May 28 03:16:47 PM","2024 May 28 03:16:47 PM","Financial District/South Beach","6"
"15503","10612201","PORTOLA","MIDBLOCK",,"BURNETT","8","GLENVIEW","0","BEACON",,,"N/A",,,,,"n.a.",,,,,,,,,,,,,,,,,"0",,,"0",,"0","0","65",,,,"POINT (-122.44626369 37.746794846)","2024 May 28 03:16:47 PM","2024 May 28 03:16:47 PM","Noe Valley","8"
"14471","23323000","JOHN MUIR","SKYLINE",,,"7",,"0","CALTRANS",,,"N/A","CALTRANS",,,,"ALL",,,,,,,,,,,,,,,,,"0","35(a)","X","67",,"33","0","not ours",,,"PENDING","POINT (-122.500220954 37.718955559)","2024 May 28 03:15:57 PM","2024 May 28 03:15:57 PM","Lakeshore","7"
"14815","25190000","ELLIS","VAN NESS","OPTICOM",,"2,5",,"9322500","SIGNAL","MCCAIN","2070-TS2-1","352I-ATC","49D",,,,"ALL",,"GPS",,"TSP,FIRE PREEMPT","1478908800000",,,,,,,,,,,,"1948","101(b)",,"50","X","50","0","80",,,"APS iNS 2WIRE VAN NESS (8)","POINT (-122.421008361 37.783824118)","2024 May 28 03:15:57 PM","2024 May 28 03:15:57 PM","Western Addition","5"
"15061","25712000","18TH ST","CHURCH","VETAG",,"8",,"9097500","SIGNAL","MCCAIN","2070-TS2-1","MSF","ISOLATED",,,,"ALL",,"GPS",,"TRANSIT PREEMPT","1366934400000",,,,,,,,,,,,"1954",,,"0",,"0","0","15",,,"APS ENAV 2WIRE TSI (9)","POINT (-122.428354065 37.761289573)","2024 May 28 03:15:57 PM","2024 May 28 03:15:57 PM","Castro/Upper Market","8"
"15883","3158000","BROADWAY","MIDBLOCK",,"MASON","3","POWELL","0","RADAR SPEED SIGN","RU2 Systems","RU2 Fast 250",,"N/A",,,,"N.A.",,,,,,,,,,,,,,,,,"2023",,,"0",,"0","0",,,,,"POINT (-122.410614026 37.797294425)","2024 May 28 03:16:47 PM","2024 May 28 03:16:47 PM","Chinatown","3"
"15425","24094000","23RD ST","MISSION","OPTICOM",,"9",,"9132500","SIGNAL","MCCAIN","2070-TS2-1","MSF65-ATC","64",,,,"ALL",,"GPS","PROXIM","TSP,FIRE PREEMPT","1193788800000",,,,,,,,,,,,"1953",,,"0",,"0","0","53",,,,"POINT (-122.418593945 37.753836588)","2024 May 28 03:16:47 PM","2024 May 28 03:16:47 PM","Mission","9"
"15515","27504000","19TH AVE","GEARY","OPTICOM",,"1",,"9103200","SIGNAL","ECONOLITE","2070-TS2-TYPE-1","MSF","15",,,,"ALL",,"GPS","PROXIM","TSP,FIRE PREEMPT","1031097600000",,,,,,,,,,,,"2002",,,"0",,"0","0","31",,,,"POINT (-122.478304907 37.780381214)","2024 May 28 03:16:47 PM","2024 May 28 03:16:47 PM","Outer Richmond","1"
"15302","24554000","BEALE","MISSION","OPTICOM",,"6",,"9206500","SIGNAL","ECONOLITE","2070-TS2-TYPE-1","2070-MSF-TS2-TYPE-1","74",,,,"ALL",,"GPS","PROXIM","FIRE PREEMPT","1038787200000",,,,,,,,,,,,"1968",,,"0",,"0","0","52",,,"APS ENAV 4WIRE (8)","POINT (-122.395813421 37.791152808)","2024 May 28 03:15:57 PM","2024 May 28 03:15:57 PM","Financial District/South Beach","6"
"15009","25860000","DUBOCE","GUERRERO",,,"8,9",,"9309500","SIGNAL","MCCAIN","2070-TS2-1","G","21",,,,"ALL",,"GPS",,,"1433376000000",,,,,,,,,,,,"1955",,,"0",,"0","0","37",,,,"POINT (-122.424581089 37.769734696)","2024 May 28 03:15:57 PM","2024 May 28 03:15:57 PM","Mission","8"
"15133","27271000","06TH AVE","BALBOA",,,"1",,"9038000","SIGNAL","MCCAIN","2070-TS2-1","MSF","43","MASTER-GPS",,,"SOME PHASES",,"GPS",,,"1559779200000",,,,,,,,,,,,"1965",,,"0",,"0","0","02",,,,"POINT (-122.464010602 37.777234779)","2024 May 28 03:15:57 PM","2024 May 28 03:15:57 PM","Inner Richmond","1"
"15652","34171000","04TH ST","MISSION BAY NORTH",,,"6",,"0","OTHER",,,,,,,,,,,,,"1238630400000",,,,,,,,,,,,"2009",,,"0",,"0","0","23",,,,"POINT (-122.391199348 37.771009192)","2024 May 28 03:16:47 PM","2024 May 28 03:16:47 PM","Mission Bay","6"
"15192","26303000","CARL","STANYAN",,,"8",,"9261000","SIGNAL","MCCAIN","2070-TS2-1","G","17",,,,"ALL",,"GPS",,,"1370995200000",,,,,,,,,,,,"1975",,,"0",,"0","0","72",,,"APS ENAV 4WIRE N RE-RAIL (8)","POINT (-122.452758421 37.765442854)","2024 May 28 03:15:57 PM","2024 May 28 03:15:57 PM","Inner Sunset","8"
"14627","25252000","CALIFORNIA","HYDE","MECHANICAL,LEVER",,"3",,"9247500","SIGNAL","MCCAIN","2070-TS2-1","MSF","78",,,,"ALL",,"GPS","PROXIM","CABLE CAR PREEMPTION","1418083200000",,,,,,,,,,,,"1954",,,"0",,"0","0","10",,,,"POINT (-122.417391335 37.790973191)","2024 May 28 03:15:57 PM","2024 May 28 03:15:57 PM","Nob Hill","3"
"15812","24599000","MINNA","NEW MONTGOMERY",,,"6",,"0","PENDING SIGNAL",,,,"74",,,,"PENDING",,,,,,,,,,,,,,,,,"0",,,"0",,"0","0",,,,"PENDING","POINT (-122.399974962 37.787010788)","2024 May 28 03:16:47 PM","2024 May 28 03:16:47 PM","Financial District/South Beach","6"
"14724","23944000","05TH ST","HOWARD","OPTICOM",,"6",,"9036500","SIGNAL","MCCAIN","2070-TS2-1","MSF","75","MASTER-GPS",,,"ALL",,"GPS","FIBER","TSP,FIRE PREEMPT","1328140800000",,,,,,,,,,,,"1956",,,"0",,"0","0","41",,,"APS ENAV 4WIRE (8)","POINT (-122.404933347 37.781499508)","2024 May 28 03:15:57 PM","2024 May 28 03:15:57 PM","South of Market","6"
"15256","24573000","DAVIS","SACRAMENTO","OPTICOM",,"3",,"9294500","SIGNAL","MCCAIN","2070-TS2-1","MSF","78",,,,"ALL",,"GPS","PROXIM","TSP,FIRE PREEMPT","1437523200000",,,,,,,,,,,,"1980",,,"0",,"0","0","69",,,,"POINT (-122.397796257 37.794434007)","2024 May 28 03:15:57 PM","2024 May 28 03:15:57 PM","Financial District/South Beach","3"
"14613","24920000","MASON","SUTTER","OPTICOM",,"3",,"9480000","SIGNAL","MCCAIN","2070-TS2-1","G","78",,,,"ALL",,"GPS","PROXIM","TSP,FIRE PREEMPT","1323907200000",,,,,,,,,,,,"1957",,,"0",,"0","0","74",,"X",,"POINT (-122.410242439 37.789016338)","2024 May 28 03:15:57 PM","2024 May 28 03:15:57 PM","Nob Hill","3"
"14533","20306000","BAYSHORE","SUNNYDALE","VETAG",,"10",,"9200000","SIGNAL","ECONOLITE","2070-TS2-TYPE-1","2070-MSF-TS2-TYPE-1","28","MASTER",,"VIDEO","ALL","YES",,"FIBER_HUB",,"1087862400000",,,,,,,,,,,,"1952",,,"0",,"0","0","04",,,"APS 2WIRE PH1 (10)","POINT (-122.405109454 37.708853606)","2024 May 28 03:15:57 PM","2024 May 28 03:15:57 PM","Bayview Hunters Point","10"
"14847","24472000","FRANKLIN","FULTON",,,"5",,"9358500","SIGNAL","MCCAIN","2070-TS2-1","MSF","16B",,,,"ALL",,"GPS","FIBER",,"1381968000000",,,,,,,,,,,,"1978",,,"0",,"0","0","28",,,"APS ENAV 2WIRE FRANKLIN (6)","POINT (-122.421709307 37.778956865)","2024 May 28 03:15:57 PM","2024 May 28 03:15:57 PM","Hayes Valley","5"
"15621","33539000","JOHN MUIR","LAKE MERCED",,,"7",,"9443200","SIGNAL","MCCAIN","2070-TS2-1","MSF","ISOLATED",,,"WIRELESS","ALL","YES","GPS",,,"1422489600000",,,,,,,,,,,,"2015",,,"0",,"0","0","44",,,"APS ENAV 2WIRE CT61 (2)","POINT (-122.485723866 37.708085729)","2024 May 28 03:16:47 PM","2024 May 28 03:16:47 PM",,
"15357","26553000","FRANKLIN","VALLEJO",,,"2",,"9368000","SIGNAL","MCCAIN","2070-TS2-1","MSF","49B",,,,"ALL",,"GPS","FIBER",,"1405641600000",,,,,,,,,,,,"1964",,,"0",,"0","0","29",,,,"POINT (-122.425249874 37.796481303)","2024 May 28 03:15:57 PM","2024 May 28 03:15:57 PM","Marina","2"
"15720","26585000","ELLIS","WEBSTER",,,"5",,"0","SIGNAL","MCCAIN","2070-TS2-1","MSF65-ATC","71",,,,"ALL",,"GPS",,,"1592438400000",,,,,,,,,,,,"2020",,,"0",,"0","0","20",,,"PENDING","POINT (-122.430797881 37.782569888)","2024 May 28 03:16:47 PM","2024 May 28 03:16:47 PM","Western Addition","5"
"14452","21331000","MISSION","VIRGINIA","OPTICOM",,"9",,"9492500","SIGNAL","MCCAIN","2070-TS2-1","MSF","25",,,,"ALL",,"GPS","PROXIM","TSP,FIRE PREEMPT","1361664000000",,,,,,,,,,,,"1973",,,"0",,"0","0","54",,,,"POINT (-122.421485451 37.743122664)","2024 May 28 03:15:57 PM","2024 May 28 03:15:57 PM","Bernal Heights","9"
"14589","20725000","EVANS","NAPOLEON",,"TOLAND","10",,"9335000","SIGNAL","EAGLE","2070-TS2-1","MSF","ISOLATED",,,"VIDEO (GRIDSMART)","ALL","YES",,,,"1256688000000",,,,,,,,,,,,"1995",,,"0",,"0","0","24",,,,"POINT (-122.396008613 37.747262348)","2024 May 28 03:15:57 PM","2024 May 28 03:15:57 PM","Bayview Hunters Point","10"
"15040","24229000","11TH ST","HARRISON","OPTICOM",,"6",,"9069000","SIGNAL","MCCAIN","2070-TS2-1","G","77",,,,"ALL",,"GPS","PROXIM","TSP,FIRE PREEMPT","1301443200000",,,,,,,,,,,,"1950",,,"0",,"0","0","39",,,,"POINT (-122.412479935 37.770629854)","2024 May 28 03:15:57 PM","2024 May 28 03:15:57 PM","Mission","6"
"15588","10390000","FRIDA KAHLO","MIDBLOCK",,"CLOUD CIRCLE","7",,"9511200","SIGNAL",,"2070-TS2-1","MSF","31",,,"VIDEO","ALL","YES","GPS",,,"1103673600000",,,,,,,,,,,,"2004",,,"0",,"0","0","59",,,"APS 4WIRE PH1 (6)","POINT (-122.452359328 37.725716261)","2024 May 28 03:16:47 PM","2024 May 28 03:16:47 PM","West of Twin Peaks","7"
"15607","23825000","LUSK","TOWNSEND",,,"6",,"9470300","SIGNAL","ECONOLITE","2070-TS2-1","XXX-MSF-XXX","09",,,"VIDEO","ALL","YES","GPS","FIBER",,"1118707200000",,,,,,,,,,,,"2005",,,"0",,"0","0","76",,"2070",,"POINT (-122.393857286 37.777977133)","2024 May 28 03:16:47 PM","2024 May 28 03:16:47 PM","South of Market","6"
"14866","25994000","OAK","STEINER",,,"5",,"9502000","SIGNAL","ECONOLITE","2070-TS2-1","2070-MSF-TS2-TYPE-1","16",,,,"ALL",,"GPS","FIBER,PROXIM",,"1011657600000",,,,,,,,,,,,"1955",,,"0",,"0","0","58",,,,"POINT (-122.432467069 37.77375699)","2024 May 28 03:15:57 PM","2024 May 28 03:15:57 PM","Haight Ashbury","5"
"15756","21605000","PERSIA","SUNNYDALE",,,"10,11",,"9511100","BEACON - RRFB","JSF",,,"BEACON",,,,"n.a.","YES",,,,,,,,,,,,,,,,"2017",,,"0",,"0","0",,,,,"POINT (-122.425834817 37.718279389)","2024 May 28 03:16:47 PM","2024 May 28 03:16:47 PM","McLaren Park","11"
"15120","27258000","08TH AVE","FULTON","OPTICOM",,"1",,"9053000","SIGNAL","MCCAIN","2070-TS2-1","MSF","46",,,,"ALL",,"GPS","SIKLU","TSP,FIRE PREEMPT","1341100800000",,,,,,,,,,,,"1952",,,"0",,"0","0","30",,,,"POINT (-122.465883163 37.773398205)","2024 May 28 03:15:57 PM","2024 May 28 03:15:57 PM","Inner Richmond","1"
"15643","22088000","CAYUGA","GENEVA","OPTICOM",,"11",,"9262600","SIGNAL","MCCAIN","2070-TS2-1","MSF","58",,,,"ALL",,"GPS","PROXIM","TSP,FIRE PREEMPT","1453939200000",,,,,,,,,,,,"2016",,,"0",,"0","0","33",,,,"POINT (-122.443696073 37.718928672)","2024 May 28 03:16:47 PM","2024 May 28 03:16:47 PM","Outer Mission","11"
"15744","27150000","08TH AVE","IRVING",,,"7",,"0","BEACON - RRFB","JSF","AB-9X07",,"BEACON",,,,"N.A.","YES",,,,,,,,,,,,,,,,"2019",,,"0",,"0","0","46",,,,"POINT (-122.465239624 37.764075821)","2024 May 28 03:16:47 PM","2024 May 28 03:16:47 PM","Inner Sunset","7"
"15362","26639000","FILLMORE","SACRAMENTO","OPTICOM",,"2",,"9351000","SIGNAL","MCCAIN","2070-TS2-1","G","73",,,,"ALL",,"GPS","PROXIM","TSP,FIRE PREEMPT","1432598400000",,,,,,,,,,,,"1974",,,"0",,"0","0","11",,,,"POINT (-122.434027089 37.789836972)","2024 May 28 03:15:57 PM","2024 May 28 03:15:57 PM","Pacific Heights","2"
"15658","1917000","41ST AVE","MIDBLOCK",,"ORTEGA","4","PACHECO","0","RADAR SPEED SIGN",,,,"N/A",,,,"N.A.",,,,,,,,,,,,,,,,,"2008",,,"0",,"0","0",,,,,"POINT (-122.499846927 37.750366779)","2024 May 28 03:16:47 PM","2024 May 28 03:16:47 PM","Sunset/Parkside","4"
"15639","26396000","EWING","MASONIC",,,"1,2",,"9336300","SIGNAL","MCCAIN","2070-TS2-1","MSF","16C",,,"WIRELESS","ALL","YES","GPS",,"TSP-Planned","1406160000000",,,,,,,,,,,,"2014",,,"0",,"0","0","09",,,"APS ENAV 2WIRE CT33 (6)","POINT (-122.447351927 37.780152061)","2024 May 28 03:16:47 PM","2024 May 28 03:16:47 PM","Lone Mountain/USF","1"
"14927","25064000","PACIFIC","POWELL","OPTICOM",,"3",,"9508000","SIGNAL","ECONOLITE","2070-TS2-1","G","05",,,,"ALL",,"GPS",,"FIRE PREEMPT","1246406400000",,,,,,,,,,,,"1982",,,"0",,"0","0","61",,,,"POINT (-122.41007597 37.796492762)","2024 May 28 03:15:57 PM","2024 May 28 03:15:57 PM","Chinatown","3"
"15218","26908000","COLLINS","GEARY","OPTICOM",,"2",,"9285000","SIGNAL","ECONOLITE","2070-TS2-TYPE-1","2070-MSF-TS2-TYPE-1","15",,,,"ALL",,"GPS","12C,FIBER,PROXIM","TSP,FIRE PREEMPT","1083024000000",,,,,,,,,,,,"1959",,,"0",,"0","0","31",,,,"POINT (-122.450092302 37.782116603)","2024 May 28 03:15:57 PM","2024 May 28 03:15:57 PM","Lone Mountain/USF","2"
"15452","24571000","DRUMM","WASHINGTON",,,"3",,"9309000","SIGNAL","MCCAIN","2070-TS2-1","G","78",,,,"ALL",,"GPS",,,"1508976000000",,,,,,,,,,,,"1991",,,"0",,"0","0","81",,,,"POINT (-122.39695784 37.79634686)","2024 May 28 03:16:47 PM","2024 May 28 03:16:47 PM","Financial District/South Beach","3"
"14626","25231000","CALIFORNIA","LEAVENWORTH","MECHANICAL",,"3",,"9250500","SIGNAL","MCCAIN","2070-TS2-1","MSF","78",,,,"ALL",,"GPS",,"CABLE CAR PREEMPTION","1355184000000",,,,,,,,,,,,"1969",,,"0",,"0","0","10",,,"APS ENAV 2WIRE WALKFIRST PCS (8)","POINT (-122.415750197 37.791206309)","2024 May 28 03:15:57 PM","2024 May 28 03:15:57 PM","Nob Hill","3"
"14710","24199000","08TH ST","BRYANT","OPTICOM",,"6",,"9054500","SIGNAL","MCCAIN","2070-TS2-1","G","75",,"2003 CANDIDATE",,"ALL",,"GPS","PROXIM","FIRE PREEMPT","1308009600000",,,,,,,,,,,,"1955","80(a)",,"20","X","80","0","07",,,"APS iNS 3WIRE CALTRANS APS (7)","POINT (-122.40696829 37.77252627)","2024 May 28 03:15:57 PM","2024 May 28 03:15:57 PM","South of Market","6"
"15877","33436000","ALEMANY","BROTHERHOOD",,"SAGAMORE","11",,"0","PENDING BEACON",,,,,,,,,,,,,,,,,,,,,,,,,"0",,,"0",,"0","0",,,,,"POINT (-122.463030029 37.711422541)","2024 May 28 03:16:47 PM","2024 May 28 03:16:47 PM","Oceanview/Merced/Ingleside","11"
"14837","25942000","GOLDEN GATE","GOUGH",,,"2,5",,"9395000","SIGNAL","MCCAIN","2070-TS2-1","G","49",,,,"ALL",,"GPS","FIBER",,"1257984000000",,,,,,,,,,,,"1953",,,"0",,"0","0","35",,,"APS iNAV 3WIRE GOUGH (8)","POINT (-122.423730984 37.780611622)","2024 May 28 03:15:57 PM","2024 May 28 03:15:57 PM","Western Addition","5"
"14757","26737000","BUCHANAN","LOMBARD","OPTICOM",,"2",,"9226000","SIGNAL","ECONOLITE","2070-TS2-TYPE-1","CTSF","13",,"YES-UPSTEALTH",,"ALL",,"GPS","FIBER","TSP,FIRE PREEMPT","1141171200000",,,,,,,,,,,,"1947","480(b)",,"50","X","50","0","47",,,"APS ENAV 2WIRE PCS3 (8)","POINT (-122.432760489 37.800260114)","2024 May 28 03:15:57 PM","2024 May 28 03:15:57 PM","Marina","2"
"15250","26999000","FRANCISCO","RICHARDSON","OPTICOM",,"2",,"9357500","SIGNAL","ECONOLITE","2070-TS2-TYPE-1","CTSF","13",,"YES-UPSTEALTH","LOOPS","ALL","YES","GPS","FIBER","FIRE PREEMPT","1156896000000",,,,,,,,,,,,"1947","480(b)",,"50","X","50","0","47",,,"PENDING","POINT (-122.447130573 37.800385824)","2024 May 28 03:15:57 PM","2024 May 28 03:15:57 PM","Marina","2"
"15273","24503000","FOLSOM","MAIN","OPTICOM",,"6",,"9354500","SIGNAL","MCCAIN","2070-TS2-1","352i-ATC","74",,,,"ALL",,"GPS","PROXIM","FIRE PREEMPT","1258416000000",,,,,,,,,,,,"1992",,,"0",,"0","0","27",,,"PENDING","POINT (-122.39185829 37.789369267)","2024 May 28 03:15:57 PM","2024 May 28 03:15:57 PM","Financial District/South Beach","6"
"15390","26590000","FILLMORE","GEARY (NORTH)",,,"5",,"0","OTHER",,,,,,,,,,"GPS",,,"1340150400000",,,,,,,,,,,,"1976",,,"0",,"0","0","31",,,,"POINT (-122.432944341 37.784496651)","2024 May 28 03:15:57 PM","2024 May 28 03:15:57 PM","Japantown","5"
"15351","25303000","POLK","WASHINGTON","OPTICOM",,"3",,"9520000","SIGNAL","MCCAIN","2070-TS2-1","MSF","78",,,,"ALL",,"GPS","PROXIM","FIRE PREEMPT","1283990400000",,,,,,,,,,,,"1980",,,"0",,"0","0","64",,,"APS ENAV 2WIRE POLK (8)","POINT (-122.421229981 37.793257868)","2024 May 28 03:15:57 PM","2024 May 28 03:15:57 PM","Russian Hill","3"
"14961","2829000","BAYSHORE","MIDBLOCK",,"CESAR CHAVEZ","9","MARIN","9196500","SIGNAL","MCCAIN","2070-TS2-1","G","ISOLATED",,,,"ALL","YES","GPS",,,"1477872000000",,,,,,,,,,,,"1974",,,"0",,"0","0","14",,,,"POINT (-122.404663217 37.749067556)","2024 May 28 03:15:57 PM","2024 May 28 03:15:57 PM","Bernal Heights","9"
"15811","54235000","GIRARD","US-101 N ON & OFF RAMPS",,,"2",,"0","CALTRANS (BY CONTRACTOR CONSORTIUM GLC)",,,,"CALTRANS",,,,"ALL","YES",,,,,,,,,,,,,,,,"2015","101","X","100",,"0","0","not ours",,,"APS CAMPBELL","POINT (-122.451280096 37.803446431)","2024 May 28 03:16:47 PM","2024 May 28 03:16:47 PM","Presidio","2"
"15825","23260000","23RD AVE","TARAVAL",,,"4",,"0","PENDING BEACON",,,,,,,,"n.a.",,,,,,,,,,,,,,,,,"0",,,"0",,"0","0","87",,,,"POINT (-122.479977644 37.742861504)","2024 May 28 03:16:47 PM","2024 May 28 03:16:47 PM","Sunset/Parkside","4"
"15216","26845000","EUCLID","MASONIC",,,"2",,"9333000","SIGNAL","ECONOLITE","2070-TS2-1","MSF","73",,,"WIRELESS","ALL","YES","GPS",,,"1051056000000",,,,,,,,,,,,"1954",,,"0",,"0","0","09",,,,"POINT (-122.447620107 37.785083635)","2024 May 28 03:15:57 PM","2024 May 28 03:15:57 PM","Presidio Heights","2"
"15333","25234000","HYDE","PINE","OPTICOM",,"3",,"9434000","SIGNAL","EAGLE","2070-TS2-1","2070-MSF-TS2-TYPE-1","78",,,,"ALL",,"GPS",,"FIRE PREEMPT","1010102400000",,,,,,,,,,,,"1949",,,"0",,"0","0","63",,,,"POINT (-122.417204799 37.790045141)","2024 May 28 03:15:57 PM","2024 May 28 03:15:57 PM","Nob Hill","3"
"15726","21362000","BROOKDALE","GENEVA","OPTICOM",,"10,11",,"9220300","SIGNAL","MCCAIN","2070-TS2-1","MSF","70",,,"WIRELESS","ALL","YES","GPS","PROXIM","TSP,FIRE PREEMPT","1549497600000",,,,,,,,,,,,"2019",,,"0",,"0","0","33",,,"APS ENAV 2WIRE WF NEW (7)","POINT (-122.424550388 37.71010186)","2024 May 28 03:16:47 PM","2024 May 28 03:16:47 PM","Excelsior","11"
"15684","11956201","SLOAT","MIDBLOCK",,"MIDDLEFIELD","4","RIVERTON","9533400","BEACON","RTC",,,"BEACON",,,,"n.a.",,,,,,,,,,,,,,,,,"2015",,,"0",,"0","0",,,,,"POINT (-122.48661495 37.734306875)","2024 May 28 03:16:47 PM","2024 May 28 03:16:47 PM","Sunset/Parkside","4"
"15740","26409000","CLAYTON","HAIGHT","OPTICOM",,"5",,"0","SIGNAL","MCCAIN","2070-TS2-1","MSF65-ATC","20",,,,"ALL",,"GPS",,"TSP,FIRE PREEMPT","1620172800000",,,,,,,,,,,,"2021",,,"0",,"0","0","38",,,"APS iNAV 2WIRE UPPER HAIGHT (8)","POINT (-122.448578816 37.769797851)","2024 May 28 03:16:47 PM","2024 May 28 03:16:47 PM","Haight Ashbury","5"
"14428","23536000","03RD ST","26TH ST","VETAG",,"10",,"9011100","SIGNAL","ECONOLITE","2070-TS2-TYPE-1","2070-MSF-TS2-TYPE-1","28",,,"VIDEO","ALL","YES","GPS","FIBER","TSP","1129161600000",,,,,,,,,,,,"2005",,,"0",,"0","0","75",,,,"POINT (-122.387633975 37.751559603)","2024 May 28 03:15:57 PM","2024 May 28 03:15:57 PM","Bayview Hunters Point","10"
"14460","21812000","CIRCULAR","MONTEREY",,"US I-280 ON & OFF RAMPS","7,8",,"9274500","SIGNAL","MCCAIN","2070-TS2-1","342","ISOLATED",,"2003 CANDIDATE","VIDEO (GRIDSMART)","ALL","YES","GPS",,,"1382486400000",,,,,,,,,,,,"1973","280",,"25","X","75","0","55",,,"APS 2WIRE CT33 (4)","POINT (-122.436678949 37.731538395)","2024 May 28 03:15:57 PM","2024 May 28 03:15:57 PM","West of Twin Peaks","7"
"14636","24741000","BUSH","GRANT",,,"3",,"9232000","SIGNAL","ECONOLITE","2070-TS2-1","2070-MSF-TS2-TYPE-1","78",,,,"ALL",,"GPS","FIBER,PROXIM",,"1087257600000",,,,,,,,,,,,"1949",,,"0",,"0","0","08",,,,"POINT (-122.405573746 37.790565238)","2024 May 28 03:15:57 PM","2024 May 28 03:15:57 PM","Financial District/South Beach","3"
"15155","27553000","25TH AVE","GEARY","OPTICOM",,"1",,"9143000","SIGNAL","MCCAIN","2070-TS2-1","MSF","69","MASTER-GPS",,,"ALL",,"GPS","12C,PROXIM","TSP,FIRE PREEMPT","1029801600000",,,,,,,,,,,,"1958",,,"0",,"0","0","31",,,"APS 4WIRE PH2 (8)","POINT (-122.484732261 37.780092583)","2024 May 28 03:15:57 PM","2024 May 28 03:15:57 PM","Outer Richmond","1"
"14940","21349000","29TH ST","SAN JOSE",,,"8,9",,"9151500","SIGNAL","MCCAIN","2070-TS2-1","G","24",,,,"PENDING",,"GPS",,,"1489708800000",,,,,,,,,,,,"1953",,,"0",,"0","0","70",,,"PENDING","POINT (-122.422669445 37.743942241)","2024 May 28 03:15:57 PM","2024 May 28 03:15:57 PM","Noe Valley","9"
"14666","24331000","FULTON","HYDE",,,"5",,"9374500","SIGNAL","MCCAIN","2070-TS2-1","G","78",,,,"ALL",,"GPS",,,"1456185600000",,,,,,,,,,,,"1959",,,"0",,"0","0","30",,,"APS 4WIRE PH2 (6)","POINT (-122.415126955 37.779788527)","2024 May 28 03:15:57 PM","2024 May 28 03:15:57 PM","Tenderloin","5"
"15412","25485000","BEACH","MASON","VETAG",,"3",,"9203000","SIGNAL","ECONOLITE","2070-TS2-1","MSF","10",,,,"ALL",,"GPS",,"TRANSIT PREEMPT","1329350400000",,,,,,,,,,,,"1998",,,"0",,"0","0","57",,,,"POINT (-122.413975007 37.807482513)","2024 May 28 03:16:47 PM","2024 May 28 03:16:47 PM","North Beach","3"
"15899","22771000","OCEAN","SAN BENITO",,,"7",,"0","FUTURE BEACON",,,,,,,,,,,,,,,,,,,,,,,,,"0",,,"0",,"0","0",,,,,"POINT (-122.468064045 37.72896983)","2024 May 28 03:16:47 PM","2024 May 28 03:16:47 PM","West of Twin Peaks","7"
"14455","27942000","GREAT HIGHWAY","LINCOLN",,,"4",,"9415500","SIGNAL","EAGLE","2070-TS2-1","MSF","ISOLATED",,,"WIRELESS","ALL","YES",,,,"1254960000000",,,,,,,,,,,,"1981",,,"0",,"0","0","36",,,"FUTURE","POINT (-122.510341319 37.764000834)","2024 May 28 03:15:57 PM","2024 May 28 03:15:57 PM","Sunset/Parkside","4"
"15290","23827000","04TH ST","BRANNAN","OPTICOM",,"6",,"9027500","SIGNAL","ECONOLITE","2070-TS2-TYPE-1","2070-MSF-TS2-TYPE-1","02",,,,"ALL",,"GPS","FIBER","TSP,FIRE PREEMPT","1018396800000",,,,,,,,,,,,"1957",,,"0",,"0","0","05",,,"APS iNS 3WIRE CENTRAL SUBWAY (10)","POINT (-122.396530638 37.778326832)","2024 May 28 03:15:57 PM","2024 May 28 03:15:57 PM","South of Market","6"
"15845","34169000","04TH ST","MISSION ROCK",,,"6",,"0","PENDING BEACON",,,,,,,,"PENDING",,,,,,,,,,,,,,,,,"0",,,"0",,"0","0","23",,,"PENDING","POINT (-122.391373532 37.772830995)","2024 May 28 03:16:47 PM","2024 May 28 03:16:47 PM","Mission Bay","6"
"15175","27232000","ARGUELLO","CLEMENT","OPTICOM",,"1,2",,"9172500","SIGNAL","MCCAIN","2070-TS2-1","MSF65-ATC","66","MASTER-GPS",,,"ALL",,"GPS","PROXIM","TSP,FIRE PREEMPT","1428537600000",,,,,,,,,,,,"1970",,,"0",,"0","0","02",,,"APS iNAV 2WIRE ARGUELLO (6)","POINT (-122.458998401 37.783188665)","2024 May 28 03:15:57 PM","2024 May 28 03:15:57 PM","Inner Richmond","1"
"15819","21507000","FLORENTINE","MISSION",,,"11",,"0","BEACON - RRFB","JSF","AB-9X07",,"BEACON",,,,"n.a.","YES",,,,,,,,,,,,,,,,"2020",,,"0",,"0","0",,,,,"POINT (-122.443951627 37.713362091)","2024 May 28 03:16:47 PM","2024 May 28 03:16:47 PM","Excelsior","11"
"15337","24965000","JONES","POST","OPTICOM",,"3",,"9445000","SIGNAL","MCCAIN","2070-TS2-1","MSF","78",,,,"ALL",,"GPS","PROXIM","TSP,FIRE PREEMPT","1280793600000",,,,,,,,,,,,"1957",,,"0",,"0","0","66",,,"APS ENAV 2WIRE WALKFIRST PCS (8)","POINT (-122.413353964 37.787663599)","2024 May 28 03:15:57 PM","2024 May 28 03:15:57 PM","Tenderloin","3"
"15618","23773000","16TH ST","RHODE ISLAND","OPTICOM",,"6,10",,"9088300","SIGNAL","MCCAIN","2070-TS2-1","MSF","57",,,,"ALL",,"GPS","FIBER","TSP,FIRE PREEMPT","1334275200000",,,,,,,,,,,,"2012",,,"0",,"0","0","85",,,"PENDING","POINT (-122.402684957 37.766074608)","2024 May 28 03:16:47 PM","2024 May 28 03:16:47 PM","Mission Bay","10"
"14464","23021000","19TH AVE","CRESPI",,,"7",,"9102000","SIGNAL","MCCAIN","2070-TS2-1","352i-ATC","61",,,,"ALL",,"GPS",,,"1352505600000",,,,,,,,,,,,"1947","1(a)",,"67","X","33","0","56",,,"PENDING","POINT (-122.475225476 37.720442632)","2024 May 28 03:15:57 PM","2024 May 28 03:15:57 PM","Lakeshore","7"
"15475","12562101","EMBARCADERO","PIER 39","VETAG","STOCKTON","3",,"9331000","SIGNAL","MCCAIN","2070-TS2-1","MSF","10",,,"VETAG-LRV","ALL",,"GPS","12C","TSP,TRANSIT PREEMPT","1277251200000",,,,,,,,,,,,"1996",,,"0",,"0","100","22",,,,"POINT (-122.410012191 37.808222445)","2024 May 28 03:16:47 PM","2024 May 28 03:16:47 PM","North Beach","3"
"15213","26466000","CHABOT","TURK",,,"1",,"9271000","SIGNAL","MCCAIN","2070-TS2-1","G","44","MASTER-GPS",,,"ALL",,"GPS",,,"1603152000000",,,,,,,,,,,,"1958",,,"0",,"0","0","77",,,"APS iNS 3WIRE TS HARDWARE PH 2 (6)","POINT (-122.451543139 37.778052106)","2024 May 28 03:15:57 PM","2024 May 28 03:15:57 PM","Lone Mountain/USF","1"
"15822","21592000","FARALLONES","SAN JOSE",,,"11",,"0","BEACON - RRFB","JSF","AB-9X07",,"BEACON",,,,"n.a.","YES",,,,,,,,,,,,,,,,"2020",,,"0",,"0","0",,,,,"POINT (-122.452174084 37.714103763)","2024 May 28 03:16:47 PM","2024 May 28 03:16:47 PM","Oceanview/Merced/Ingleside","11"
"15721","21829000","HIGHLAND","MISSION","OPTICOM",,"8,9",,"9428200","SIGNAL","MCCAIN","2070-TS2-1","MSF65-ATC","67",,,"WIRELESS","ALL","YES","GPS","PROXIM","TSP,FIRE PREEMPT","1579219200000",,,,,,,,,,,,"2020",,,"0",,"0","0","54",,,"APS INAV 2WIRE CT64 (8)","POINT (-122.424040148 37.737406247)","2024 May 28 03:16:47 PM","2024 May 28 03:16:47 PM","Bernal Heights","8"
"14951","24062000","25TH ST","SOUTH VAN NESS","OPTICOM",,"9",,"9146000","SIGNAL","MCCAIN","2070-TS2-1","MSF","64",,,,"ALL",,"GPS",,"FIRE PREEMPT","1513209600000",,,,,,,,,,,,"1976",,,"0",,"0","0","71",,,"APS ENAV 2WIRE WALKFIRST PCS (8)","POINT (-122.416107621 37.750771087)","2024 May 28 03:15:57 PM","2024 May 28 03:15:57 PM","Mission","9"
"15717","24491000","BRYANT","STERLING",,,"6",,"0","SIGNAL","MCCAIN","2070-TS2-1","352i-ATC","74",,,"WIRELESS","ALL","YES","GPS",,,"1580342400000",,,,,,,,,,,,"2020",,,"0",,"0","0","07",,,"APS iNAV 2WIRE CT 64 (6)","POINT (-122.392840048 37.783692642)","2024 May 28 03:16:47 PM","2024 May 28 03:16:47 PM","Financial District/South Beach","6"
"15610","33738000","LAKE MERCED","LAKE MERCED HILL",,,"7",,"9456300","SIGNAL","ECONOLITE","2070-TS2-1","MSF","ISOLATED",,,"WIRELESS","ALL","YES","GPS",,,"1243382400000",,,,,,,,,,,,"2009",,,"0",,"0","0","44",,,,"POINT (-122.485383502 37.711318667)","2024 May 28 03:16:47 PM","2024 May 28 03:16:47 PM","Lakeshore","7"
"15836","34026000","SEVEN SEAS","TRADE WINDS",,,"6",,"0","PENDING SIGNAL",,,,,,,,"PENDING",,,,,,,,,,,,,,,,,"0",,,"0",,"0","0",,,,,"POINT (-122.37038772 37.818187034)","2024 May 28 03:16:47 PM","2024 May 28 03:16:47 PM","Treasure Island","6"
"15817","27954000","45TH AVE","LINCOLN",,,"4",,"9157300","FLASHER","JSF",,,"FLASHER",,,,"n.a.",,,,,,,,,,,,,,,,,"2019",,,"0",,"0","0","73",,,,"POINT (-122.505120122 37.764214479)","2024 May 28 03:16:47 PM","2024 May 28 03:16:47 PM","Golden Gate Park","4"
"15803","20813000","LOOMIS","OAKDALE",,,"10",,"0","PENDING SIGNAL",,,,,,,,"PENDING",,,,,,,,,,,,,,,,,"0",,,"0",,"0","0",,,,,"POINT (-122.404306292 37.742520734)","2024 May 28 03:16:47 PM","2024 May 28 03:16:47 PM","Bayview Hunters Point","10"
"14488","23016000","HOLLOWAY","JUNIPERO SERRA",,,"7,11",,"9428500","SIGNAL","ECONOLITE","2070-TS2-1","MSF","53",,,"WIRELESS&LOOPS","PENDING","YES","GPS",,"TSP-Planned","1322697600000",,,,,,,,,,,,"1951",,,"0",,"0","0","43",,,"PENDING","POINT (-122.472322355 37.721623768)","2024 May 28 03:15:57 PM","2024 May 28 03:15:57 PM","West of Twin Peaks","7"
"14645","24686000","PINE","SANSOME",,,"3",,"9513500","SIGNAL","MCCAIN","2070-TS2-1","G","78",,,,"ALL",,"GPS",,,"1458000000000",,,,,,,,,,,,"1949",,,"0",,"0","0","63",,,,"POINT (-122.400933081 37.792108403)","2024 May 28 03:15:57 PM","2024 May 28 03:15:57 PM","Financial District/South Beach","3"
"15874","27101000","07TH AVE","MORAGA",,,"7",,"0","PENDING BEACON",,,,,,,,,,,,,,,,,,,,,,,,,"0",,,"0",,"0","0",,,,,"POINT (-122.463657671 37.756764108)","2024 May 28 03:16:47 PM","2024 May 28 03:16:47 PM","Inner Sunset","7"
"15713","25840000","15TH ST","DOLORES",,,"8",,"0","SIGNAL","MCCAIN","2070-TS2-1","MSF65-ATC","64",,,,"ALL",,"GPS",,,"1581552000000",,,,,,,,,,,,"2020",,,"0",,"0","0","19",,,"APS iNAV 2WIRE CT 64 (8)","POINT (-122.426538464 37.766267923)","2024 May 28 03:16:47 PM","2024 May 28 03:16:47 PM","Castro/Upper Market","8"
"15277","24550000","EMBARCADERO","MISSION","VETAG",,"3,6",,"9329500","SIGNAL","ECONOLITE","2070-TS2-TYPE-1","2070-MSF-TS2-TYPE-1","09",,,"LOOPS","ALL",,"GPS","FIBER,PROXIM","TSP","1136851200000",,,,,,,,,,,,"1979",,,"0",,"0","67","23",,,,"POINT (-122.392497417 37.793769607)","2024 May 28 03:15:57 PM","2024 May 28 03:15:57 PM","Financial District/South Beach","3"
"15163","27505000","20TH AVE","GEARY","OPTICOM",,"1",,"9116500","SIGNAL","EAGLE","2070-TS2-1","MSF","15",,,,"ALL",,"GPS","PROXIM","TSP,FIRE PREEMPT","1341705600000",,,,,,,,,,,,"1950",,,"0",,"0","0","31",,,,"POINT (-122.479382975 37.78033469)","2024 May 28 03:15:57 PM","2024 May 28 03:15:57 PM","Outer Richmond","1"
"15349","26692000","GREENWICH","VAN NESS","OPTICOM",,"2,3",,"9420000","SIGNAL","MCCAIN","2070-TS2-1","352i-ATC","13",,,,"ALL",,"GPS",,"TSP,FIRE PREEMPT","1478908800000",,,,,,,,,,,,"1948","101(b)",,"50","X","50","0","80",,,"APS iNS 2WIRE VAN NESS (8)","POINT (-122.424358667 37.800415028)","2024 May 28 03:15:57 PM","2024 May 28 03:15:57 PM","Russian Hill","3"
"15308","20247000","03RD ST","ARTHUR","VETAG,BRIDGE, FH BUTTON, GC CONTROLLER","CARGO","10",,"9011500","SIGNAL","ECONOLITE","2070-TS2-1","2070-MSF-TS2-TYPE-1","28",,,"VIDEO","ALL","YES","GPS","FIBER","HEAVY RAIL,FIRE,BRIDGE, TRANSIT PREEMPT","1147910400000",,,,,,,,,,,,"1951",,,"0",,"0","25","75",,,,"POINT (-122.387174218 37.746157128)","2024 May 28 03:15:57 PM","2024 May 28 03:15:57 PM","Bayview Hunters Point","10"
"14974","23971000","22ND ST","BRYANT",,,"9",,"9126000","SIGNAL","MCCAIN","2070-TS2-1","G","ISOLATED",,,,"ALL",,"GPS",,,"1402531200000",,,,,,,,,,,,"1958",,,"0",,"0","0","07",,,,"POINT (-122.409433069 37.755998442)","2024 May 28 03:15:57 PM","2024 May 28 03:15:57 PM","Mission","9"
"15187","26419000","COLE","OAK",,,"5",,"9284500","SIGNAL","ECONOLITE","2070-TS2-TYPE-1","2070-MSF-TS2-TYPE-1","16",,,,"ALL",,"GPS","FIBER",,"1013558400000",,,,,,,,,,,,"1955",,,"0",,"0","0","58",,,"APS 4WIRE PH2 (6)","POINT (-122.450600181 37.771460143)","2024 May 28 03:15:57 PM","2024 May 28 03:15:57 PM","Golden Gate Park","5"
"15476","12556202","EMBARCADERO","MIDBLOCK","VETAG","PIER 23","3",,"9330000","SIGNAL","ECONOLITE","2070-TS2-1","MSF","09",,,"LOOPS","ALL","YES","GPS","FIBER","TSP","1298332800000",,,,,,,,,,,,"1995",,,"0",,"0","100","22",,,,"POINT (-122.400871442 37.802964409)","2024 May 28 03:16:47 PM","2024 May 28 03:16:47 PM","Financial District/South Beach","3"
"15323","20992000","CAMBRIDGE","SILVER",,,"9,11",,"9259000","SIGNAL","ECONOLITE","2070-TS2-1","G","ISOLATED",,,"LOOPS (BROKEN)","ALL","YES","GPS",,,"1331164800000",,,,,,,,,,,,"1952",,,"0",,"0","0","04",,,,"POINT (-122.419486477 37.729046445)","2024 May 28 03:15:57 PM","2024 May 28 03:15:57 PM","Excelsior","11"
"15143","27230000","ARGUELLO","GEARY","OPTICOM",,"1,2",,"9174000","SIGNAL","ECONOLITE","2070-TS2-TYPE-1","2070-MSF-TS2-TYPE-1","15",,,,"ALL",,"GPS","FIBER,PROXIM","TSP,FIRE PREEMPT","1081382400000",,,,,,,,,,,,"1958",,,"0",,"0","0","31",,,"APS 4WIRE PH2 (8)","POINT (-122.458858661 37.781257061)","2024 May 28 03:15:57 PM","2024 May 28 03:15:57 PM","Lone Mountain/USF","2"
"15298","24519000","02ND ST","FOLSOM","OPTICOM",,"6",,"9004500","SIGNAL","MCCAIN","2070-TS2-1","352i-ATC","74",,,,"ALL",,"GPS","FIBER","FIRE PREEMPT","1326240000000",,,,,,,,,,,,"1957",,,"0",,"0","0","27",,"CK CAB/CONT","APS INAV 2WIRE FOLSOM (9)","POINT (-122.396705178 37.785542131)","2024 May 28 03:15:57 PM","2024 May 28 03:15:57 PM","Financial District/South Beach","6"
"14987","25679000","20TH ST","DOLORES",,,"8",,"9118500","SIGNAL","MCCAIN","2070-TS2-1","G","64",,,,"PENDING",,"GPS",,,"1416873600000",,,,,,,,,,,,"1970",,,"0",,"0","0","19",,,"PENDING","POINT (-122.425766807 37.758226829)","2024 May 28 03:15:57 PM","2024 May 28 03:15:57 PM","Mission","8"
"14822","24463000","GOLDEN GATE","POLK",,,"5",,"9399500","SIGNAL","MCCAIN","2070-TS2-1","MSF","78",,,,"ALL",,"GPS",,,"1447891200000",,,,,,,,,,,,"1948",,,"0",,"0","0","64",,,"APS ENAV 2WIRE POLK (8)","POINT (-122.41880845 37.781235767)","2024 May 28 03:15:57 PM","2024 May 28 03:15:57 PM","Tenderloin","5"
"15057","24123000","19TH ST","FOLSOM","FH BUTTON",,"9",,"9113500","SIGNAL","MCCAIN","2070-TS2-1","MSF","84",,,,"PENDING",,"GPS","12C","FIRE PREEMPT","1190073600000",,,,,,,,,,,,"1986",,,"0",,"0","0","26",,,"PENDING","POINT (-122.414841892 37.760498873)","2024 May 28 03:15:57 PM","2024 May 28 03:15:57 PM","Mission","9"
"15594","25829000","DOUGLASS","MARKET",,,"8",,"9306700","SIGNAL","ECONOLITE","2070-TS2-1","ECONOLITE-MSF-STD","21",,,,"ALL",,"GPS",,,"1229472000000",,,,,,,,,,,,"2008",,,"0",,"0","0","49",,,,"POINT (-122.439413852 37.761424566)","2024 May 28 03:16:47 PM","2024 May 28 03:16:47 PM","Castro/Upper Market","8"
"14864","24450000","HAYES","VAN NESS","OPTICOM,TRANSIT BUTTON",,"5,6",,"9427000","SIGNAL","MCCAIN","2070-TS2-1","352i-ATC","16B",,"YES",,"ALL",,"GPS","FIBER","TSP,FIRE PREEMPT,TRANSIT PREEMPT","1289347200000",,,,,,,,,,,,"1948","101(b)",,"50","X","50","0","80",,,"APS iNS 2WIRE VAN NESS (8)","POINT (-122.419693566 37.777299856)","2024 May 28 03:15:57 PM","2024 May 28 03:15:57 PM","Tenderloin","5"
"14893","25486000","JEFFERSON","MASON","VETAG",,"3",,"9442000","SIGNAL","MCCAIN","2070-TS2-1","MSF75-ATC","10",,,,"ALL",,"GPS",,"TSP","1320278400000",,,,,,,,,,,,"1998",,,"0",,"0","0","57",,,"APS iNS 2WIRE JEFFERSON (8)","POINT (-122.414164434 37.808421059)","2024 May 28 03:15:57 PM","2024 May 28 03:15:57 PM","North Beach","3"
"15371","26545000","GOUGH","WASHINGTON",,,"2",,"9410000","SIGNAL","MCCAIN","2070-TS2-1","MSF65-ATC","49A",,"YES-UPSTEALTH",,"ALL",,"GPS","FIBER",,"1318464000000",,,,,,,,,,,,"1973",,,"0",,"0","0","35",,,"APS ENAV 2WIRE GOUGH (14)","POINT (-122.426157043 37.792633772)","2024 May 28 03:15:57 PM","2024 May 28 03:15:57 PM","Pacific Heights","2"
"14445","20471000","03RD ST","HOLLISTER","VETAG",,"10",,"9017800","SIGNAL",,"2070-TS2-TYPE-1","2070-MSF-TS2-TYPE-1","28",,,"VIDEO","ALL","YES","GPS","FIBER","TSP","1106611200000",,,,,,,,,,,,"2005",,,"0",,"0","0","75",,,"APS ENAV 2WIRE PH1 (7)","POINT (-122.395943827 37.72171588)","2024 May 28 03:15:57 PM","2024 May 28 03:15:57 PM","Bayview Hunters Point","10"
"14603","24756000","CLAY","MONTGOMERY","OPTICOM",,"3",,"9279000","SIGNAL","MCCAIN","2070-TS2-1","MSF","78",,,,"ALL",,"GPS","PROXIM","TSP,FIRE PREEMPT","1431475200000",,,,,,,,,,,,"1967",,,"0",,"0","0","16",,,,"POINT (-122.403139295 37.794666282)","2024 May 28 03:15:57 PM","2024 May 28 03:15:57 PM","Chinatown","3"
"15829","3242101","BROTHERHOOD EB","MIDBLOCK",,"CHURCH ACCESS RD (801-849)","7",,"0","RADAR SPEED SIGN","SpeedCheck",,,"N/A",,,,"N.A.",,,,,,,,,,,,,,,,,"2020",,,"0",,"0","0",,,,,"POINT (-122.477153631 37.714480884)","2024 May 28 03:16:47 PM","2024 May 28 03:16:47 PM","Lakeshore","7"
"15590","10669201","POTRERO","MIDBLOCK","OPTICOM","22ND ST","9,10","23RD ST","9525700","SIGNAL","MCCAIN","2070-TS2-1","MSF","23",,,,"ALL",,"GPS","FIBER,PROXIM","TSP,FIRE PREEMPT","1375488000000",,,,,,,,,,,,"2006",,,"0",,"0","0","67",,,"APS ENAV 2WIRE POTRERO STSCAPE (3)","POINT (-122.406558162 37.755335006)","2024 May 28 03:16:47 PM","2024 May 28 03:16:47 PM","Mission","9"
"14832","25964000","EDDY","LAGUNA",,,"2,5",,"9313000","SIGNAL","EAGLE","2070-TS2-1","G","71",,,,"ALL",,"GPS",,,"1256774400000",,,,,,,,,,,,"1978",,,"0",,"0","0","20",,,,"POINT (-122.427396398 37.782056939)","2024 May 28 03:15:57 PM","2024 May 28 03:15:57 PM","Western Addition","5"
"15230","26827000","BAKER","CALIFORNIA","OPTICOM",,"2",,"9178500","SIGNAL","MCCAIN","2070-TS2-1","MSF","73",,,,"SOME PHASES",,"GPS","FIBER,PROXIM","TSP,FIRE PREEMPT","1433980800000",,,,,,,,,,,,"1975",,,"0",,"0","0","11",,,,"POINT (-122.443753266 37.78764721)","2024 May 28 03:15:57 PM","2024 May 28 03:15:57 PM","Pacific Heights","2"
"14874","30070000","OAK","OCTAVIA",,,"5",,"9500000","SIGNAL","ECONOLITE","2070-TS2-1","2070-MSF-TS2-TYPE-1","21",,"YES-UPSTEALTH",,"ALL","YES","GPS","FIBER",,"1008633600000",,,,,,,,,,,"YES","1955",,,"0",,"0","0","58",,,"APS ENAV 2WIRE OCTAVIA BULB (9)","POINT (-122.4241365 37.774824795)","2024 May 28 03:15:57 PM","2024 May 28 03:15:57 PM","Hayes Valley","5"
"15397","26047000","PIERCE","TURK",,,"5",,"9512000","SIGNAL","MCCAIN","2070-TS2-1","G","71",,,,"ALL",,"GPS",,,"1264636800000",,,,,,,,,,,,"1955",,,"0",,"0","0","77",,,"FUTURE","POINT (-122.435424515 37.780077638)","2024 May 28 03:15:57 PM","2024 May 28 03:15:57 PM","Western Addition","5"
"14524","33693000","ALEMANY","BAYSHORE",,"INDUSTRIAL","9,10",,"0","CALTRANS",,,"M","CALTRANS",,,"LOOPS","ALL","YES",,,,,,,,,,,,,,,,"1951","101(a)","X","25",,"75","0","not ours",,,"PENDING","POINT (-122.406909767 37.737964991)","2024 May 28 03:15:57 PM","2024 May 28 03:15:57 PM","Bayview Hunters Point","10"
"14692","24333000","HYDE","MCALLISTER","OPTICOM",,"5",,"9432000","SIGNAL","ECONOLITE","2070-TS2-1","MSF","78",,,,"ALL",,"GPS","PROXIM","FIRE PREEMPT","1112659200000",,,,,,,,,,,,"1967",,,"0",,"0","0","51",,,"APS 4WIRE PH2 (8)","POINT (-122.415315615 37.780719177)","2024 May 28 03:15:57 PM","2024 May 28 03:15:57 PM","Tenderloin","5"
"15436","26327000","LYON","OAK",,,"5",,"9470500","SIGNAL","ECONOLITE","2070-TS2-1","MSF TALL","16",,,,"ALL",,"GPS","FIBER",,"1015977600000",,,,,,,,,,,,"1955",,,"0",,"0","0","58",,"2070",,"POINT (-122.442377977 37.772504316)","2024 May 28 03:16:47 PM","2024 May 28 03:16:47 PM","Golden Gate Park","5"
"15723","23655000","MARIPOSA","PENNSYLVANIA",,,"10",,"0","SIGNAL","MCCAIN","2070-TS2-1","MSF65-ATC","28",,,"WIRELESS","ALL","YES","GPS",,,"1582243200000",,,,,,,,,,,,"2020",,,"0",,"0","0","85",,,"APS iNAV 2WIRE CT 64 (8)","POINT (-122.393729796 37.764021343)","2024 May 28 03:16:47 PM","2024 May 28 03:16:47 PM","Potrero Hill","10"
"14728","24272000","08TH ST","FOLSOM","OPTICOM",,"6",,"9055000","SIGNAL","MCCAIN","2070-TS2-1","MSF","75",,,,"ALL",,"GPS","PROXIM","TSP,FIRE PREEMPT","1445990400000",,,,,,,,,,,"YES","1956",,,"0",,"0","0","27",,,,"POINT (-122.41006277 37.774991792)","2024 May 28 03:15:57 PM","2024 May 28 03:15:57 PM","South of Market","6"
"15571","34155000","03RD ST","CHANNEL","VETAG",,"6",,"9014600","SIGNAL","ECONOLITE","2070-TS2-TYPE-1","2070-MSF-TS2-TYPE-1","28",,,"WIRELESS&VIDEO","ALL","YES","GPS","FIBER","TSP,ACTUATED TRANSIT PHASE,TRANSIT PREEMPT","1042070400000",,,,,,,,,,,,"2005",,,"0",,"0","0","75",,,,"POINT (-122.389865004 37.774551172)","2024 May 28 03:16:47 PM","2024 May 28 03:16:47 PM","Mission Bay","6"
"15126","27519000","25TH AVE","CROSSOVER","OPTICOM","FULTON","1",,"9142500","SIGNAL","MCCAIN","2070-TS2-1","MSF","69",,,"WIRELESS","ALL",,"GPS","FIBER,SIKLU","TSP,FIRE PREEMPT","1402963200000",,,,,,,,,,,,"1952",,,"0",,"0","0","30",,,"APS ENAV 4WIRE CT33 (8)","POINT (-122.484194201 37.772569062)","2024 May 28 03:15:57 PM","2024 May 28 03:15:57 PM","Outer Richmond","1"
"15800","22079000","DELANO","OCEAN",,,"11",,"0","BEACON - RRFB","JSF","AB-9X07",,"BEACON",,,,"n.a.","YES",,,,,,,,,,,,,,,,"2020",,,"0",,"0","0",,,,,"POINT (-122.443273779 37.723085049)","2024 May 28 03:16:47 PM","2024 May 28 03:16:47 PM","Outer Mission","11"
"15725","24294000","06TH ST","JESSIE",,,"6",,"9044150","SIGNAL","MCCAIN","2070-TS2-1","MSF","75",,,"WIRELESS","ALL","YES","GPS",,,"1542672000000",,,,,,,,,,,,"2018",,,"0",,"0","0","52",,,"APS ENAV 2WIRE WF NEW (2); iNS 2WIRE 6TH ST STREETSCAP (2)","POINT (-122.409245443 37.781398134)","2024 May 28 03:16:47 PM","2024 May 28 03:16:47 PM","South of Market","6"
"14800","25227000","FRANKLIN","PINE",,,"2",,"9365000","SIGNAL","MCCAIN","2070-TS2-1","MSF","49",,,,"ALL",,"GPS","FIBER",,"1407974400000",,,,,,,,,,,,"9999",,,"0",,"0","0","28",,,"APS ENAV 4WIRE FRANKLIN (10)","POINT (-122.423781081 37.78920314)","2024 May 28 03:15:57 PM","2024 May 28 03:15:57 PM","Western Addition","2"
"14551","23150000","19TH AVE","WAWONA",,,"4,7",,"9112500","SIGNAL","MCCAIN","2070-TS2-1","352i-ATC","36",,,,"ALL","YES","GPS","FIBER",,"1352592000000",,,,,,,,,,,,"1959","1(a)",,"50","X","50","0","56",,,"APS iNS 2WIRE 19thAV (6)","POINT (-122.475288555 37.737454743)","2024 May 28 03:15:57 PM","2024 May 28 03:15:57 PM","West of Twin Peaks","7"
"15343","24919000","MASON","POST","OPTICOM",,"3",,"9479500","SIGNAL","MCCAIN","2070-TS2-1","MSF","78",,,,"ALL",,"GPS","PROXIM","TSP,FIRE PREEMPT","1280793600000",,,,,,,,,,,,"1957",,,"0",,"0","0","66",,,"APS ENAV 2WIRE WALKFIRST PCS (8)","POINT (-122.41005693 37.788082187)","2024 May 28 03:15:57 PM","2024 May 28 03:15:57 PM","Nob Hill","3"
"15321","22128000","SAN JOSE","SANTA ROSA",,,"11",,"9531500","SIGNAL","MCCAIN","2070-TS2-1","MSF","ISOLATED",,,,"NONE",,"GPS",,,"1351382400000",,,,,,,,,,,,"1951",,,"0",,"0","0","70",,,,"POINT (-122.440062033 37.728922714)","2024 May 28 03:15:57 PM","2024 May 28 03:15:57 PM","Outer Mission","11"
"15458","24313000","09TH ST","MISSION","OPTICOM",,"6",,"9062500","SIGNAL","MCCAIN","2070-TS2-1","MSF","75",,"YES-UPSTEALTH",,"ALL",,"GPS","PROXIM","TSP,FIRE PREEMPT","1045094400000",,,,,,,,,,,,"1956",,,"0",,"0","0","52",,,,"POINT (-122.414711004 37.77623052)","2024 May 28 03:16:47 PM","2024 May 28 03:16:47 PM","South of Market","6"
"15072","26105000","MARKET","ROMAIN",,,"8",,"9474500","SIGNAL","MCCAIN","2070-TS2-1","MSF","21",,,,"NONE",,"GPS",,,"1513209600000",,,,,,,,,,,,"1985",,,"0",,"0","0","49",,,,"POINT (-122.440998758 37.756218485)","2024 May 28 03:15:57 PM","2024 May 28 03:15:57 PM","Twin Peaks","8"
"15279","24498000","FOLSOM","FREMONT",,,"6",,"9353500","SIGNAL","MCCAIN","2070-TS2-1","352i-ATC","74",,"YES-UPSTEALTH",,"ALL",,"GPS",,,"1112313600000",,,,,,,,,,,,"1958",,,"0",,"0","0","27",,,"APS INAV 2WIRE FOLSOM (8)","POINT (-122.393597164 37.787996309)","2024 May 28 03:15:57 PM","2024 May 28 03:15:57 PM","Financial District/South Beach","6"
"14592","24349000","13TH ST","FOLSOM",,,"6,9",,"9073000","SIGNAL","ECONOLITE","2070-TS2-1","G","21",,,,"ALL",,"GPS",,,"1322697600000",,,,,,,,,,,,"1966",,,"0",,"0","0","26",,,,"POINT (-122.415577016 37.769591161)","2024 May 28 03:15:57 PM","2024 May 28 03:15:57 PM","Mission","6"
"14516","21737000","ITALY","MISSION","OPTICOM",,"11",,"9437500","SIGNAL","MCCAIN","2070-TS2-1","MSF","30",,,,"ALL",,"GPS","PROXIM","TSP,FIRE PREEMPT","1367280000000",,,,,,,,,,,,"1976",,,"0",,"0","0","54",,,,"POINT (-122.439500375 37.718467226)","2024 May 28 03:15:57 PM","2024 May 28 03:15:57 PM","Outer Mission","11"
"15000","24081000","22ND ST","SOUTH VAN NESS","OPTICOM",,"9",,"9128000","SIGNAL","MCCAIN","2070-TS2-1","MSF","64",,,,"ALL",,"GPS",,"FIRE PREEMPT","1358467200000",,,,,,,,,,,,"1954",,,"0",,"0","0","71",,,"APS ENAV 2WIRE WALKFIRST PCS (8)","POINT (-122.416566641 37.755568278)","2024 May 28 03:15:57 PM","2024 May 28 03:15:57 PM","Mission","9"
"14995","24077000","22ND ST","FOLSOM",,,"9",,"9126500","SIGNAL","MCCAIN","2070-TS2-1","G","84",,,,"PENDING",,"GPS",,,"1447286400000",,,,,,,,,,,,"1958",,,"0",,"0","0","26",,,"PENDING","POINT (-122.414387601 37.755699465)","2024 May 28 03:15:57 PM","2024 May 28 03:15:57 PM","Mission","9"
"15214","26065000","GOLDEN GATE","SCOTT",,,"5",,"9400000","SIGNAL","MCCAIN","2070-TS2-1","MSF","71",,,,"ALL",,"GPS",,,"1458172800000",,,,,,,,,,,,"1955",,,"0",,"0","0","34",,,"PENDING","POINT (-122.436884629 37.778937753)","2024 May 28 03:15:57 PM","2024 May 28 03:15:57 PM","Western Addition","5"
"14811","26614000","POST","STEINER",,,"5",,"9523500","SIGNAL","MCCAIN","2070-TS2-1","G","73",,,,"NONE",,"GPS",,,"1432684800000",,,,,,,,,,,,"1957",,,"0",,"0","0","66",,,,"POINT (-122.434729992 37.784944006)","2024 May 28 03:15:57 PM","2024 May 28 03:15:57 PM","Japantown","5"
"15664","25946000","LAGUNA","MCALLISTER","OPTICOM",,"5",,"9453700","SIGNAL","MCCAIN","2070-TS2-1","MSF","71",,,,"ALL",,"GPS","PROXIM","TSP,FIRE PREEMPT","1439251200000",,,,,,,,,,,,"2015",,,"0",,"0","0","51",,,,"POINT (-122.426828556 37.779257971)","2024 May 28 03:16:47 PM","2024 May 28 03:16:47 PM","Western Addition","5"
"15677","52189000","FRIDA KAHLO","CITY COLLEGE TERMINAL",,,"7",,"9511400","SIGNAL","ECONOLITE","2070-TS2-1","MSF","31",,,"WIRELESS","ALL","YES","GPS",,,"1239148800000",,,,,,,,,,,,"2009",,,"0",,"0","0","59",,,"APS 2WIRE CITYCOLLEGE (2)","POINT (-122.452340026 37.723891851)","2024 May 28 03:16:47 PM","2024 May 28 03:16:47 PM","West of Twin Peaks","7"
"15500","25913000","FELL","LAGUNA",,,"5",,"9339500","SIGNAL",,"2070-TS2-1","MSF","16",,,,"ALL",,"GPS","FIBER",,"1012435200000",,,,,,,,,,,,"1955",,,"0",,"0","0","25",,,"APS ENAV 2WIRE OCTAVIA ANCILLARY (8)","POINT (-122.426070325 37.775524546)","2024 May 28 03:16:47 PM","2024 May 28 03:16:47 PM","Hayes Valley","5"
"14558","20491000","03RD ST","LANE","VETAG","YOSEMITE","10",,"9021000","SIGNAL",,"2070-TS2-TYPE-1","2070-MSF-TS2-TYPE-1","28",,,"VIDEO","ALL","YES","GPS","FIBER","TSP","1118620800000",,,,,,,,,,,,"1954",,,"0",,"0","0","75",,,,"POINT (-122.393232787 37.727733468)","2024 May 28 03:15:57 PM","2024 May 28 03:15:57 PM","Bayview Hunters Point","10"
"15431","26475000","FULTON","STANYAN",,,"1",,"9377500","SIGNAL","EAGLE","2070-TS2-1","MSF","80",,,,"ALL",,"GPS","SIKLU",,"1344038400000",,,,,,,,,,,,"1950",,,"0",,"0","0","30",,,,"POINT (-122.454682648 37.774755485)","2024 May 28 03:16:47 PM","2024 May 28 03:16:47 PM","Lone Mountain/USF","1"
"15379","26525000","BUSH","LAGUNA",,,"5",,"9234000","SIGNAL","ECONOLITE","2070-TS2-TYPE-1","2070-MSF-TS2-TYPE-1","73",,,,"ALL",,"GPS",,,"1077148800000",,,,,,,,,,,,"1949",,,"0",,"0","0","09",,,,"POINT (-122.428525011 37.787650562)","2024 May 28 03:15:57 PM","2024 May 28 03:15:57 PM","Pacific Heights","5"
"14503","33375000","DIAMOND","MONTEREY",,"SAN JOSE OFF RAMP","8",,"9296000","SIGNAL","ECONOLITE","2070-TS2-1","G","82",,,"LOOPS","ALL","YES","GPS",,,"1319673600000",,,,,,,,,,,,"1962",,,"0",,"0","0","55",,,"APS iNS 2WIRE CITYWIDE NEW APS (4)","POINT (-122.434442848 37.732533996)","2024 May 28 03:15:57 PM","2024 May 28 03:15:57 PM","West of Twin Peaks","8"
"14809","26494000","GEARY","GOUGH","OPTICOM","PETER YORKE","2","STARR KING","9379500","SIGNAL","MCCAIN","2070-TS2-1","MSF72","49",,,,"ALL",,"GPS","FIBER","TSP,FIRE PREEMPT","1319673600000",,,,,,,,,,,"FUTURE","1953",,,"0",,"0","0","35",,,"APS iNS 2WIRE GEARY RAPID (10)","POINT (-122.424687041 37.785334622)","2024 May 28 03:15:57 PM","2024 May 28 03:15:57 PM","Western Addition","2"
"14861","30746000","10TH ST","FELL",,"MARKET","6","POLK","9065500","SIGNAL","MCCAIN","2070-TS2-1","MSF","16B",,"2003 CANDIDATE",,"ALL",,"GPS","FIBER",,"1398902400000",,,,,,,,,,,,"1950",,,"0",,"0","0","50",,,,"POINT (-122.417501463 37.776540893)","2024 May 28 03:15:57 PM","2024 May 28 03:15:57 PM","Tenderloin","6"
"14502","21699000","BOSWORTH","MISSION","OPTICOM","MURRAY","8,9",,"9208500","SIGNAL","MCCAIN","2070-TS2-1","MSF65-ATC","67",,,,"ALL",,"GPS","FIBER,PROXIM","TSP,FIRE PREEMPT","1361664000000",,,,,,,,,,,,"1951",,,"0",,"0","0","54",,,,"POINT (-122.426391165 37.733675017)","2024 May 28 03:15:57 PM","2024 May 28 03:15:57 PM","Outer Mission","8"
"15225","26840000","BUSH","EUCLID","OPTICOM","PRESIDIO","2",,"9230000","SIGNAL",,"2070-TS2-1","MSF","73",,,,"ALL",,"GPS","PROXIM","FIRE PREEMPT","1075852800000",,,,,,,,,,,,"1949",,,"0",,"0","0","09",,,,"POINT (-122.446421709 37.785370265)","2024 May 28 03:15:57 PM","2024 May 28 03:15:57 PM","Presidio Heights","2"
"15245","27221000","GEARY","STANYAN","OPTICOM",,"2",,"0","SIGNAL","ECONOLITE","2070-TS2-TYPE-1","MSF","15",,,,"ALL",,"GPS","FIBER,PROXIM","TSP,FIRE PREEMPT","1082592000000",,,,,,,,,,,,"1958",,,"0",,"0","0","31",,,,"POINT (-122.456298549 37.781388619)","2024 May 28 03:15:57 PM","2024 May 28 03:15:57 PM","Presidio Heights","2"
"15467","6436203","GREAT HIGHWAY","RIVERA",,,"4",,"9417000","SIGNAL","MCCAIN","2070-TS2-1","G","38",,,,"ALL",,"GPS",,,"1359936000000",,,,,,,,,,,,"1989",,,"0",,"0","0","36",,,"FUTURE","POINT (-122.507946333 37.745365051)","2024 May 28 03:16:47 PM","2024 May 28 03:16:47 PM","Sunset/Parkside","4"
"14886","25591000","BEACH","TAYLOR","VETAG",,"3",,"9204500","SIGNAL","EAGLE","2070-TS2-1","MSF","10","MASTER-GPS",,,"ALL",,"GPS",,"TRANSIT PREEMPT","1347580800000",,,,,,,,,,,,"1979",,,"0",,"0","0","57",,,,"POINT (-122.415616436 37.80727587)","2024 May 28 03:15:57 PM","2024 May 28 03:15:57 PM","North Beach","3"
"14580","23889000","05TH ST","BRYANT","OPTICOM","I-80 E ON RAMP","6",,"9034500","SIGNAL","MCCAIN","2070-TS2-1","MSF","75",,"YES-UPSTEALTH",,"ALL",,"GPS","FIBER","FIRE PREEMPT","1132099200000",,,,,,,,,,,,"1955","80(a)",,"20","X","80","0","07",,,"PENDING","POINT (-122.40029776 37.777799011)","2024 May 28 03:15:57 PM","2024 May 28 03:15:57 PM","South of Market","6"
"15775","23746000","16TH ST","WISCONSIN","OPTICOM",,"6,10",,"0","SIGNAL","MCCAIN","2070-TS2-1","MSF65-ATC","76","MASTER-GPS",,,"ALL",,"GPS","FIBER","TSP,FIRE PREEMPT","1591228800000",,,,,,,,,,,,"2020",,,"0",,"0","0","15",,,"APS ENAV 2WIRE 16TH ST (8)","POINT (-122.39976096 37.766250253)","2024 May 28 03:16:47 PM","2024 May 28 03:16:47 PM","Mission Bay","6"
"15332","24748000","CALIFORNIA","KEARNY","MECHANICAL",,"3",,"9248500","SIGNAL","EAGLE","2070-TS2-1","2070-MSF-TS2-TYPE-1","78",,,,"ALL",,"GPS","PROXIM","CABLE CAR PREEMPTION","1084924800000",,,,,,,,,,,,"1946",,,"0",,"0","0","10",,,,"POINT (-122.404418428 37.792638656)","2024 May 28 03:15:57 PM","2024 May 28 03:15:57 PM","Financial District/South Beach","3"
"15569","20296000","BAYSHORE","TUNNEL","VETAG",,"10",,"9200200","SIGNAL","ECONOLITE","2070-TS2-1","2070-MSF-TS2-TYPE-1","28",,,"WIRELESS","ALL","YES","GPS","FIBER","TSP","1088553600000",,,,,,,,,,,,"2003",,,"0",,"0","0","04",,,,"POINT (-122.400658029 37.713057971)","2024 May 28 03:16:47 PM","2024 May 28 03:16:47 PM","Bayview Hunters Point","10"
"14663","24936000","ELLIS","JONES",,,"5",,"9319000","SIGNAL","MCCAIN","2070-TS2-1","G","78",,,,"ALL",,"GPS",,,"1457481600000",,,,,,,,,,,,"1967",,,"0",,"0","0","21",,,,"POINT (-122.412782128 37.784866245)","2024 May 28 03:15:57 PM","2024 May 28 03:15:57 PM","Tenderloin","5"
"14578","24692000","BATTERY","SACRAMENTO","OPTICOM",,"3",,"9187500","SIGNAL","MCCAIN","2070-TS2-1","MSF","78",,,,"ALL",,"GPS","PROXIM","TSP,FIRE PREEMPT","1437436800000",,,,,,,,,,,,"1968",,,"0",,"0","0","69",,,,"POINT (-122.400148779 37.794134235)","2024 May 28 03:15:57 PM","2024 May 28 03:15:57 PM","Financial District/South Beach","3"
"14669","24902000","O'FARRELL","STOCKTON","OPTICOM",,"3",,"9497500","SIGNAL","MCCAIN","2070-TS2-1","MSF77-ATC","78",,,,"ALL",,"GPS",,"FIRE PREEMPT","1246406400000",,,,,,,,,,,,"1954",,,"0",,"0","0","60",,,"APS iNS 3WIRE Central Subway (8)","POINT (-122.406398878 37.786615347)","2024 May 28 03:15:57 PM","2024 May 28 03:15:57 PM","Financial District/South Beach","3"
"15534","10184000","PAGE","MIDBLOCK",,"ASHBURY","5","MASONIC","0","BEACON - RRFB","JSF","AB-9X07",,"BEACON",,,,"n.a.","YES",,,,,,,,,,,,,,,,"2014",,,"0",,"0","0",,,,"APS iNX BY SRC (2)","POINT (-122.446354862 37.771034912)","2024 May 28 03:16:47 PM","2024 May 28 03:16:47 PM","Haight Ashbury","5"
"15112","27745000","36TH AVE","37TH AVE",,"LINCOLN","4",,"9155500","SIGNAL","EAGLE","2070-TS2-TYPE-1","2070-MSF-TS2-TYPE-1","ISOLATED",,,,"ALL",,,,,"1030492800000",,,,,,,,,,,,"1997",,,"0",,"0","0","73",,,,"POINT (-122.495475309 37.764638044)","2024 May 28 03:15:57 PM","2024 May 28 03:15:57 PM","Sunset/Parkside","4"
"15645","24484000","02ND ST","SOUTH PARK",,,"6",,"0","SIGNAL","MCCAIN","2070-TS2-1","MSF65-ATC","74",,,,"ALL",,"GPS",,,"1623024000000",,,,,,,,,,,,"2021",,,"0",,"0","0","05",,,"APS ENAV 2WIRE 2ND ST (6)","POINT (-122.392841608 37.7824571)","2024 May 28 03:16:47 PM","2024 May 28 03:16:47 PM","Financial District/South Beach","6"
"14956","21346000","26TH ST","VALENCIA",,,"8,9",,"9148500","SIGNAL","MCCAIN","2070-TS2-1","MSF","24",,,,"ALL",,"GPS",,,"1421798400000",,,,,,,,,,,,"1980",,,"0",,"0","0","79",,,,"POINT (-122.420353711 37.748906531)","2024 May 28 03:15:57 PM","2024 May 28 03:15:57 PM","Mission","9"
"15542","2153000","ALEMANY","SAN BRUNO",,"US-101 S ON RAMP","9",,"0","CALTRANS",,,,"CALTRANS",,,,"ALL",,,"0",,,,,,,,,,,,,,"9999","101(a)","X","20",,"80","0","not ours",,,"PENDING","POINT (-122.407998687 37.735885278)","2024 May 28 03:16:47 PM","2024 May 28 03:16:47 PM","Portola","9"
"15601","21766001","ALEMANY","THERESA",,,"11",,"0","PENDING SIGNAL",,,,"27",,,,"PENDING",,,,,,,,,,,,,,,,,"0",,,"0",,"0","0",,,,"PENDING","POINT (-122.434478649 37.728731783)","2024 May 28 03:16:47 PM","2024 May 28 03:16:47 PM","Outer Mission","11"
"14419","23110000","HIGUERA","LAKE MERCED",,,"7",,"9428300","SIGNAL","EAGLE","2070-TS2-1","MSF","39",,,"WIRELESS&LOOPS","ALL","YES","GPS",,,"1032393600000",,,,,,,,,,,,"2002",,,"0",,"0","0","44",,,"PENDING","POINT (-122.48507595 37.718327591)","2024 May 28 03:15:57 PM","2024 May 28 03:15:57 PM","Lakeshore","7"
"14775","25315000","BROADWAY","POLK","OPTICOM",,"3",,"9213500","SIGNAL","MCCAIN","2070-TS2-1","MSF","13",,,,"ALL",,"GPS",,"FIRE PREEMPT","1282780800000",,,,,,,,,,,,"1952",,,"0",,"0","0","64",,,"APS ENAV 2WIRE POLK (8)","POINT (-122.421768167 37.795945403)","2024 May 28 03:15:57 PM","2024 May 28 03:15:57 PM","Russian Hill","3"
"14403","30021000","03RD ST","TERRY FRANCOIS",,,"6",,"0","SIGNAL",,"2070-TS2-TYPE-1","2070-MSF-TS2-TYPE-1","09",,,"WIRELESS","ALL","YES","GPS",,"BRIDGE PREEMPT","1153958400000",,,,,,,,,,,,"1952",,,"0",,"0","33","75",,,,"POINT (-122.39002504 37.776300145)","2024 May 28 03:15:57 PM","2024 May 28 03:15:57 PM","Mission Bay","6"
"15900","27895000","38TH AVE","GEARY",,,"1",,"0","FUTURE BEACON",,,,,,,,,,,,,,,,,,,,,,,,,"0",,,"0",,"0","0",,,,,"POINT (-122.498651391 37.779450529)","2024 May 28 03:16:47 PM","2024 May 28 03:16:47 PM","Outer Richmond","1"
"14588","24819000","BATTERY","EMBARCADERO","VETAG","LOMBARD","3","PIER 27","9185000","SIGNAL","ECONOLITE","2070-TS2-1","MSF","09",,"YES-UPSTEALTH","LOOPS","ALL","YES","GPS","FIBER","TSP","1297728000000",,,,,,,,,,,,"1995",,,"0",,"0","75","22",,,,"POINT (-122.401973512 37.804071999)","2024 May 28 03:15:57 PM","2024 May 28 03:15:57 PM","Financial District/South Beach","3"
"14985","25617000","23RD ST","DOLORES",,,"8",,"9131000","SIGNAL","ECONOLITE","2070-TS2-1","G","64",,,"WIRELESS","ALL","YES","GPS",,,"1292457600000",,,,,,,,,,,,"1994",,,"0",,"0","0","19",,,,"POINT (-122.425302617 37.753431591)","2024 May 28 03:15:57 PM","2024 May 28 03:15:57 PM","Noe Valley","8"
"15605","23534000","CESAR CHAVEZ","ILLINOIS","VETAG",,"10",,"9267200","SIGNAL","ECONOLITE","2070-TS2-1","ECON-MSF-STD","ISOLATED",,,"VIDEO","ALL","YES",,,"TRANSIT PREEMPT","1211932800000",,,,,,,,,,,,"2008",,,"0",,"0","0","85",,,,"POINT (-122.386568299 37.750325042)","2024 May 28 03:16:47 PM","2024 May 28 03:16:47 PM","Bayview Hunters Point","10"
"15577","20515000","03RD ST","DONNER","VETAG",,"10",,"9014800","SIGNAL",,"2070-TS2-TYPE-1","2070-MSF-TS2-TYPE-1","28",,,"VIDEO","ALL","YES","GPS","FIBER","TSP,HEAVY RAIL PREEMPT","1107388800000",,,,,,,,,,,,"2005",,,"0",,"0","0","75",,,"APS 2WIRE PH1 (7)","POINT (-122.394532121 37.724693137)","2024 May 28 03:16:47 PM","2024 May 28 03:16:47 PM","Bayview Hunters Point","10"
"14934","25474000","EMBARCADERO","KEARNY","VETAG,OPTICOM","NORTH POINT","3",,"9328500","SIGNAL","ECONOLITE","2070-TS2-1","MSF","09",,"YES-UPSTEALTH","WIRELESS&LOOPS","ALL","YES","GPS","FIBER,PROXIM","TSP,ACTUATED TRANSIT PHASE,FIRE PREEMPT","1299542400000",,,,,,,,,,,,"1995",,,"0",,"0","50","22",,,,"POINT (-122.407303615 37.807379404)","2024 May 28 03:15:57 PM","2024 May 28 03:15:57 PM","North Beach","3"
"15764","22645000","MONTEREY","VALDEZ",,,"7",,"9493400","BEACON - RRFB","JSF","AB-9X07",,"BEACON",,,,"n.a.","YES",,,,,,,,,,,,,,,,"2018",,,"0",,"0","0",,,,,"POINT (-122.455762554 37.731348802)","2024 May 28 03:16:47 PM","2024 May 28 03:16:47 PM","West of Twin Peaks","7"
"15408","24457000","FELL","FRANKLIN","OPTICOM",,"5,6",,"9338500","SIGNAL","ECONOLITE","2070-TS2-TYPE-1","MSF TALL","16B",,,,"ALL",,"GPS","FIBER","FIRE PREEMPT","1102291200000",,,,,,,,,,,,"1948",,,"0",,"0","0","28",,,"APS ENAV 4WIRE FRANKLIN (8)","POINT (-122.421148424 37.776158765)","2024 May 28 03:16:47 PM","2024 May 28 03:16:47 PM","Hayes Valley","5"
"15858","23331000","HERBST","SKYLINE",,,"7",,"0","CALTRANS - FLASHER",,,,"CALTRANS",,,,"n.a.",,,,,,,,,,,,,,,,,"0","35(a)","X","0",,"0","0",,,,,"POINT (-122.501770499 37.728394039)","2024 May 28 03:16:47 PM","2024 May 28 03:16:47 PM","Lakeshore","7"
"15774","24018000","16TH ST","UTAH","OPTICOM",,"6,10",,"0","SIGNAL","MCCAIN","2070-TS2-1","MSF","57",,,"WIRELESS","ALL","YES","GPS","FIBER","TSP,FIRE PREEMPT","1590624000000",,,,,,,,,,,,"2020",,,"0",,"0","0","15",,,"APS ENAV 2WIRE 16TH ST (8)","POINT (-122.406552826 37.765842271)","2024 May 28 03:16:47 PM","2024 May 28 03:16:47 PM","Mission","6"
"14653","24922000","06TH ST","GOLDEN GATE",,"MARKET","5,6","TAYLOR","9043000","SIGNAL","EAGLE","2070-TS2-1","MSF","01D",,,,"ALL",,"GPS","FIBER",,"1346889600000",,,,,,,,,,,,"1953",,,"0",,"0","0","50",,,"APS 4WIRE MARKET (12)","POINT (-122.410292027 37.782230575)","2024 May 28 03:15:57 PM","2024 May 28 03:15:57 PM","South of Market","6"
"15505","22268000","CHENERY","ELK",,,"8",,"0","BEACON",,"N/A","N/A","BEACON",,,,"n.a.",,,,,,,,,,,,,,,,,"1971",,,"0",,"0","0","55",,,,"POINT (-122.439722505 37.735886042)","2024 May 28 03:16:47 PM","2024 May 28 03:16:47 PM","Glen Park","8"
"15035","24134000","17TH ST","FOLSOM",,,"9",,"9092500","SIGNAL","EAGLE","2070-TS2-1","G","84","MASTER-GPS",,,"PENDING",,"GPS","12C",,"1276214400000",,,,,,,,,,,,"1968",,,"0",,"0","0","26",,,"PENDING","POINT (-122.415155086 37.763696767)","2024 May 28 03:15:57 PM","2024 May 28 03:15:57 PM","Mission","9"
"15367","26634000","PIERCE","PINE",,,"2,5",,"9511500","SIGNAL","EAGLE","2070-TS2-1","2070-MSF-???","73",,,,"ALL",,"GPS",,,"1012953600000",,,,,,,,,,,,"1949",,,"0",,"0","0","63",,,,"POINT (-122.436935448 37.787532502)","2024 May 28 03:15:57 PM","2024 May 28 03:15:57 PM","Pacific Heights","5"
"15125","27444000","FULTON","PARK PRESIDIO",,,"1",,"9376500","SIGNAL","ECONOLITE","2070-TS2-1","332","15",,"2003 CANDIDATE",,"ALL",,"GPS","SIKLU",,"1238630400000",,,,,,,,,,,,"1946","1(a)",,"50","X","50","0","62",,,"APS iNS 2WIRE CALTRANS APS (8)","POINT (-122.471762123 37.773138948)","2024 May 28 03:15:57 PM","2024 May 28 03:15:57 PM","Golden Gate Park","1"
"15545","27304000","12TH AVE","GEARY","OPTICOM",,"1",,"9070200","SIGNAL","ECONOLITE","2070-TS2-TYPE-1","2070-MSF-TS2-TYPE-1","15",,,,"ALL",,"GPS","PROXIM","TSP,FIRE PREEMPT","1026777600000",,,,,,,,,,,,"2002",,,"0",,"0","0","31",,,,"POINT (-122.470716667 37.780723472)","2024 May 28 03:16:47 PM","2024 May 28 03:16:47 PM","Inner Richmond","1"
"14720","23929000","07TH ST","HARRISON","OPTICOM","I-80 W ON RAMP","6",,"9049000","SIGNAL","MCCAIN","2070-TS2-1","MSF TALL","75",,"YES-UPSTEALTH",,"ALL",,"GPS","FIBER","TSP,FIRE PREEMPT","1130198400000",,,,,,,,,,,,"1954","80(a)",,"20","X","80","0","39",,,"APS ENAV 2WIRE CALTRANS (8)","POINT (-122.406295965 37.775514154)","2024 May 28 03:15:57 PM","2024 May 28 03:15:57 PM","South of Market","6"
"15873","26543000","CLAY","GOUGH",,,"2",,"0","PENDING BEACON",,,,,,,,,,,,,,,,,,,,,,,,,"0",,,"0",,"0","0",,,,,"POINT (-122.425980161 37.791756922)","2024 May 28 03:16:47 PM","2024 May 28 03:16:47 PM","Pacific Heights","2"
"14610","30770000","CLAY","GRANT","OPTICOM",,"3",,"9278000","SIGNAL","MCCAIN","2070-TS2-1","MSF","04",,,,"PENDING",,"GPS","PROXIM","TSP,FIRE PREEMPT","1440028800000",,,,,,,,,,,,"1974",,,"0",,"0","0","16",,,,"POINT (-122.406304986 37.794263627)","2024 May 28 03:15:57 PM","2024 May 28 03:15:57 PM","Chinatown","3"
"14829","26587000","GEARY","WEBSTER","OPTICOM",,"5",,"9389000","SIGNAL","MCCAIN","2070-TS2-1","340","72",,,,"ALL",,"GPS","FIBER","TSP,FIRE PREEMPT","1338681600000",,,,,,,,,,,,"1961",,,"0",,"0","0","31",,,"APS iNS 2WIRE GEARY RAPID (17)","POINT (-122.431204946 37.784568241)","2024 May 28 03:15:57 PM","2024 May 28 03:15:57 PM","Japantown","5"
"14786","26535000","CLAY","VAN NESS","OPTICOM, TRANSIT BUTTON",,"2,3",,"9281500","SIGNAL","MCCAIN","2070-TS2-1","352i-ATC","49E",,,,"ALL",,"GPS","FIBER","TSP,FIRE PREEMPT,TRANSIT PREEMPT","1478908800000",,,,,,,,,,,,"1948","101(b)",,"50","X","50","0","80",,,"APS iNS 2WIRE VAN NESS (9)","POINT (-122.422694164 37.792174645)","2024 May 28 03:15:57 PM","2024 May 28 03:15:57 PM","Nob Hill","3"
"15776","24044000","17TH ST","BRYANT",,,"9",,"0","SIGNAL","MCCAIN","2070-TS2-1","MSF65-ATC","ISOLATED",,,,"ALL",,"GPS",,,"1583366400000",,,,,,,,,,,,"2020",,,"0",,"0","0","07",,,"APS ENAV 2WIRE 16TH ST (8)","POINT (-122.410363749 37.764309985)","2024 May 28 03:16:47 PM","2024 May 28 03:16:47 PM","Mission","9"
"15660","23223000","FOREST VIEW","SLOAT",,,"4",,"0","CALTRANS - HAWK",,,,"CALTRANS",,,,"ALL","YES",,,,,,,,,,,,,,,,"2013","35(b)","X","100",,"0","0","not ours",,,"APS 4WIRE HAWK (3)","POINT (-122.483775252 37.73434211)","2024 May 28 03:16:47 PM","2024 May 28 03:16:47 PM","Sunset/Parkside","4"
"15364","26542000","GOUGH","SACRAMENTO","OPTICOM",,"2",,"9408000","SIGNAL","ECONOLITE","2070-TS2-1","MSF","49A",,,,"ALL",,"GPS","FIBER","FIRE PREEMPT","1319587200000",,,,,,,,,,,,"1973",,,"0",,"0","0","35",,,,"POINT (-122.425802144 37.790874428)","2024 May 28 03:15:57 PM","2024 May 28 03:15:57 PM","Pacific Heights","2"
"15520","12553111","EMBARCADERO","MIDBLOCK","VETAG","FERRY BUILDING","3","WASHINGTON","9329300","SIGNAL","ECONOLITE","2070-TS2-1","MSF","09",,,"LOOPS","ALL","YES","GPS","FIBER","TSP","1297987200000",,,,,,,,,,,,"2000",,,"0",,"0","100","22",,,,"POINT (-122.394698396 37.795872496)","2024 May 28 03:16:47 PM","2024 May 28 03:16:47 PM","Financial District/South Beach","3"
"15466","6436202","GREAT HIGHWAY","TARAVAL",,,"4",,"9418000","SIGNAL","MCCAIN","2070-TS2-1","G","38",,,,"ALL",,"GPS",,,"1370476800000",,,,,,,,,,,,"1988",,,"0",,"0","0","36",,,"FUTURE","POINT (-122.5074478 37.741654195)","2024 May 28 03:16:47 PM","2024 May 28 03:16:47 PM","Sunset/Parkside","4"
"14777","26551000","GREEN","VAN NESS","OPTICOM",,"2,3",,"9419000","SIGNAL","MCCAIN","2070-TS2-1","352i-ATC","13",,,,"ALL",,"GPS",,"TSP,FIRE PREEMPT","1478908800000",,,,,,,,,,,,"1948","101(b)",,"50","X","50","0","80",,,"APS iNS 2WIRE VAN NESS (8)","POINT (-122.423792964 37.797616582)","2024 May 28 03:15:57 PM","2024 May 28 03:15:57 PM","Russian Hill","3"
"14490","21755000","ALEMANY","OCEAN",,,"11",,"9163500","SIGNAL","MCCAIN","2070-TS2-1","MSF","27",,,,"SOME PHASES",,"GPS",,"TSP-Planned","1454976000000",,,,,,,,,,,,"1947",,,"0",,"0","0","01",,,,"POINT (-122.437439122 37.723716463)","2024 May 28 03:15:57 PM","2024 May 28 03:15:57 PM","Outer Mission","11"
"14826","25974000","EDDY","WEBSTER",,,"5",,"9317000","SIGNAL","MCCAIN","2070-TS2-1","MSF","71",,,,"ALL",,"GPS",,,"1456790400000",,,,,,,,,,,,"1978",,,"0",,"0","0","20",,,"APS ENAV 2WIRE WEBSTER (8)","POINT (-122.430609199 37.781645585)","2024 May 28 03:15:57 PM","2024 May 28 03:15:57 PM","Western Addition","5"
"14675","24941000","GEARY","TAYLOR","OPTICOM",,"3,5",,"9388000","SIGNAL","ECONOLITE","2070-TS2-TYPE-1","2070-MSF-TS2-TYPE-1","78",,,,"ALL",,"GPS","12C,PROXIM","TSP,FIRE PREEMPT","1113264000000",,,,,,,,,,,,"1957",,,"0",,"0","0","32",,,,"POINT (-122.411515767 37.786939707)","2024 May 28 03:15:57 PM","2024 May 28 03:15:57 PM","Tenderloin","3"
"14696","25153000","LEAVENWORTH","O'FARRELL","OPTICOM",,"5",,"9463000","SIGNAL","MCCAIN","2070-TS2-1","MSF","78",,,,"ALL",,"GPS","PROXIM","TSP,FIRE PREEMPT","1407283200000",,,,,,,,,,,,"1957",,,"0",,"0","0","60",,,"APS iNS 2WIRE GEARY RAPID (10)","POINT (-122.414617207 37.785582475)","2024 May 28 03:15:57 PM","2024 May 28 03:15:57 PM","Tenderloin","5"
"15898","26323000","HAIGHT","LYON",,,"5,8",,"0","OTHER - CONDUIT",,,,,,,,,,,,,,,,,,,,,,,,,"0",,,"0",,"0","0",,,,,"POINT (-122.441984544 37.770632694)","2024 May 28 03:16:47 PM","2024 May 28 03:16:47 PM","Haight Ashbury","8"
"14742","23881000","09TH ST","BRANNAN",,,"6",,"9059500","SIGNAL","MCCAIN","2070-TS2-1","G","75",,,,"ALL",,"GPS",,,"1309478400000",,,,,,,,,,,,"1988",,,"0",,"0","0","05",,,,"POINT (-122.40700149 37.770049772)","2024 May 28 03:15:57 PM","2024 May 28 03:15:57 PM","South of Market","6"
"14901","25536000","BAY","LEAVENWORTH",,,"3",,"9192500","SIGNAL","MCCAIN","2070-TS2-1","G","11A",,,,"ALL",,"GPS",,,"1493251200000",,,,,,,,,,,,"1980",,,"0",,"0","0","03",,,,"POINT (-122.418530631 37.804999043)","2024 May 28 03:15:57 PM","2024 May 28 03:15:57 PM","Russian Hill","3"
"15888","23549000","23RD ST","ILLINOIS",,,,,"0","FUTURE SIGNAL",,,,"28",,,,,,,,,,,,,,,,,,,,,"0",,,"0",,"0","0",,,,,"POINT (-122.387065852 37.755446221)","2024 May 28 03:16:47 PM","2024 May 28 03:16:47 PM","Potrero Hill","10"
"14714","24198000","09TH ST","BRYANT","OPTICOM","US-101 N OFF RAMP","6",,"9060000","SIGNAL","MCCAIN","2070-TS2-1","342","75",,"2003 CANDIDATE",,"ALL",,"GPS","PROXIM","FIRE PREEMPT","1424131200000",,,,,,,,,,,,"1971","101(a)",,"20","X","80","0","07",,,,"POINT (-122.408531083 37.771290792)","2024 May 28 03:15:57 PM","2024 May 28 03:15:57 PM","South of Market","6"
"15260","23604000","EMBARCADERO","HARRISON","VETAG,FH BUTTON",,"6",,"9326500","SIGNAL","ECONOLITE","2070-TS2-1","2070-MSF-TS2-TYPE-1","09","MASTER","YES-UPSTEALTH","LOOPS","ALL","YES","GPS","FIBER","TSP,FIRE PREEMPT","1137542400000",,,,,,,,,,,,"1994",,,"0",,"0","67","23",,,,"POINT (-122.388481475 37.789571246)","2024 May 28 03:15:57 PM","2024 May 28 03:15:57 PM","Financial District/South Beach","6"
"14784","25197000","GEARY","VAN NESS","OPTICOM",,"2,3,5",,"9388500","SIGNAL","MCCAIN","2070-TS2-1","352i-ATC","49D",,"2003 CANDIDATE",,"ALL",,"GPS",,"TSP,FIRE PREEMPT","1407196800000",,,,,,,,,,,,"1948","101(b)",,"50","X","50","0","80",,,"APS iNS 2WIRE VAN NESS (10)","POINT (-122.421393308 37.785685802)","2024 May 28 03:15:57 PM","2024 May 28 03:15:57 PM","Western Addition","5"
"15013","25880000","15TH ST","MARKET",,"SANCHEZ","8",,"9081000","SIGNAL","MCCAIN","2070-TS2-1","352i-ATC","21",,"YES-UPSTEALTH",,"ALL",,"GPS","FIBER,PROXIM",,"1301529600000",,,,,,,,,,,,"1950",,,"0",,"0","0","49",,,"APS iNAV 2WIRE UPPER MARKET (14)","POINT (-122.430824395 37.766013731)","2024 May 28 03:15:57 PM","2024 May 28 03:15:57 PM","Castro/Upper Market","8"
"15208","26061000","BRODERICK","FULTON",,,"2,5",,"9217500","SIGNAL","MCCAIN","2070-TS2-1","MSF","71",,,,"SOME PHASES",,"GPS",,,"1464220800000",,,,,,,,,,,,"1975",,,"0",,"0","0","30",,,,"POINT (-122.439844236 37.776644007)","2024 May 28 03:15:57 PM","2024 May 28 03:15:57 PM","Western Addition","2"
"15065","24142000","16TH ST","SOUTH VAN NESS","OPTICOM",,"9",,"9089000","SIGNAL","MCCAIN","2070-TS2-1","MSF","64",,,,"ALL",,"GPS","PROXIM","FIRE PREEMPT","1422403200000",,,,,,,,,,,,"1954",,,"0",,"0","0","71",,,"APS ENAV 2WIRE SVN (8)","POINT (-122.417486596 37.765183135)","2024 May 28 03:15:57 PM","2024 May 28 03:15:57 PM","Mission","9"
"15420","25103000","JACKSON","MASON","MECHANICAL",,"3",,"9438500","SIGNAL","MCCAIN","2070-TS2-1","MSF","ISOLATED",,,,"ALL",,"GPS","PROXIM","CABLE CAR PREEMPTION","1335312000000",,,,,,,,,,,,"1984",,,"0",,"0","0","42",,,,"POINT (-122.411541532 37.795408527)","2024 May 28 03:16:47 PM","2024 May 28 03:16:47 PM","Chinatown","3"
"14481","22052000","ALEMANY","GENEVA","OPTICOM",,"11",,"9162000","SIGNAL","EAGLE","2070-TS2-1","MSF","ISOLATED",,,"VIDEO (GRIDSMART)","ALL","YES","GPS","PROXIM","TSP,FIRE PREEMPT","1344297600000",,,,,,,,,,,,"1949",,,"0",,"0","0","01",,,,"POINT (-122.442328163 37.717833446)","2024 May 28 03:15:57 PM","2024 May 28 03:15:57 PM","Outer Mission","11"
"15449","26976000","BRODERICK","LOMBARD","OPTICOM","RICHARDSON","2",,"9218000","SIGNAL","ECONOLITE","2070-TS2-TYPE-1","CTSF","13",,"YES-UPSTEALTH","WIRELESS&VIDEO","ALL","YES","GPS","FIBER","TSP,FIRE PREEMPT","1156896000000",,,,,,,,,,,,"1947","480(b)",,"50","X","50","0","47",,,"PENDING","POINT (-122.444318619 37.798790246)","2024 May 28 03:16:47 PM","2024 May 28 03:16:47 PM","Marina","2"
"15894","24295000","06TH ST","STEVENSON",,,"6",,"0","SIGNAL","MCCAIN","2070-TS2-1","352i-ATC","75",,,"WIRELESS","ALL","YES","GPS",,,"1699574400000",,,,,,,,,,,,"2023",,,"0",,"0","0","52",,,"APS iNS 2WIRE 6TH ST STREETSCAPE (8)","POINT (-122.409680046 37.781749383)","2024 May 28 03:16:47 PM","2024 May 28 03:16:47 PM","South of Market","6"
"14573","24674000","CALIFORNIA","FRONT",,,"3",,"9246000","SIGNAL","MCCAIN","2070-TS2-1","G","78",,,,"ALL",,"GPS",,,"1458604800000",,,,,,,,,,,,"1956",,,"0",,"0","0","10",,,,"POINT (-122.398781647 37.7933591)","2024 May 28 03:15:57 PM","2024 May 28 03:15:57 PM","Financial District/South Beach","3"
"15696","2428700","HOWARD","RUSS",,,"6",,"9430300","SIGNAL","MCCAIN","2070-TS2-1","MSF","75",,,"WIRELESS","ALL","YES","GPS",,,"1522886400000",,,,,,,,,,,,"2018",,,"0",,"0","0","41",,,"APS ENAV 2WIRE CT63 (8)","POINT (-122.408271588 37.778860687)","2024 May 28 03:16:47 PM","2024 May 28 03:16:47 PM","South of Market","6"
"15891","54062000","BUCHANAN","GOLDEN GATE",,,"5",,"9225500","PENDING SIGNAL - FLASHER",,,"STD","71",,,,"n.a.",,,,,,,,,,,,,,,,,"1955",,,"0",,"0","0","30",,,,"POINT (-122.428665075 37.779982812)","2024 May 28 03:16:47 PM","2024 May 28 03:16:47 PM","Western Addition","5"
"15148","27284000","06TH AVE","GEARY","OPTICOM",,"1",,"9040000","SIGNAL","ECONOLITE","2070-TS2-TYPE-1","MSF","15",,,,"ALL",,"GPS","PROXIM","TSP,FIRE PREEMPT","1081900800000",,,,,,,,,,,,"1959",,,"0",,"0","0","31",,,"APS 4WIRE PH2 (8)","POINT (-122.46427917 37.781018921)","2024 May 28 03:15:57 PM","2024 May 28 03:15:57 PM","Inner Richmond","1"
"15620","23493000","47TH AVE","SLOAT",,,"4,7",,"9157700","SIGNAL","MCCAIN","2070-TS2-1","MSF","ISOLATED",,,"WIRELESS","ALL","YES","GPS",,,"1422576000000",,,,,,,,,,,,"2015",,,"0",,"0","0","36",,,"APS ENAV 2WIRE CT61 (8)","POINT (-122.505257352 37.735475288)","2024 May 28 03:16:47 PM","2024 May 28 03:16:47 PM","Sunset/Parkside","7"
"15292","24490000","02ND ST","BRYANT",,,"6",,"9004000","SIGNAL","MCCAIN","2070-TS2-1","MSF65-ATC","74",,,,"ALL",,"GPS","FIBER",,"1368489600000",,,,,,,,,,,,"1956",,,"0",,"0","0","07",,,"APS ENAV 2WIRE 2ND ST (8)","POINT (-122.393618076 37.783077854)","2024 May 28 03:15:57 PM","2024 May 28 03:15:57 PM","Financial District/South Beach","6"
"15006","24165000","17TH ST","MISSION","OPTICOM",,"9",,"9093500","SIGNAL","MCCAIN","2070-TS2-1","MSF65-ATC","64","MASTER-GPS",,,"ALL",,"GPS","PROXIM","TSP,FIRE PREEMPT","1194912000000",,,,,,,,,,,,"1953",,,"0",,"0","0","53",,,,"POINT (-122.419512737 37.763429273)","2024 May 28 03:15:57 PM","2024 May 28 03:15:57 PM","Mission","9"
"15361","26667000","FILLMORE","UNION","OPTICOM",,"2",,"9352500","SIGNAL","MCCAIN","2070-TS2-1","MSF","ISOLATED",,,,"ALL",,"GPS","PROXIM","TSP,FIRE PREEMPT","1470787200000",,,,,,,,,,,,"1971",,,"0",,"0","0","47",,,,"POINT (-122.435489828 37.797089001)","2024 May 28 03:15:57 PM","2024 May 28 03:15:57 PM","Marina","2"
"15543","33690000","ALEMANY","CUT THROUGH",,"US-101 N ON & OFF RAMPS","9",,"0","CALTRANS",,,,"CALTRANS",,,,"ALL",,,"0",,,,,,,,,,,,,,"9999","101(a)","X","0",,"0","0","not ours",,,"PENDING","POINT (-122.407437793 37.73602349)","2024 May 28 03:16:47 PM","2024 May 28 03:16:47 PM","Portola","9"
"15358","26687000","FRANKLIN","UNION",,,"2",,"9367500","SIGNAL","MCCAIN","2070-TS2-1","MSF","49C",,,,"ALL",,"GPS","FIBER",,"1400544000000",,,,,,,,,,,,"1953",,,"0",,"0","0","29",,,,"POINT (-122.425625504 37.798343537)","2024 May 28 03:15:57 PM","2024 May 28 03:15:57 PM","Marina","2"
"14458","33209000","BAYSHORE","HESTER","VETAG",,"10",,"9197500","SIGNAL",,"2070-TS2-TYPE-1","2070-MSF-TS2-TYPE-1","28",,,"VIDEO (GRIDSMART)","ALL","YES","GPS","FIBER","TSP,ACTUATED TRANSIT PHASE","1099440000000",,,,,,,,,,,,"1995","101(a)",,"33","X","67","0","04",,,,"POINT (-122.398981898 37.715329512)","2024 May 28 03:15:57 PM","2024 May 28 03:15:57 PM","Bayview Hunters Point","10"
"15169","27484000","CLEMENT","PARK PRESIDIO","OPTICOM",,"1",,"9283500","SIGNAL","ECONOLITE","2070-TS2-1","332","15",,,,"ALL",,"GPS","PROXIM","TSP,FIRE PREEMPT","1237939200000",,,,,,,,,,,,"1946","1(a)",,"50","X","50","0","62",,,"APS iNS 2WIRE CALTRANS APS (8)","POINT (-122.472451061 37.782578538)","2024 May 28 03:15:57 PM","2024 May 28 03:15:57 PM","Outer Richmond","1"
"14616","24957000","BUSH","TAYLOR",,,"3",,"9241000","SIGNAL","ECONOLITE","2070-TS2-TYPE-1","2070-MSF-TS2-TYPE-1","78",,,,"ALL",,"GPS","FIBER",,"1081209600000",,,,,,,,,,,,"1949",,,"0",,"0","0","08",,,,"POINT (-122.412075867 37.789739907)","2024 May 28 03:15:57 PM","2024 May 28 03:15:57 PM","Nob Hill","3"
"15777","24017000","17TH ST","UTAH",,,"10",,"0","SIGNAL","MCCAIN","2070-TS2-1","MSF65-ATC","23",,,"WIRELESS","ALL","YES","GPS",,,"1591228800000",,,,,,,,,,,,"2020",,,"0",,"0","0","67",,,"APS ENAV 2WIRE 16TH ST (8)","POINT (-122.406429155 37.764547654)","2024 May 28 03:16:47 PM","2024 May 28 03:16:47 PM","Mission","10"
"15180","26437000","FELL","SHRADER",,,"5",,"9342500","SIGNAL","ECONOLITE","2070-TS2-TYPE-1","MSF","16",,,,"ALL",,"GPS","FIBER",,"1013126400000",,,,,,,,,,,,"1955",,,"0",,"0","0","25",,,,"POINT (-122.452437462 37.772189172)","2024 May 28 03:15:57 PM","2024 May 28 03:15:57 PM","Lone Mountain/USF","5"
"15231","26816000","BRODERICK","BUSH",,,"2",,"9216000","SIGNAL","ECONOLITE","2070-TS2-TYPE-1","2070-MSF-TS2-TYPE-1","73",,,,"ALL",,"GPS",,,"1077062400000",,,,,,,,,,,,"1949",,,"0",,"0","0","09",,,,"POINT (-122.441726319 37.785967747)","2024 May 28 03:15:57 PM","2024 May 28 03:15:57 PM","Pacific Heights","2"
"15536","33751000","BAYSHORE","JERROLD","OPTICOM","US-101 N OFF RAMP","9,10",,"9198000","SIGNAL","ECONOLITE","2070-TS2-1","MSF","ISOLATED",,,"LOOPS","ALL","YES","GPS",,"TSP,FIRE PREEMPT","1326412800000",,,,,,,,,,,,"1999","101(a)",,"33","X","67","0","04",,,,"POINT (-122.403561018 37.747761876)","2024 May 28 03:16:47 PM","2024 May 28 03:16:47 PM","Bayview Hunters Point","10"
"14583","23906000","04TH ST","HARRISON",,"I-80 W ON RAMP","6",,"9030000","SIGNAL","MCCAIN","2070-TS2-1","MSF","75",,"YES-UPSTEALTH",,"ALL",,"GPS","FIBER,PROXIM",,"1130284800000",,,,,,,,,,,"YES","1955","80(a)",,"20","X","80","0","39",,,"PENDING","POINT (-122.399616233 37.780791483)","2024 May 28 03:15:57 PM","2024 May 28 03:15:57 PM","South of Market","6"
"14776","26555000","BROADWAY","FRANKLIN","OPTICOM",,"2",,"9211000","SIGNAL","ECONOLITE","2070-TS2-1","MSF","49B",,,,"ALL",,"GPS","FIBER","FIRE PREEMPT","1318550400000",,,,,,,,,,,,"1953",,,"0",,"0","0","29",,,,"POINT (-122.425057305 37.795526577)","2024 May 28 03:15:57 PM","2024 May 28 03:15:57 PM","Pacific Heights","2"
"14540","22245000","GENNESSEE","MONTEREY",,,"7",,"9393500","SIGNAL","MCCAIN","2070-TS2-1","MSF","32",,,,"SOME PHASES",,"GPS",,,"1506470400000",,,,,,,,,,,,"1972",,,"0",,"0","0","55",,,,"POINT (-122.451146667 37.731536847)","2024 May 28 03:15:57 PM","2024 May 28 03:15:57 PM","West of Twin Peaks","7"
"15238","26833000","BUSH","LYON",,,"2",,"9235500","SIGNAL","ECONOLITE","2070-TS2-TYPE-1","2070-MSF-TS2-TYPE-1","73",,,,"ALL",,"GPS",,,"1075852800000",,,,,,,,,,,,"1949",,,"0",,"0","0","09",,,,"POINT (-122.445019857 37.785548669)","2024 May 28 03:15:57 PM","2024 May 28 03:15:57 PM","Presidio Heights","2"
"15241","27566000","ARGUELLO","CALIFORNIA","OPTICOM",,"1,2",,"9172000","SIGNAL","MCCAIN","2070-TS2-1","MSF","14","MASTER-GPS",,,"ALL",,"GPS","PROXIM","TSP,FIRE PREEMPT","1438819200000",,,,,,,,,,,,"1952",,,"0",,"0","0","11",,,"APS iNAV 2WIRE ARGUELLO (8)","POINT (-122.459178766 37.785681692)","2024 May 28 03:15:57 PM","2024 May 28 03:15:57 PM","Presidio Heights","2"
"15523","5885000","BUCHANAN","FULTON",,,"5",,"9225000","PENDING BEACON - FLASHER",,,"STD","FLASHER",,,,"n.a.",,,,,,,,,,,,,,,,,"1981",,,"0",,"0","0","30",,,,"POINT (-122.428088518 37.778145952)","2024 May 28 03:16:47 PM","2024 May 28 03:16:47 PM","Western Addition","5"
"14798","26528000","OCTAVIA","PINE",,,"2,5",,"9506000","SIGNAL","EAGLE","2070-TS2-1","2070-MSF-TS2-TYPE-1","73",,,,"ALL",,"GPS",,,"1011139200000",,,,,,,,,,,,"1949",,,"0",,"0","0","63",,,,"POINT (-122.427059673 37.788786895)","2024 May 28 03:15:57 PM","2024 May 28 03:15:57 PM","Pacific Heights","5"
"15602","20431000","BLYTHEDALE","BROOKDALE",,,"10",,"0","RADAR SPEED SIGN","Fortel",,,"N/A",,,,"N.A.",,,,,,,,,,,,,,,,,"2003",,,"0",,"0","0",,,,,"POINT (-122.422240831 37.711316694)","2024 May 28 03:16:47 PM","2024 May 28 03:16:47 PM","Visitacion Valley","10"
"15344","30741000","JONES","MARKET",,"MCALLISTER","5,6",,"9443500","SIGNAL","EAGLE","2070-TS2-1","MSF","01D",,,"WIRELESS","ALL",,"GPS","FIBER,PROXIM",,"1312416000000",,,,,,,,,,,,"1954",,,"0",,"0","0","50",,,"PENDING","POINT (-122.411985369 37.780951763)","2024 May 28 03:15:57 PM","2024 May 28 03:15:57 PM","Tenderloin","5"
"15043","24158000","19TH ST","VALENCIA",,,"9",,"9116000","SIGNAL","MCCAIN","2070-TS2-1","MSF","22",,,,"ALL",,"GPS",,,"1582675200000",,,,,,,,,,,,"1978",,,"0",,"0","0","79",,,"APS iNS 3WIRE CITYWIDE NEW APS (10)","POINT (-122.421425213 37.760101294)","2024 May 28 03:15:57 PM","2024 May 28 03:15:57 PM","Mission","9"
"14937","33498000","GLENVIEW","PORTOLA",,,"8",,"9394500","SIGNAL","ECONOLITE","2070-TS2-1","MSF","ISOLATED",,,"WIRELESS","ALL","YES",,,,"1237420800000",,,,,,,,,,,,"1980",,,"0",,"0","0","65",,,"APS iNAV 2WIRE CITYWIDE NEW APS (4)","POINT (-122.447786105 37.746438159)","2024 May 28 03:15:57 PM","2024 May 28 03:15:57 PM","Twin Peaks","8"
"14918","24778000","JACKSON","KEARNY","OPTICOM",,"3",,"9438000","SIGNAL","MCCAIN","2070-TS2-1","352i-ATC","07A",,,,"ALL",,"GPS","PROXIM","FIRE PREEMPT","1336780800000",,,,,,,,,,,,"1973",,,"0",,"0","0","42",,,,"POINT (-122.405142977 37.796210955)","2024 May 28 03:15:57 PM","2024 May 28 03:15:57 PM","Chinatown","3"
"15703","21485000","MISSION","NIAGARA","OPTICOM","POPE","11","ROLPH","9487700","SIGNAL","MCCAIN","2070-TS2-1","MSF","30",,,"WIRELESS","ALL","YES","GPS","PROXIM","TSP,FIRE PREEMPT","1537401600000",,,,,,,,,,,,"2018",,,"0",,"0","0","54",,,"APS 2WIRE WF NEW (12)","POINT (-122.441691159 37.715572699)","2024 May 28 03:16:47 PM","2024 May 28 03:16:47 PM","Excelsior","11"
"15669","27978000","FULTON","LA PLAYA","OPTICOM",,"1",,"9375300","SIGNAL","MCCAIN","2070-TS2-1","MSF","55",,,"WIRELESS","ALL","YES","GPS",,"TSP,FIRE PREEMPT","1444089600000",,,,,,,,,,,,"2015",,,"0",,"0","0","30",,,"APS ENAV 2WIRE TSI (6)","POINT (-122.50989475 37.771396032)","2024 May 28 03:16:47 PM","2024 May 28 03:16:47 PM","Outer Richmond","1"
"14562","20229000","03RD ST","INNES","VETAG","NEWHALL","10",,"9019000","SIGNAL",,"2070-TS2-1","2070-MSF-TS2-TYPE-1","28",,,"VIDEO","ALL","YES","GPS","FIBER","TSP",,,,,,,,,,,,,"1948",,,"0",,"0","0","75",,,"APS iNS 2WIRE QUICKSTRIKE (20)","POINT (-122.389030967 37.739533449)","2024 May 28 03:15:57 PM","2024 May 28 03:15:57 PM","Bayview Hunters Point","10"
"14495","22629000","MIRAMAR","OCEAN",,,"7,11",,"9486000","SIGNAL","EAGLE","2070-TS2-1","MSF","31",,,,"ALL",,"GPS","TWISTED PAIR",,"1039651200000",,,,,,,,,,,,"1950",,,"0",,"0","0","59",,,,"POINT (-122.458191391 37.724317536)","2024 May 28 03:15:57 PM","2024 May 28 03:15:57 PM","Oceanview/Merced/Ingleside","11"
"14426","23567000","03RD ST","19TH ST","VETAG,OPTICOM",,"10",,"9009600","SIGNAL","ECONOLITE","2070-TS2-TYPE-1","2070-MSF-TS2-TYPE-1","28",,,"VIDEO","ALL","YES","GPS","FIBER","TSP,FIRE PREEMPT","1080691200000",,,,,,,,,,,,"1949",,,"0",,"0","0","75",,,,"POINT (-122.388684016 37.761766445)","2024 May 28 03:15:57 PM","2024 May 28 03:15:57 PM","Potrero Hill","10"
"15150","27487000","16TH AVE","GEARY","OPTICOM",,"1",,"9083500","SIGNAL","MCCAIN","2070-TS2-1","MSF","15",,,,"ALL",,"GPS","PROXIM","TSP,FIRE PREEMPT","1351900800000",,,,,,,,,,,,"1959",,,"0",,"0","0","31",,,,"POINT (-122.475083581 37.780528535)","2024 May 28 03:15:57 PM","2024 May 28 03:15:57 PM","Outer Richmond","1"
"15749","22410000","MARIETTA","TERESITA",,,"7",,"0","RADAR SPEED SIGN",,,,"N/A",,,,"N.A.",,,,,,,,,,,,,,,,,"2007",,,"0",,"0","0",,,,,"POINT (-122.450784466 37.742729932)","2024 May 28 03:16:47 PM","2024 May 28 03:16:47 PM","West of Twin Peaks","7"
"15051","24341000","15TH ST","SOUTH VAN NESS","OPTICOM",,"9",,"9082500","SIGNAL","MCCAIN","2070-TS2-1","MSF","64","MASTER-GPS",,,"ALL",,"GPS","12C","FIRE PREEMPT","1426118400000",,,,,,,,,,,,"1966",,,"0",,"0","0","71",,,,"POINT (-122.417645453 37.766805242)","2024 May 28 03:15:57 PM","2024 May 28 03:15:57 PM","Mission","9"
"15906","7039001","HOWARD","MIDBLOCK",,"04TH ST","6","05TH ST","0","FUTURE SIGNAL",,,,,,,,"FUTURE",,,,,,,,,,,,,,,,,"0",,,"0",,"0","0","41",,,"FUTURE","POINT (-122.403813616 37.782369634)","2024 May 28 03:16:47 PM","2024 May 28 03:16:47 PM","South of Market","6"
"15471","6436207","GREAT HIGHWAY","LAWTON",,,"4",,"9415000","SIGNAL","MCCAIN","2070-TS2-1","G","38",,,,"ALL",,"GPS",,,"1362441600000",,,,,,,,,,,,"1988",,,"0",,"0","0","36",,,"FUTURE","POINT (-122.509384395 37.756543015)","2024 May 28 03:16:47 PM","2024 May 28 03:16:47 PM","Sunset/Parkside","4"
"14513","21541000","MISSION","WHITTIER","OPTICOM",,"11",,"0","SIGNAL","ECONOLITE","2070-TS2-1","G","26",,,"WIRELESS","ALL","YES","GPS","PROXIM","FIRE PREEMPT","1316131200000",,,,,,,,,,,,"1997",,,"0",,"0","0","54",,,,"POINT (-122.448376962 37.710372708)","2024 May 28 03:15:57 PM","2024 May 28 03:15:57 PM","Excelsior","11"
"14741","24610000","MISSION","NEW MONTGOMERY","OPTICOM",,"6",,"9487500","SIGNAL","ECONOLITE","2070-TS2-1","2070-MSF-TS2-TYPE-1","74",,,,"ALL",,"GPS","PROXIM","FIRE PREEMPT","1057795200000",,,,,,,,,,,,"1957",,,"0",,"0","0","52",,,"APS 4WIRE PH2 (8)","POINT (-122.400503096 37.787450499)","2024 May 28 03:15:57 PM","2024 May 28 03:15:57 PM","Financial District/South Beach","6"
"15093","27707000","LAWTON","SUNSET",,,"4",,"9462000","SIGNAL","MCCAIN","2070-TS2-1","MSF","37",,,,"ALL",,"GPS",,"TSP-Planned","1367884800000",,,,,,,,,,,,"1965",,,"0",,"0","0","73",,,"APS ENAV 4WIRE SUNSET PCS (8)","POINT (-122.49548683 37.757140242)","2024 May 28 03:15:57 PM","2024 May 28 03:15:57 PM","Sunset/Parkside","4"
"15078","26175000","DANVERS","MARKET",,,"8",,"9293500","SIGNAL","EAGLE","2070-TS2-1","MSF","21",,,,"ALL",,"GPS",,,"1346716800000",,,,,,,,,,,,"1985",,,"0",,"0","0","49",,,"APS iNS 3WIRE IN-HOUSE (4)","POINT (-122.443517047 37.76050921)","2024 May 28 03:15:57 PM","2024 May 28 03:15:57 PM","Castro/Upper Market","8"
"14969","23958000","24TH ST","BRYANT",,,"9",,"9135000","SIGNAL","MCCAIN","2070-TS2-1","MSF","ISOLATED",,,,"ALL",,"GPS",,,"1506038400000",,,,,,,,,,,,"1953",,,"0",,"0","0","07",,,,"POINT (-122.409129909 37.752795584)","2024 May 28 03:15:57 PM","2024 May 28 03:15:57 PM","Mission","9"
"14868","25949000","FILLMORE","OAK","OPTICOM",,"5",,"9349500","SIGNAL","ECONOLITE","2070-TS2-TYPE-1","2070-MSF-TS2-TYPE-1","16",,,,"ALL",,"GPS","FIBER,PROXIM","TSP-Planned,FIRE PREEMPT","1011225600000",,,,,,,,,,,,"1955",,,"0",,"0","0","58",,,,"POINT (-122.430824714 37.773972521)","2024 May 28 03:15:57 PM","2024 May 28 03:15:57 PM","Hayes Valley","5"
"15719","54097000","CAMPUS","OWENS",,,"6",,"0","SIGNAL","MCCAIN","2070-TS2-1","MSF65-ATC","ISOLATED",,,,"ALL","YES","GPS",,,"1582243200000",,,,,,,,,,,,"2020",,,"0",,"0","0","67",,,"APS iNAV 2WIRE CT 64 (2)","POINT (-122.393804359 37.767602236)","2024 May 28 03:16:47 PM","2024 May 28 03:16:47 PM","Mission Bay","6"
"15734","25898000","HAIGHT","WEBSTER","OPTICOM",,"5",,"0","SIGNAL","MCCAIN","2070-ATC","MSF65-ATC","20",,,,"ALL",,"GPS",,"TSP,FIRE PREEMPT","1613433600000",,,,,,,,,,,,"2021",,,"0",,"0","0","38",,,"APS iNS 2WIRE LOWER HAIGHT (8)","POINT (-122.428843382 37.772289765)","2024 May 28 03:16:47 PM","2024 May 28 03:16:47 PM","Hayes Valley","5"
"15276","24552000","MISSION","STEUART","OPTICOM",,"3,6",,"9491500","SIGNAL","MCCAIN","2070-TS2-1","MSF","74",,,,"ALL",,"GPS","PROXIM","FIRE PREEMPT","1352678400000",,,,,,,,,,,,"1993",,,"0",,"0","0","52",,,,"POINT (-122.393181332 37.793230492)","2024 May 28 03:15:57 PM","2024 May 28 03:15:57 PM","Financial District/South Beach","3"
"15318","21522000","ALEMANY","HURON",,"OTTAWA","11",,"9162500","SIGNAL",,"2070-TS2-1","MSF","45",,,"WIRELESS&LOOPS","ALL","YES","GPS",,,"1109116800000",,,,,,,,,,,,"1976",,,"0",,"0","0","01",,,,"POINT (-122.445835077 37.715297797)","2024 May 28 03:15:57 PM","2024 May 28 03:15:57 PM","Outer Mission","11"
"14907","30765000","BATTERY","BROADWAY","OPTICOM",,"3",,"9183500","SIGNAL","MCCAIN","2070-TS2-1","MSF","07A",,,,"ALL",,"GPS",,"FIRE PREEMPT","1404950400000",,,,,,,,,,,,"1959",,,"0",,"0","0","06",,,,"POINT (-122.401051293 37.798580054)","2024 May 28 03:15:57 PM","2024 May 28 03:15:57 PM","Financial District/South Beach","3"
"14900","25577000","BAY","HYDE","MECHANICAL",,"2,3",,"9190500","SIGNAL","ECONOLITE","2070-TS2-1","G","11A",,,,"ALL",,"GPS",,"CABLE CAR PREEMPTION","1321488000000",,,,,,,,,,,,"1956",,,"0",,"0","0","03",,,,"POINT (-122.420178126 37.804790308)","2024 May 28 03:15:57 PM","2024 May 28 03:15:57 PM","Russian Hill","2"
"14821","24468000","GOLDEN GATE","VAN NESS","OPTICOM,TRANSIT BUTTON",,"2,5",,"9401000","SIGNAL","MCCAIN","2070-TS2-1","352i-ATC","49D",,"2003 CANDIDATE",,"ALL",,"GPS","FIBER","TSP,FIRE PREEMPT,TRANSIT PREEMPT","1478908800000",,,,,,,,,,,,"1948","101(b)",,"50","X","50","0","80",,,"APS iNS 2WIRE VAN NESS (8)","POINT (-122.420439518 37.781030842)","2024 May 28 03:15:57 PM","2024 May 28 03:15:57 PM","Tenderloin","5"
"15377","25222000","PINE","POLK","OPTICOM",,"3",,"9512500","SIGNAL","EAGLE","2070-TS2-1","MSF","78",,,,"ALL",,"GPS","12C","FIRE PREEMPT","1287014400000",,,,,,,,,,,,"1948",,,"0",,"0","0","64",,,"APS ENAV 4WIRE POLK STSCAPE (8)","POINT (-122.420493442 37.789620438)","2024 May 28 03:15:57 PM","2024 May 28 03:15:57 PM","Nob Hill","3"
"14442","20517000","03RD ST","BANCROFT","VETAG",,"10",,"9011800","SIGNAL",,"2070-TS2-TYPE-1","2070-MSF-TS2-TYPE-1","28",,,"VIDEO","ALL","YES","GPS","FIBER","TSP,HEAVY RAIL PREEMPT","1104969600000",,,,,,,,,,,,"2005",,,"0",,"0","0","75",,,"APS 2WIRE PH1 (7)","POINT (-122.393902507 37.726237395)","2024 May 28 03:15:57 PM","2024 May 28 03:15:57 PM","Bayview Hunters Point","10"
"14914","24795000","BROADWAY","KEARNY",,,"3",,"9212000","SIGNAL","MCCAIN","2070-TS2-1","G","07A",,,,"ALL",,"GPS","PROXIM",,"1397001600000",,,,,,,,,,,,"1967",,,"0",,"0","0","06",,,,"POINT (-122.40547307 37.798016957)","2024 May 28 03:15:57 PM","2024 May 28 03:15:57 PM","North Beach","3"
"14878","26030000","FELL","SCOTT",,,"5",,"9342000","SIGNAL","ECONOLITE","2070-TS2-TYPE-1","MSF","16",,,,"ALL",,"GPS","FIBER",,"1014681600000",,,,,,,,,,,,"1955",,,"0",,"0","0","25",,,,"POINT (-122.435940329 37.774276678)","2024 May 28 03:15:57 PM","2024 May 28 03:15:57 PM","Hayes Valley","5"
"14955","24097000","25TH ST","VALENCIA",,,"8,9",,"9146500","SIGNAL","MCCAIN","2070-TS2-1","G","22",,,,"ALL",,"GPS",,,"1395705600000",,,,,,,,,,,,"1978",,,"0",,"0","0","79",,,,"POINT (-122.420507005 37.750505826)","2024 May 28 03:15:57 PM","2024 May 28 03:15:57 PM","Mission","8"
"14936","33027000","13TH ST","DUBOCE","OPTICOM","MISSION","6,9","OTIS","9072500","SIGNAL","ECONOLITE","2070-TS2-1","MSF","21",,"YES-UPSTEALTH",,"ALL",,"GPS","FIBER,PROXIM","FIRE PREEMPT","1125532800000",,,,,,,,,,,,"1955","101(a)",,"50","X","50","0","53",,,,"POINT (-122.420008321 37.770111449)","2024 May 28 03:15:57 PM","2024 May 28 03:15:57 PM","Mission","6"
"15882","22278000","DIAMOND HEIGHTS","ELK",,"SUSSEX","8",,"0","BEACON - RRFB","JSF","AB-9X07",,"BEACON",,,,"n.a.","YES",,,,,,,,,,,,,,,,"2023",,,"0",,"0","0",,,,,"POINT (-122.439690842 37.737197972)","2024 May 28 03:16:47 PM","2024 May 28 03:16:47 PM","Glen Park","8"
"14705","25145000","HYDE","O'FARRELL","OPTICOM",,"5",,"9433000","SIGNAL","ECONOLITE","2070-TS2-1","MSF","78",,,,"ALL",,"GPS","PROXIM","TSP,FIRE PREEMPT","1113868800000",,,,,,,,,,,,"1957",,,"0",,"0","0","60",,,,"POINT (-122.416259706 37.785375975)","2024 May 28 03:15:57 PM","2024 May 28 03:15:57 PM","Tenderloin","5"
"14608","24733000","KEARNY","SACRAMENTO","OPTICOM",,"3",,"9449000","SIGNAL","MCCAIN","2070-TS2-1","G","78",,,,"ALL",,"GPS","PROXIM","TSP,FIRE PREEMPT","1336780800000",,,,,,,,,,,,"1967",,,"0",,"0","0","69",,,,"POINT (-122.404613421 37.793565084)","2024 May 28 03:15:57 PM","2024 May 28 03:15:57 PM","Chinatown","3"
"15320","22744000","OCEAN","VICTORIA",,,"7",,"9505500","SIGNAL","EAGLE","2070-TS2-1","MSF","31",,,,"ALL",,"GPS","TWISTED PAIR",,"1041984000000",,,,,,,,,,,,"1950",,,"0",,"0","0","59",,,"APS ENAV 2WIRE CITYWIDE NEW APS (6)","POINT (-122.464220183 37.726001556)","2024 May 28 03:15:57 PM","2024 May 28 03:15:57 PM","West of Twin Peaks","7"
"15026","24336000","14TH ST","FOLSOM",,,"9",,"9076500","SIGNAL","MCCAIN","2070-TS2-1","MSF","64",,,,"ALL",,"GPS",,,"1475625600000",,,,,,,,,,,,"1954",,,"0",,"0","0","26",,,,"POINT (-122.415613781 37.768537387)","2024 May 28 03:15:57 PM","2024 May 28 03:15:57 PM","Mission","9"
"14531","33158000","BACON","BAYSHORE",,"EGBERT","9,10","PHELPS","9177000","SIGNAL","EAGLE","2070-TS2-1","MSF","ISOLATED",,,"WIRELESS","ALL","YES","GPS",,,"1282176000000",,,,,,,,,,,,"1967",,,"0",,"0","0","04",,,"APS ENAV 2WIRE PCS3 (9)","POINT (-122.402209198 37.728101974)","2024 May 28 03:15:57 PM","2024 May 28 03:15:57 PM","Portola","9"
"14749","26695000","CHESTNUT","VAN NESS","OPTICOM",,"2,3",,"9274000","SIGNAL","MCCAIN","2070-TS2-1","352i-ATC","13",,,,"ALL",,"GPS",,"TSP,FIRE PREEMPT","1478908800000",,,,,,,,,,,,"1948","101(b)",,"50","X","50","0","80",,,"APS iNS 2WIRE VAN NESS (8)","POINT (-122.424731259 37.802280983)","2024 May 28 03:15:57 PM","2024 May 28 03:15:57 PM","Marina","3"
"14660","24924000","TAYLOR","TURK",,,"5",,"9539500","SIGNAL","MCCAIN","2070-TS2-1","MSF","01D",,,,"ALL",,"GPS",,,"1444176000000",,,,,,,,,,,,"1962",,,"0",,"0","0","77",,"CABINET/CONT","APS ENAV 2WIRE PCS3 (8)","POINT (-122.410764828 37.783214313)","2024 May 28 03:15:57 PM","2024 May 28 03:15:57 PM","Tenderloin","5"
"14506","21783000","ALEMANY","LYELL",,,"11",,"1590","SIGNAL","MCCAIN","2070-TS2-1","G","27",,,,"SOME PHASES",,"GPS",,,"1359072000000",,,,,,,,,,,,"1955",,,"0",,"0","0","01",,,,"POINT (-122.431191658 37.730567513)","2024 May 28 03:15:57 PM","2024 May 28 03:15:57 PM","Outer Mission","11"
"14865","25993000","HAIGHT","STEINER","OPTICOM",,"5",,"9423500","SIGNAL","MCCAIN","2070-TS2-1","MSF","20",,,,"PENDING",,"GPS","FIBER,PROXIM","TSP,FIRE PREEMPT","1456358400000",,,,,,,,,,,,"1975",,,"0",,"0","0","38",,,"PENDING","POINT (-122.432092301 37.771897266)","2024 May 28 03:15:57 PM","2024 May 28 03:15:57 PM","Haight Ashbury","5"
"15850","21777000","ALEMANY","COTTER",,,"11",,"0","PENDING SIGNAL",,,,"27",,,,"PENDING",,,,,,,,,,,,,,,,,"0",,,"0",,"0","0","01",,,"PENDING","POINT (-122.434973353 37.728171296)","2024 May 28 03:16:47 PM","2024 May 28 03:16:47 PM","Outer Mission","11"
"15487","25013000","POWELL","SACRAMENTO","MECHANICAL",,"3",,"9526000","SIGNAL","ECONOLITE","2070-TS2-1","2070-G","ISOLATED",,,,"ALL",,"GPS","PROXIM","CABLE CAR PREEMPTION","1204761600000",,,,,,,,,,,,"1999",,,"0",,"0","0","69",,,,"POINT (-122.409361285 37.792970772)","2024 May 28 03:16:47 PM","2024 May 28 03:16:47 PM","Nob Hill","3"
"15672","3186101","BROADWAY TUNNEL","MIDBLOCK","LOOPS_BIKE","HYDE","3","LARKIN","9215700","BEACON",,,,"BEACON",,,,"n.a.",,,,,,,,,,,,,,,,,"2011",,,"0",,"0","0",,,,,"POINT (-122.419279814 37.796182591)","2024 May 28 03:16:47 PM","2024 May 28 03:16:47 PM","Russian Hill","3"
"15041","24238000","11TH ST","FOLSOM","OPTICOM",,"6",,"9068500","SIGNAL","MCCAIN","2070-TS2-1","MSF","77",,,,"ALL",,"GPS","PROXIM","TSP,FIRE PREEMPT","1423094400000",,,,,,,,,,,,"1957",,,"0",,"0","0","27",,,,"POINT (-122.414026707 37.771863706)","2024 May 28 03:15:57 PM","2024 May 28 03:15:57 PM","Mission","6"
"14982","24020000","17TH ST","POTRERO","OPTICOM",,"9,10",,"9094000","SIGNAL","MCCAIN","2070-TS2-1","MSF","23",,,,"ALL",,"GPS","PROXIM","TSP,FIRE PREEMPT","1368489600000",,,,,,,,,,,,"1948",,,"0",,"0","0","67",,,,"POINT (-122.407419738 37.76448783)","2024 May 28 03:15:57 PM","2024 May 28 03:15:57 PM","Mission","10"
"15269","24548000","HOWARD","STEUART",,,"6",,"9431000","SIGNAL","MCCAIN","2070-TS2-1","M","74",,,,"ALL",,"GPS","FIBER",,"1360886400000",,,,,,,,,,,,"1993",,,"0",,"0","50","41",,,,"POINT (-122.391645798 37.792005701)","2024 May 28 03:15:57 PM","2024 May 28 03:15:57 PM","Financial District/South Beach","6"
"15223","26624000","DIVISADERO","SUTTER","OPTICOM",,"2,5",,"9304000","SIGNAL","MCCAIN","2070-TS2-1","MSF","73",,,,"ALL",,"GPS","WIRELESS","TSP,FIRE PREEMPT","1432598400000",,,,,,,,,,,,"1954",,,"0",,"0","0","74",,,,"POINT (-122.439872613 37.785247527)","2024 May 28 03:15:57 PM","2024 May 28 03:15:57 PM","Japantown","5"
"14906","25352000","COLUMBUS","GREEN","OPTICOM","STOCKTON","3",,"9286000","SIGNAL","ECONOLITE","2070-TS2-TYPE-1","2070-MSF-TS2-TYPE-1","07",,,,"ALL",,"GPS","PROXIM","FIRE PREEMPT","1103587200000",,,,,,,,,,,,"1953",,,"0",,"0","0","18",,,,"POINT (-122.409014377 37.79948982)","2024 May 28 03:15:57 PM","2024 May 28 03:15:57 PM","Chinatown","3"
"15799","27369000","20TH AVE","JUDAH",,,"4",,"0","BEACON - RRFB","JSF","AB-9X07",,"BEACON",,,,"n.a.","YES",,,,,,,,,,,,,,,,"2020",,,"0",,"0","0","46",,,,"POINT (-122.478061976 37.761653158)","2024 May 28 03:16:47 PM","2024 May 28 03:16:47 PM","Sunset/Parkside","4"
"14796","26500000","CALIFORNIA","FRANKLIN",,,"2",,"9245500","SIGNAL","MCCAIN","2070-TS2-1","MSF","49",,,,"ALL",,"GPS","FIBER,PROXIM",,"1254873600000",,,,,,,,,,,,"9999",,,"0",,"0","0","28",,,,"POINT (-122.423974965 37.790160472)","2024 May 28 03:15:57 PM","2024 May 28 03:15:57 PM","Pacific Heights","2"
"15111","27424000","25TH AVE","LINCOLN",,,"4",,"9144000","SIGNAL","MCCAIN","2070-TS2-1","MSF65-ATC","ISOLATED",,,"WIRELESS","ALL","YES",,,"TSP-Planned","1158796800000",,,,,,,,,,,,"1975",,,"0",,"0","0","73",,,,"POINT (-122.483685436 37.765160178)","2024 May 28 03:15:57 PM","2024 May 28 03:15:57 PM","Golden Gate Park","4"
"14405","23599000","BEALE","BRYANT",,,"6",,"9204700","SIGNAL","EAGLE","2070-TS2-1","G","09",,,"LOOPS","ALL",,"GPS",,,"1255996800000",,,,,,,,,,,,"2001",,,"0",,"0","0","07",,,,"POINT (-122.389636641 37.786223777)","2024 May 28 03:15:57 PM","2024 May 28 03:15:57 PM","Financial District/South Beach","6"
"14649","30735000","MARKET","MONTGOMERY","OPTICOM","NEW MONTGOMERY","3,6","POST","9473500","SIGNAL","ECONOLITE","2070-TS2-1","MSF","01D",,"2003 CANDIDATE",,"ALL",,"GPS","FIBER,PROXIM","FIRE PREEMPT","1332288000000",,,,,,,,,,,,"1959",,,"0",,"0","0","50",,"X","APS 4WIRE MARKET (12)","POINT (-122.40206573 37.788721152)","2024 May 28 03:15:57 PM","2024 May 28 03:15:57 PM","Financial District/South Beach","6"
"15861","26464000","ROSELYN","TURK",,,"1",,"0","BEACON - RRFB","JSF","AB-9X07",,"BEACON",,,,"n.a.","YES",,,,,,,,,,,,,,,,"2022",,,"0",,"0","0",,,,,"POINT (-122.449767079 37.778277008)","2024 May 28 03:16:47 PM","2024 May 28 03:16:47 PM","Lone Mountain/USF","1"
"15162","27301000","10TH AVE","GEARY","OPTICOM",,"1",,"9064000","SIGNAL","ECONOLITE","2070-TS2-TYPE-1","MSF","15",,,,"ALL",,"GPS","PROXIM","TSP,FIRE PREEMPT","1082592000000",,,,,,,,,,,,"1959",,,"0",,"0","0","31",,,,"POINT (-122.468563872 37.780822032)","2024 May 28 03:15:57 PM","2024 May 28 03:15:57 PM","Inner Richmond","1"
"15091","27341000","19TH AVE","MORAGA",,,"4,7",,"9106500","SIGNAL","MCCAIN","2070-TS2-1","352i-ATC","36","MASTER-GPS",,"LOOPS (BROKEN)","ALL","YES","GPS","FIBER",,"1365811200000",,,,,,,,,,,,"1946","1(a)",,"50","X","50","0","56",,,"APS ENAV 2WIRE 19thAV (6)","POINT (-122.47655429 37.756110215)","2024 May 28 03:15:57 PM","2024 May 28 03:15:57 PM","Sunset/Parkside","7"
"15345","26759000","LAGUNA","MARINA",,,"2",,"9453500","SIGNAL","MCCAIN","2070-TS2-1","G","11",,,,"ALL",,"GPS",,,"1352419200000",,,,,,,,,,,,"1986",,,"0",,"0","0","48",,,,"POINT (-122.432090717 37.805199545)","2024 May 28 03:15:57 PM","2024 May 28 03:15:57 PM","Marina","2"
"15429","25797000","16TH ST","SANCHEZ",,,"8",,"9088500","SIGNAL","MCCAIN","2070-TS2-1","G","79",,,,"PENDING",,"GPS",,,"1441152000000",,,,,,,,,,,,"1972",,,"0",,"0","0","15",,,"PENDING","POINT (-122.430882153 37.76437351)","2024 May 28 03:16:47 PM","2024 May 28 03:16:47 PM","Castro/Upper Market","8"
"15177","27655000","25TH AVE","LAKE",,,"1",,"9143500","SIGNAL","MCCAIN","2070-TS2-1","G","69",,,,"ALL",,"GPS",,"TSP-Planned","1448928000000",,,,,,,,,,,,"1959",,,"0",,"0","0","78",,,,"POINT (-122.485147939 37.78574601)","2024 May 28 03:15:57 PM","2024 May 28 03:15:57 PM","Seacliff","1"
"15418","24791000","COLUMBUS","KEARNY","OPTICOM","PACIFIC","3",,"9287500","SIGNAL","MCCAIN","2070-TS2-1","G","07A",,"2003 CANDIDATE",,"ALL",,"GPS","PROXIM","TSP,FIRE PREEMPT","1363824000000",,,,,,,,,,,,"1962",,,"0",,"0","0","18",,,,"POINT (-122.405288397 37.796909057)","2024 May 28 03:16:47 PM","2024 May 28 03:16:47 PM","Chinatown","3"
"15107","27196000","05TH AVE","LINCOLN",,,"7",,"9033500","SIGNAL","ECONOLITE","2070-TS2-1","G","65",,,,"ALL",,"GPS","FIBER",,"1242259200000",,,,,,,,,,,,"1974",,,"0",,"0","0","46",,,,"POINT (-122.462162121 37.766109923)","2024 May 28 03:15:57 PM","2024 May 28 03:15:57 PM","Inner Sunset","7"
"15531","25382000","GRANT","LOMBARD",,,"3",,"0","MESSAGE SIGN",,,"N/A","COIT TOWER",,,,"n.a.",,,,,,,,,,,,,,,,,"1998",,,"0",,"0","0","decide",,,,"POINT (-122.408145967 37.803432576)","2024 May 28 03:16:47 PM","2024 May 28 03:16:47 PM","North Beach","3"
"14716","23890000","06TH ST","BRANNAN",,"I-280 ON & OFF RAMPS","6",,"9041500","SIGNAL","MCCAIN","2070-TS2-1","MSF","75",,"YES-UPSTEALTH",,"ALL",,"GPS","FIBER",,"1018915200000",,,,,,,,,,,,"1957","280",,"25","X","75","0","05",,,"APS iNS 3WIRE CALTRANS APS (6)","POINT (-122.400981568 37.774808776)","2024 May 28 03:15:57 PM","2024 May 28 03:15:57 PM","Mission Bay","6"
"15794","25009000","CLAY","JOICE",,,"3",,"9278300","BEACON - RRFB","JSF","AB-9X07",,"BEACON",,,,"n.a.","YES",,,,,,,,,,,,,,,,"2014",,,"0",,"0","0",,,,,"POINT (-122.408720356 37.793956347)","2024 May 28 03:16:47 PM","2024 May 28 03:16:47 PM","Chinatown","3"
"15788","23219000","26TH AVE","SLOAT",,,"4",,"0","CALTRANS - HAWK",,,,"CALTRANS",,,,"ALL","YES",,,,,,,,,,,,,,,,"2018","35(b)","X","100",,"0","0","not ours",,,"APS HAWK","POINT (-122.482014082 37.734419841)","2024 May 28 03:16:47 PM","2024 May 28 03:16:47 PM","Sunset/Parkside","4"
"14472","33705000","LAKE MERCED","SOUTH STATE",,,"7",,"9457000","SIGNAL","PEEK","2070-TS2-1","G","39","MASTER",,"LOOPS","ALL",,"GPS",,,"1220400000000",,,,,,,,,,,,"1998",,,"0",,"0","0","44",,,,"POINT (-122.484632404 37.724870479)","2024 May 28 03:15:57 PM","2024 May 28 03:15:57 PM","Lakeshore","7"
"14782","26600000","SUTTER","WEBSTER",,,"5",,"9538500","SIGNAL","MCCAIN","2070-TS2-1","MSF","73",,,,"ALL",,"GPS",,,"1417651200000",,,,,,,,,,,,"1976",,,"0",,"0","0","74",,"CABINET/CONT","APS ENAV 2WIRE WEBSTER (8)","POINT (-122.431552025 37.786303962)","2024 May 28 03:15:57 PM","2024 May 28 03:15:57 PM","Japantown","5"
"14567","20659000","03RD ST","OAKDALE","VETAG",,"10",,"9024000","SIGNAL",,"2070-TS2-TYPE-1","2070-MSF-TS2-TYPE-1","28",,,,"ALL",,"GPS","FIBER","TSP","1101945600000",,,,,,,,,,,,"1948",,,"0",,"0","0","75",,,"APS 2WIRE PH1 (10)","POINT (-122.390693772 37.734797359)","2024 May 28 03:15:57 PM","2024 May 28 03:15:57 PM","Bayview Hunters Point","10"
"15008","25853000","MCCOPPIN","VALENCIA",,,"6",,"9485000","SIGNAL","MCCAIN","2070-TS2-1","G","21",,,,"ALL",,"GPS",,,"1392163200000",,,,,,,,,,,,"1955",,,"0",,"0","0","79",,,,"POINT (-122.422526345 37.771595104)","2024 May 28 03:15:57 PM","2024 May 28 03:15:57 PM","Mission","6"
"14747","26701000","BAY","POLK",,,"2",,"9194000","SIGNAL","MCCAIN","2070-TS2-1","MSF","11A",,,,"ALL",,"GPS",,,"1533168000000",,,,,,,,,,,,"1948",,,"0",,"0","0","03",,,"APS ENAV 4WIRE POLK STSCAPE (8)","POINT (-122.423466053 37.804354925)","2024 May 28 03:15:57 PM","2024 May 28 03:15:57 PM","Russian Hill","2"
"15728","9941000","OLYMPIA","MIDBLOCK",,"DELLBROOK (N)","7","DELLBROOK (S)","9506300","RADAR SPEED SIGN","SpeedCheck",,,"N/A",,,,"N.A.",,,,,,,,,,,,,,,,,"2016",,,"0",,"0","0",,,,,"POINT (-122.453655827 37.751207937)","2024 May 28 03:16:47 PM","2024 May 28 03:16:47 PM","Twin Peaks","7"
"14851","25973000","FILLMORE","TURK","OPTICOM",,"5",,"9352000","SIGNAL","MCCAIN","2070-TS2-1","MSF","71",,,,"ALL",,"GPS","PROXIM","TSP,FIRE PREEMPT","1404259200000",,,,,,,,,,,,"1955",,,"0",,"0","0","77",,,"FUTURE","POINT (-122.43214039 37.78049626)","2024 May 28 03:15:57 PM","2024 May 28 03:15:57 PM","Western Addition","5"
"15759","88970000","MCALLISTER","MIDBLOCK",,"GOUGH","5","LAGUNA","0","PENDING BEACON",,,,,,,,"n.a.",,,,,,,,,,,,,,,,,"0",,,"0",,"0","0",,,,,"POINT (-122.425208377 37.779462826)","2024 May 28 03:16:47 PM","2024 May 28 03:16:47 PM","Western Addition","5"
"14733","24293000","06TH ST","MISSION","OPTICOM",,"6",,"9044500","SIGNAL","MCCAIN","2070-TS2-1","MSF","75",,"YES-UPSTEALTH",,"ALL",,"GPS","PROXIM","TSP,FIRE PREEMPT","1063843200000",,,,,,,,,,,,"1956",,,"0",,"0","0","52",,,"APS iNS 3WIRE 6TH ST STREETSCAPE (8)","POINT (-122.408708673 37.780971183)","2024 May 28 03:15:57 PM","2024 May 28 03:15:57 PM","South of Market","6"
"15038","24414000","10TH ST","MISSION","OPTICOM",,"6",,"9067500","SIGNAL","ECONOLITE","2070-TS2-TYPE-1","2070-MSF-TS2-TYPE-1","16B",,"YES-UPSTEALTH",,"ALL",,"GPS","FIBER,PROXIM","TSP,FIRE PREEMPT","1045094400000",,,,,,,,,,,,"1948",,,"0",,"0","0","52",,,,"POINT (-122.415908179 37.775272061)","2024 May 28 03:15:57 PM","2024 May 28 03:15:57 PM","South of Market","6"
"15376","25302000","CLAY","POLK","OPTICOM",,"3",,"9279500","SIGNAL","MCCAIN","2070-TS2-1","MSF","78",,,,"ALL",,"GPS","PROXIM","TSP,FIRE PREEMPT","1280880000000",,,,,,,,,,,,"1974",,,"0",,"0","0","64",,,"APS ENAV 2WIRE POLK (8)","POINT (-122.421052874 37.792383253)","2024 May 28 03:15:57 PM","2024 May 28 03:15:57 PM","Russian Hill","3"
"14783","25215000","POST","VAN NESS","OPTICOM,TRANSIT BUTTON",,"2,3",,"9525000","SIGNAL","MCCAIN","2070-TS2-1","352i-ATC","49E",,,,"ALL",,"GPS","FIBER","TSP,FIRE PREEMPT,TRANSIT PREEMPT","1478908800000",,,,,,,,,,,,"1948","101(b)",,"50","X","50","0","80",,"CAB","APS iNS 2WIRE VAN NESS (8)","POINT (-122.421570115 37.786618961)","2024 May 28 03:15:57 PM","2024 May 28 03:15:57 PM","Western Addition","3"
"15830","8673201","MANSELL WB","MIDBLOCK",,"JOHN F SHELLEY DR EAST","9,10","JOHN F SHELLEY DR WEST","0","RADAR SPEED SIGN","SpeedCheck",,,"N/A",,,,"N.A.",,,,,,,,,,,,,,,,,"2020",,,"0",,"0","0",,,,,"POINT (-122.416368211 37.718292637)","2024 May 28 03:16:47 PM","2024 May 28 03:16:47 PM","McLaren Park","9"
"14836","25963000","GOUGH","TURK",,,"2,5",,"9409000","SIGNAL","MCCAIN","2070-TS2-1","MSF TALL","49","MASTER",,,"ALL",,"GPS","FIBER",,"1318291200000",,,,,,,,,,,,"1953",,,"0",,"0","0","35",,,"APS iNAV 3WIRE GOUGH (8)","POINT (-122.423917826 37.781535611)","2024 May 28 03:15:57 PM","2024 May 28 03:15:57 PM","Western Addition","2"
"14528","21329000","30TH ST","EUGENIA","OPTICOM","MISSION","9",,"9153500","SIGNAL","MCCAIN","2070-TS2-1","MSF","25",,,,"ALL",,"GPS","PROXIM","TSP,FIRE PREEMPT","1360800000000",,,,,,,,,,,,"1954",,,"0",,"0","0","54",,,,"POINT (-122.421968762 37.742375398)","2024 May 28 03:15:57 PM","2024 May 28 03:15:57 PM","Bernal Heights","9"
"15642","27365000","18TH AVE","JUDAH","VETAG",,"7",,"9096300","SIGNAL","MCCAIN","2070-TS2-1","MSF","36",,,,"ALL",,"GPS",,"TRANSIT PREEMPT","1472169600000",,,,,,,,,,,,"2016",,,"0",,"0","0","46",,,"APS ENAV 2WIRE TSI (8)","POINT (-122.475924093 37.761747152)","2024 May 28 03:16:47 PM","2024 May 28 03:16:47 PM","Inner Sunset","7"
"15636","24285000","06TH ST","MINNA",,,"6",,"9044300","SIGNAL","MCCAIN","2070-TS2-1","MSF","75",,,"WIRELESS","ALL","YES","GPS",,,"1414627200000",,,,,,,,,,,,"2014",,,"0",,"0","0","52",,,"APS 2WIRE CT61 (4); iNS 2WIRE 6TH ST STREETSCAPE (4)","POINT (-122.408160793 37.780535386)","2024 May 28 03:16:47 PM","2024 May 28 03:16:47 PM","South of Market","6"
"14410","24800000","BROADWAY","FRONT",,,"3",,"9211200","SIGNAL","MCCAIN","2070-TS2-1","G","07A",,,,"ALL",,"GPS",,,"1458777600000",,,,,,,,,,,,"2001",,,"0",,"0","0","06",,,,"POINT (-122.399873458 37.798729001)","2024 May 28 03:15:57 PM","2024 May 28 03:15:57 PM","Financial District/South Beach","3"
"15818","20650000","BURROWS","SAN BRUNO",,,"9",,"0","BEACON - RRFB","JSF","AB-9X07",,"BEACON",,,,"n.a.","YES",,,,,,,,,,,,,,,,"2019",,,"0",,"0","0","04",,,,"POINT (-122.404099703 37.728834999)","2024 May 28 03:16:47 PM","2024 May 28 03:16:47 PM","Portola","9"
"14860","30749000","12TH ST","FRANKLIN",,"MARKET","6","PAGE","9071000","SIGNAL","ECONOLITE","2070-TS2-1","MSF","21",,"YES-UPSTEALTH",,"ALL",,"GPS","12C,FIBER",,"1300320000000",,,,,,,,,,,,"1950",,,"0",,"0","0","49",,,"APS 4WIRE MARKET (16)","POINT (-122.420698774 37.774007806)","2024 May 28 03:15:57 PM","2024 May 28 03:15:57 PM","Mission","6"
"15627","23383000","SUNSET","ULLOA",,,"4",,"9536700","SIGNAL","MCCAIN","2070-TS2-1","MSF","37",,,,"ALL","YES","GPS",,"TSP-Planned","1387411200000",,,,,,,,,,,,"2013",,,"0",,"0","0","73",,,"APS ENAV 2WIRE SUNSET (10)","POINT (-122.494312597 37.740356324)","2024 May 28 03:16:47 PM","2024 May 28 03:16:47 PM","Sunset/Parkside","4"
"14748","26723000","BAY","FRANKLIN",,,"2",,"9190000","SIGNAL","MCCAIN","2070-TS2-1","MSF","11",,,,"ALL",,"GPS",,,"1381276800000",,,,,,,,,,,,"1956",,,"0",,"0","0","03",,,,"POINT (-122.426755543 37.803936418)","2024 May 28 03:15:57 PM","2024 May 28 03:15:57 PM","Marina","2"
"15532","20421000","GENEVA","SANTOS",,,"10",,"0","DALY CITY",,,"N/A","DALY CITY",,,,"ALL",,,,,,,,,,,,,,,,,"9999",,,"0",,"0","0","not ours",,,,"POINT (-122.420083066 37.708311266)","2024 May 28 03:16:47 PM","2024 May 28 03:16:47 PM",,
"15030","25871000","14TH ST","DOLORES",,,"8",,"9076000","SIGNAL","MCCAIN","2070-TS2-1","G","64",,,,"ALL",,"GPS",,,"1396396800000",,,,,,,,,,,,"1974",,,"0",,"0","0","19",,,,"POINT (-122.426693183 37.767869019)","2024 May 28 03:15:57 PM","2024 May 28 03:15:57 PM","Castro/Upper Market","8"
"15804","33560000","KEZAR","LINCOLN",,,"5,7",,"0","SIGNAL",,,,"66",,,,"PENDING",,,,"TSP-Planned",,,,,,,,,,,,,"0",,,"0",,"0","0","46",,,,"POINT (-122.459931488 37.766348841)","2024 May 28 03:16:47 PM","2024 May 28 03:16:47 PM","Golden Gate Park","7"
"15319","22524000","ARCH","BROTHERHOOD",,,"7,11",,"9170500","SIGNAL","EAGLE","2070-TS2-1","G","41","MASTER-GPS",,"LOOPS","ALL","YES","GPS",,,"1279065600000",,,,,,,,,,,,"1972",,,"0",,"0","0","01",,,,"POINT (-122.467072691 37.712421872)","2024 May 28 03:15:57 PM","2024 May 28 03:15:57 PM","Oceanview/Merced/Ingleside","11"
"15164","27542000","24TH AVE","GEARY","OPTICOM",,"1",,"9134500","SIGNAL","MCCAIN","2070-TS2-1","MSF","15",,,,"ALL",,"GPS","PROXIM","TSP,FIRE PREEMPT","1351382400000",,,,,,,,,,,,"1958",,,"0",,"0","0","31",,,,"POINT (-122.48366195 37.78014306)","2024 May 28 03:15:57 PM","2024 May 28 03:15:57 PM","Outer Richmond","1"
"14621","24968000","BUSH","JONES",,,"3",,"9233000","SIGNAL","ECONOLITE","2070-TS2-TYPE-1","2070-MSF-TS2-TYPE-1","78",,,,"ALL",,"GPS","FIBER,PROXIM",,"1080172800000",,,,,,,,,,,,"1949",,,"0",,"0","0","08",,,,"POINT (-122.413728389 37.789529317)","2024 May 28 03:15:57 PM","2024 May 28 03:15:57 PM","Nob Hill","3"
"15069","22449000","HERNANDEZ","WOODSIDE",,,"7",,"9428000","SIGNAL","ECONOLITE","2070-TS2-1","G","42","MASTER-GPS",,"WIRELESS","SOME PHASES","YES","GPS",,,"1294185600000",,,,,,,,,,,,"1970",,,"0",,"0","0","65",,,,"POINT (-122.455466733 37.746327981)","2024 May 28 03:15:57 PM","2024 May 28 03:15:57 PM","West of Twin Peaks","7"
"14544","22927000","VICENTE","WEST PORTAL","VETAG",,"7",,"9543000","SIGNAL","MCCAIN","2070-TS2-1","MSF","33",,,,"ALL",,"GPS","PROXIM","TSP","1448323200000",,,,,,,,,,,,"1996",,,"0",,"0","0","81",,,,"POINT (-122.466991014 37.7397235)","2024 May 28 03:15:57 PM","2024 May 28 03:15:57 PM","West of Twin Peaks","7"
"14500","21765000","MISSION","SILVER","OPTICOM",,"11",,"9490500","SIGNAL","EAGLE","2070-TS2-1","MSF","67","MASTER-GPS",,,"ALL",,"GPS","PROXIM","TSP,FIRE PREEMPT","1308182400000",,,,,,,,,,,,"1955",,,"0",,"0","0","54",,"TSP????",,"POINT (-122.431293843 37.728729548)","2024 May 28 03:15:57 PM","2024 May 28 03:15:57 PM","Excelsior","11"
"15574","23569000","18TH ST","ILLINOIS","VETAG",,"10",,"9099100","SIGNAL","MCCAIN","2070-TS2-1","MSF","28",,,"WIRELESS","ALL","YES","GPS",,"TRANSIT PREEMPT","1569542400000",,,,,,,,,,,,"2019",,,"0",,"0","0","85",,,"APS ENAV 2WIRE MISSION BAY LOOP (6)","POINT (-122.387794796 37.763107218)","2024 May 28 03:16:47 PM","2024 May 28 03:16:47 PM","Potrero Hill","10"
"15690","27560000","CALIFORNIA","COMMONWEALTH",,,"2",,"9243300","BEACON - RRFB","JSF","AB-9X07",,"BEACON",,,,"N.A.","YES",,,,,,,,,,,,,,,,"2018",,,"0",,"0","0",,,,,"POINT (-122.455865115 37.786104708)","2024 May 28 03:16:47 PM","2024 May 28 03:16:47 PM","Presidio Heights","2"
"15374","26538000","CLAY","FRANKLIN","OPTICOM",,"2",,"9277000","SIGNAL","MCCAIN","2070-TS2-1","MSF","49A",,,,"ALL",,"GPS","FIBER","FIRE PREEMPT","1389657600000",,,,,,,,,,,,"1964",,,"0",,"0","0","29",,,,"POINT (-122.424340517 37.791965369)","2024 May 28 03:15:57 PM","2024 May 28 03:15:57 PM","Pacific Heights","2"
"14550","23378000","SUNSET","VICENTE",,,"4",,"9537000","SIGNAL","MCCAIN","2070-TS2-1","MSF","37",,,,"ALL",,"GPS",,"TSP-Planned","1367884800000",,,,,,,,,,,,"1965",,,"0",,"0","0","73",,,"APS ENAV 4WIRE SUNSET PCS (8)","POINT (-122.494181399 37.738496453)","2024 May 28 03:15:57 PM","2024 May 28 03:15:57 PM","Sunset/Parkside","4"
"15045","24183000","16TH ST","VALENCIA",,,"9",,"9089500","SIGNAL","MCCAIN","2070-TS2-1","MSF","64",,,,"ALL",,"GPS",,,"1557792000000",,,,,,,,,,,,"1953",,,"0",,"0","0","79",,,"PENDING","POINT (-122.421886446 37.764917379)","2024 May 28 03:15:57 PM","2024 May 28 03:15:57 PM","Mission","9"
"15814","21405000","ATHENS","GENEVA","OPTICOM",,"11",,"0","SIGNAL","MCCAIN","2070-TS2-1","MSF65-ATC","30",,,"VIDEO (GRIDSMART)","ALL","YES","GPS","PROXIM","TSP,FIRE PREEMPT","1671667200000",,,,,,,,,,,,"2022",,,"0",,"0","0","33",,,"APS iNS 2WIRE GENEVA (8)","POINT (-122.434541126 37.713475947)","2024 May 28 03:16:47 PM","2024 May 28 03:16:47 PM","Excelsior","11"
"15553","27857000","34TH AVE","GEARY","OPTICOM",,"1",,"9155100","SIGNAL","ECONOLITE","2070-TS2-TYPE-1","MSF","69",,,,"ALL",,"GPS","PROXIM","TSP,FIRE PREEMPT","1106092800000",,,,,,,,,,,,"2005",,,"0",,"0","0","31",,,,"POINT (-122.49438066 37.779649715)","2024 May 28 03:16:47 PM","2024 May 28 03:16:47 PM","Outer Richmond","1"
"14492","22193000","HOWTH","OCEAN",,,"7,11",,"9431500","SIGNAL","EAGLE","2070-TS2-1","MSF","31",,,"VIDEO","ALL","YES","GPS","TWISTED PAIR,PROXIM","TSP-Planned","1046217600000",,,,,,,,,,,,"1970",,,"0",,"0","0","59",,,"APS ENAV 2WIRE CITYWIDE NEW APS (13)","POINT (-122.449558619 37.72296132)","2024 May 28 03:15:57 PM","2024 May 28 03:15:57 PM","West of Twin Peaks","11"
"15890","27808000","43RD AVE","LINCOLN (EB)",,,"4",,"0","RADAR SPEED SIGN","RU2 Systems","RU2 Fast 250",,"N/A",,,,"N.A.",,,,,,,,,,,,,,,,,"2023",,,"0",,"0","0",,,,,"POINT (-122.503075531 37.764271498)","2024 May 28 03:16:47 PM","2024 May 28 03:16:47 PM","Sunset/Parkside","4"
"14922","25335000","STOCKTON","VALLEJO","OPTICOM",,"3",,"9535500","SIGNAL","ECONOLITE","2070-TS2-1","G","07",,,,"ALL",,"GPS","PROXIM","TSP,FIRE PREEMPT","1313020800000",,,,,,,,,,,,"1975",,,"0",,"0","0","18",,,,"POINT (-122.408808129 37.798571324)","2024 May 28 03:15:57 PM","2024 May 28 03:15:57 PM","Chinatown","3"
"14683","24897000","EDDY","MASON","OPTICOM",,"3,5",,"9315000","SIGNAL","MCCAIN","2070-TS2-1","MSF","78",,,,"ALL",,"GPS","PROXIM","FIRE PREEMPT","1374105600000",,,,,,,,,,,,"1969",,,"0",,"0","0","20",,,,"POINT (-122.40930918 37.784349269)","2024 May 28 03:15:57 PM","2024 May 28 03:15:57 PM","Tenderloin","5"
"15137","27520000","25TH AVE","CABRILLO",,,"1",,"9141000","SIGNAL","EAGLE","2070-TS2-1","G","69",,,,"ALL",,"GPS",,"TSP-Planned","1270598400000",,,,,,,,,,,,"1959",,,"0",,"0","0","78",,,,"POINT (-122.48432594 37.774436663)","2024 May 28 03:15:57 PM","2024 May 28 03:15:57 PM","Outer Richmond","1"
"15780","23179000","17TH AVE","TARAVAL",,,"7",,"0","PENDING SIGNAL",,,,,,,,"PENDING",,,,,,,,,,,,,,,,,"0",,,"0",,"0","0","87",,,,"POINT (-122.473553425 37.743143592)","2024 May 28 03:16:47 PM","2024 May 28 03:16:47 PM","West of Twin Peaks","7"
"14678","24926000","ELLIS","TAYLOR",,,"5",,"9322000","SIGNAL","MCCAIN","2070-TS2-1","MSF","78",,,,"ALL",,"GPS",,,"1336608000000",,,,,,,,,,,,"1958",,,"0",,"0","0","21",,,,"POINT (-122.411139801 37.785074596)","2024 May 28 03:15:57 PM","2024 May 28 03:15:57 PM","Tenderloin","5"
"15871","26250000","CLARENDON","PALO ALTO",,,"7",,"0","PENDING BEACON",,,,,,,,,,,,,,,,,,,,,,,,,"0",,,"0",,"0","0",,,,,"POINT (-122.453769459 37.757467854)","2024 May 28 03:16:47 PM","2024 May 28 03:16:47 PM","Inner Sunset","7"
"15394","25178000","ELLIS","POLK",,,"5",,"9321000","SIGNAL","MCCAIN","2070-TS2-1","MSF","78",,,,"ALL",,"GPS",,,"1316563200000",,,,,,,,,,,,"1967",,,"0",,"0","0","64",,,"APS ENAV 2WIRE POLK (8)","POINT (-122.419364168 37.784029116)","2024 May 28 03:15:57 PM","2024 May 28 03:15:57 PM","Tenderloin","5"
"14640","24918000","POST","POWELL","OPTICOM",,"3",,"9522500","SIGNAL","EAGLE","2070-TS2-1","MSF","78",,,,"ALL",,"GPS","PROXIM","TSP,FIRE PREEMPT","1282089600000",,,,,,,,,,,,"1957",,,"0",,"0","0","66",,,"APS ENAV 4WIRE DPW PROW (8)","POINT (-122.40840155 37.788293194)","2024 May 28 03:15:57 PM","2024 May 28 03:15:57 PM","Financial District/South Beach","3"
"15236","26810000","BUSH","DIVISADERO",,,"2",,"9229500","SIGNAL","ECONOLITE","2070-TS2-TYPE-1","2070-MSF-TS2-TYPE-1","73","MASTER-GPS",,,"ALL",,"GPS",,,"1076371200000",,,,,,,,,,,"YES","1949",,,"0",,"0","0","09",,,,"POINT (-122.4400612 37.786179584)","2024 May 28 03:15:57 PM","2024 May 28 03:15:57 PM","Pacific Heights","2"
"14432","20231000","03RD ST","GALVEZ","VETAG",,"10",,"9016200","SIGNAL",,"2070-TS2-1","2070-MSF-TS2-TYPE-1","28",,,"VIDEO","ALL","YES","GPS","FIBER","TSP","1126742400000",,,,,,,,,,,,"2005",,,"0",,"0","0","75",,,,"POINT (-122.388475894 37.741107632)","2024 May 28 03:15:57 PM","2024 May 28 03:15:57 PM","Bayview Hunters Point","10"
"15673","34159000","03RD ST","MISSION BAY NORTH",,,"6",,"0","OTHER",,,,,,,,"n.a.",,,,,"1155772800000",,,,,,,,,,,,"2006",,,"0",,"0","0","75",,,,"POINT (-122.389457605 37.771114108)","2024 May 28 03:16:47 PM","2024 May 28 03:16:47 PM","Mission Bay","6"
"15492","21841000","30TH ST","DOLORES",,,"8",,"9153000","SIGNAL","MCCAIN","2070-TS2-1","G","ISOLATED",,,,"ALL",,"GPS",,,"1355356800000",,,,,,,,,,,,"1999",,,"0",,"0","0","19",,,,"POINT (-122.424233277 37.742236302)","2024 May 28 03:16:47 PM","2024 May 28 03:16:47 PM","Noe Valley","8"
"14654","24898000","MARKET","MASON",,"TURK","3,5,6",,"9473000","SIGNAL","MCCAIN","2070-TS2-1","MSF","01D",,,,"ALL",,"GPS","FIBER",,"1323820800000",,,,,,,,,,,,"1953",,,"0",,"0","0","50",,"X","APS 4WIRE MARKET (12)","POINT (-122.408952159 37.783287853)","2024 May 28 03:15:57 PM","2024 May 28 03:15:57 PM","South of Market","6"
"14557","20489000","03RD ST","CARROLL","VETAG",,"10",,"9014000","SIGNAL",,"2070-TS2-TYPE-1","2070-MSF-TS2-TYPE-1","28",,,"VIDEO","ALL","YES","GPS","FIBER","TSP,HEAVY RAIL PREEMPT","1118275200000",,,,,,,,,,,,"1949",,,"0",,"0","0","75",,,"APS 2WIRE PH1 (10)","POINT (-122.394243493 37.72547565)","2024 May 28 03:15:57 PM","2024 May 28 03:15:57 PM","Bayview Hunters Point","10"
"15205","26057000","DIVISADERO","FULTON","OPTICOM",,"5",,"9297500","SIGNAL","MCCAIN","2070-TS2-1","G","71",,,,"PENDING",,"GPS","WIRELESS","TSP,FIRE PREEMPT","1455753600000",,,,,,,,,,,,"1958",,,"0",,"0","0","30",,,"PENDING","POINT (-122.438177048 37.776855889)","2024 May 28 03:15:57 PM","2024 May 28 03:15:57 PM","Hayes Valley","5"
"14983","24022000","16TH ST","POTRERO","OPTICOM",,"6,9,10",,"9088000","SIGNAL","MCCAIN","2070-TS2-1","MSF","23",,,,"ALL",,"GPS","PROXIM","TSP-Planned,TSP,FIRE PREEMPT","1367020800000",,,,,,,,,,,,"1948",,,"0",,"0","0","67",,,"PENDING","POINT (-122.407534229 37.765783299)","2024 May 28 03:15:57 PM","2024 May 28 03:15:57 PM","Mission","9"
"15443","26379000","FULTON","MASONIC",,,"1,2,5",,"9376000","SIGNAL",,"2070-TS2-TYPE-1","G","16C",,,,"ALL",,"GPS","PROXIM","TSP-Planned","1231891200000",,,,,,,,,,,,"1953",,,"0",,"0","0","30",,,,"POINT (-122.44647083 37.775801592)","2024 May 28 03:16:47 PM","2024 May 28 03:16:47 PM","Lone Mountain/USF","5"
"14448","20816000","BAYSHORE","OAKDALE","OPTICOM",,"9,10",,"9199000","SIGNAL","EAGLE","2070-TS2-1","2070-MSF-TS2-TYPE-1","ISOLATED",,,"WIRELESS","ALL","YES","GPS",,"TSP,FIRE PREEMPT","1116460800000",,,,,,,,,,,,"1951",,,"0",,"0","0","04",,,,"POINT (-122.405242387 37.743051205)","2024 May 28 03:15:57 PM","2024 May 28 03:15:57 PM","Bernal Heights","10"
"14407","25002000","CALIFORNIA","POWELL",,,"3",,"9254000","FLASHER",,,"STD","FLASHER",,,,"n.a.",,,,,,,,,,,,,,,,,"1954",,,"0",,"0","0","10",,,,"POINT (-122.409171361 37.792042514)","2024 May 28 03:15:57 PM","2024 May 28 03:15:57 PM","Nob Hill","3"
"14945","24073000","25TH ST","MISSION","OPTICOM",,"9",,"9145000","SIGNAL","MCCAIN","2070-TS2-1","MSF65-ATC","64",,,,"ALL",,"GPS","PROXIM","TSP,FIRE PREEMPT","1193702400000",,,,,,,,,,,,"1954",,,"0",,"0","0","53",,,,"POINT (-122.41828787 37.75063965)","2024 May 28 03:15:57 PM","2024 May 28 03:15:57 PM","Mission","9"
"15263","23799000","03RD ST","KING","VETAG",,"6",,"0","SIGNAL","ECONOLITE","2070-TS2-TYPE-1","2070-MSF-TS2-TYPE-1","09",,"2003 CANDIDATE","LOOPS","ALL","No","GPS","FIBER","TSP,BRIDGE PREEMPT","1057622400000",,,,,,,,,,,,"1965",,,"0",,"0","0","23",,,"APS 2WIRE PCS2 (12)","POINT (-122.391840272 37.778125724)","2024 May 28 03:15:57 PM","2024 May 28 03:15:57 PM","Mission Bay","6"
"15552","52262000","GENEVA","I-280 S ON & OFF RAMPS",,,"11",,"0","CALTRANS",,,,"CALTRANS",,,,"ALL",,,,,,,,,,,,,,,,,"0","280","X","50",,"50","0","not ours",,,"PENDING","POINT (-122.448410656 37.721396862)","2024 May 28 03:16:47 PM","2024 May 28 03:16:47 PM","Oceanview/Merced/Ingleside","11"
"15188","26346000","ASHBURY","OAK",,,"5",,"9176500","SIGNAL","ECONOLITE","2070-TS2-TYPE-1","2070-MSF-TS2-TYPE-1","16",,,,"ALL",,"GPS","FIBER",,"1016496000000",,,,,,,,,,,,"1955",,,"0",,"0","0","58",,,,"POINT (-122.447312421 37.771877742)","2024 May 28 03:15:57 PM","2024 May 28 03:15:57 PM","Haight Ashbury","5"
"15477","12547101","EMBARCADERO","MIDBLOCK","VETAG","BRANNAN","6","TOWNSEND","9330500","SIGNAL","ECONOLITE","2070-TS2-1","2070-MSF-TS2-TYPE-1","09",,,"LOOPS","ALL","YES","GPS","FIBER","TSP","1134000000000",,,,,,,,,,,,"1996",,,"0",,"0","100","23",,,,"POINT (-122.388256826 37.783584669)","2024 May 28 03:16:47 PM","2024 May 28 03:16:47 PM","Financial District/South Beach","6"
"15864","20056000","ARELIOUS WALKER","INNIS",,,"10",,"0","PENDING BEACON",,,,,,,,,,,,,,,,,,,,,,,,,"0",,,"0",,"0","0",,,,,"POINT (-122.373890365 37.730936071)","2024 May 28 03:16:47 PM","2024 May 28 03:16:47 PM","Bayview Hunters Point","10"
"15855","14016000","TREASURE ISLAND","MIDBLOCK",,"CLIPPER COVE","6","TRADE WINDS","0","PENDING SIGNAL",,,,,,,,,,,,,,,,,,,,,,,,,"0",,,"0",,"0","0",,,,,"POINT (-122.371880743 37.816747904)","2024 May 28 03:16:47 PM","2024 May 28 03:16:47 PM","Treasure Island","6"
"15202","27216000","ANZA","STANYAN",,,"1,2",,"9169000","SIGNAL","MCCAIN","2070-TS2-1","G","44",,,,"PENDING",,"GPS",,,"1517443200000",,,,,,,,,,,,"1975",,,"0",,"0","0","72",,,"PENDING","POINT (-122.45584313 37.779941487)","2024 May 28 03:15:57 PM","2024 May 28 03:15:57 PM","Lone Mountain/USF","2"
"14437","20500000","03RD ST","SHAFTER","VETAG",,"10",,"9024700","SIGNAL",,"2070-TS2-TYPE-1","2070-MSF-TS2-TYPE-1","28",,,,"ALL",,"GPS","FIBER","TSP,ACTUATED TRANSIT PHASE","1116892800000",,,,,,,,,,,,"2005",,,"0",,"0","0","75",,,"APS 2WIRE PH1 (8)","POINT (-122.391797156 37.731643546)","2024 May 28 03:15:57 PM","2024 May 28 03:15:57 PM","Bayview Hunters Point","10"
"15823","22496000","BRIGHT","RANDOLPH",,,"11",,"0","BEACON - RRFB","JSF",,,"BEACON",,,,"n.a.","YES",,,,,,,,,,,,,,,,"2020",,,"0",,"0","0",,,,,"POINT (-122.463499698 37.71430078)","2024 May 28 03:16:47 PM","2024 May 28 03:16:47 PM","Oceanview/Merced/Ingleside","11"
"15755","23166000","23RD AVE","SLOAT",,,"4",,"0","CALTRANS - HAWK",,,,"CALTRANS",,,,"ALL","YES",,,,,,,,,,,,,,,,"2016","35(b)","X","100",,"0","0","not ours",,,"APS HAWK","POINT (-122.479459648 37.734532536)","2024 May 28 03:16:47 PM","2024 May 28 03:16:47 PM","Sunset/Parkside","4"
"15897","25867000","HAIGHT","LAGUNA",,,"5,8",,"0","OTHER - CONDUIT",,,,,,,,,,,,,,,,,,,,,,,,,"0",,,"0",,"0","0",,,,,"POINT (-122.42549884 37.772729368)","2024 May 28 03:16:47 PM","2024 May 28 03:16:47 PM","Hayes Valley","8"
"15156","27558000","28TH AVE","GEARY","OPTICOM",,"1",,"9149500","SIGNAL","EAGLE","2070-TS2-1","MSF","69",,,,"ALL",,"GPS","PROXIM","TSP,FIRE PREEMPT","1341705600000",,,,,,,,,,,,"1959",,,"0",,"0","0","31",,,,"POINT (-122.487945906 37.779947133)","2024 May 28 03:15:57 PM","2024 May 28 03:15:57 PM","Outer Richmond","1"
"15018","25698000","16TH ST","GUERRERO","OPTICOM",,"8,9",,"9086000","SIGNAL","MCCAIN","2070-TS2-1","MSF","64","MASTER-GPS",,,"ALL",,"GPS","12C,PROXIM","FIRE PREEMPT","1442966400000",,,,,,,,,,,,"1953",,,"0",,"0","0","37",,,"PENDING","POINT (-122.424102684 37.764783452)","2024 May 28 03:15:57 PM","2024 May 28 03:15:57 PM","Mission","8"
"15219","26849000","PRESIDIO","SACRAMENTO","OPTICOM",,"2",,"9527000","SIGNAL","MCCAIN","2070-TS2-1","MSF","ISOLATED",,,,"ALL",,"GPS","PROXIM","TSP,FIRE PREEMPT","1464652800000",,,,,,,,,,,,"1972",,,"0",,"0","0","11",,,,"POINT (-122.446974166 37.788186461)","2024 May 28 03:15:57 PM","2024 May 28 03:15:57 PM","Presidio Heights","2"
"14765","26727000","BAY","OCTAVIA",,,"2",,"9193500","SIGNAL","MCCAIN","2070-TS2-1","MSF","11",,,,"SOME PHASES",,"GPS",,,"1464220800000",,,,,,,,,,,,"1970",,,"0",,"0","0","03",,,,"POINT (-122.430044997 37.803517819)","2024 May 28 03:15:57 PM","2024 May 28 03:15:57 PM","Marina","2"
"14468","23077000","19TH AVE","EUCALYPTUS",,,"4,7",,"9103000","SIGNAL","ECONOLITE","2070-TS2-1","332","61",,,"LOOPS (BROKEN)","ALL","YES","GPS","FIBER",,,,,,,,,,,,,,"1946","1(a)",,"50","X","50","0","56",,,"APS ENAV 2WIRE 19thAV (8)","POINT (-122.474856604 37.731065754)","2024 May 28 03:15:57 PM","2024 May 28 03:15:57 PM","West of Twin Peaks","7"
"15095","27147000","09TH AVE","JUDAH","VETAG",,"7",,"9058500","SIGNAL","ECONOLITE","2070-TS2-TYPE-1","G","56",,,,"ALL",,"YES",,"TRANSIT PREEMPT","1211500800000",,,,,,,,,,,,"1954",,,"0",,"0","0","46",,,"APS 4WIRE PH2 (8)","POINT (-122.466180555 37.762175042)","2024 May 28 03:15:57 PM","2024 May 28 03:15:57 PM","Inner Sunset","7"
"15557","21142000","ALABAMA","CESAR CHAVEZ",,,"9",,"9159400","SIGNAL","ECONOLITE","2070-TS2-1","MSF","81",,,,"ALL",,"GPS",,,"1107820800000",,,,,,,,,,,,"2005",,,"0",,"0","0","14",,,,"POINT (-122.410546067 37.748316718)","2024 May 28 03:16:47 PM","2024 May 28 03:16:47 PM","Bernal Heights","9"
"14698","25170000","GEARY","LARKIN","OPTICOM",,"3,5",,"9382500","SIGNAL","ECONOLITE","2070-TS2-TYPE-1","2070-MSF-TS2-TYPE-1","78",,,,"ALL",,"GPS","PROXIM","TSP,FIRE PREEMPT","1115856000000",,,,,,,,,,,,"1948",,,"0",,"0","0","45",,,,"POINT (-122.418088098 37.78610104)","2024 May 28 03:15:57 PM","2024 May 28 03:15:57 PM","Tenderloin","3"
